split,capture_number,capture_id,uptime_ms,frame_width,frame_height,jpeg_bytes,source_image_path,dataset_image_path
train,1,run_000008_img_1,2338,2048,1536,137428,images/run_000008/shard_0001/run_000008_img_1.jpg,images/train/run_000008_img_1.jpg
train,2,run_000008_img_2,3818,2048,1536,138525,images/run_000008/shard_0001/run_000008_img_2.jpg,images/train/run_000008_img_2.jpg
train,3,run_000008_img_3,4406,2048,1536,134388,images/run_000008/shard_0001/run_000008_img_3.jpg,images/train/run_000008_img_3.jpg
train,4,run_000008_img_4,5340,2048,1536,133168,images/run_000008/shard_0001/run_000008_img_4.jpg,images/train/run_000008_img_4.jpg
train,5,run_000008_img_5,6341,2048,1536,132668,images/run_000008/shard_0001/run_000008_img_5.jpg,images/train/run_000008_img_5.jpg
train,6,run_000008_img_6,7340,2048,1536,134766,images/run_000008/shard_0001/run_000008_img_6.jpg,images/train/run_000008_img_6.jpg
train,7,run_000008_img_7,8338,2048,1536,136460,images/run_000008/shard_0001/run_000008_img_7.jpg,images/train/run_000008_img_7.jpg
train,8,run_000008_img_8,9338,2048,1536,136641,images/run_000008/shard_0001/run_000008_img_8.jpg,images/train/run_000008_img_8.jpg
train,9,run_000008_img_9,10339,2048,1536,136763,images/run_000008/shard_0001/run_000008_img_9.jpg,images/train/run_000008_img_9.jpg
train,10,run_000008_img_10,11340,2048,1536,136820,images/run_000008/shard_0001/run_000008_img_10.jpg,images/train/run_000008_img_10.jpg
train,11,run_000008_img_11,12338,2048,1536,136987,images/run_000008/shard_0001/run_000008_img_11.jpg,images/train/run_000008_img_11.jpg
train,12,run_000008_img_12,13340,2048,1536,136762,images/run_000008/shard_0001/run_000008_img_12.jpg,images/train/run_000008_img_12.jpg
train,13,run_000008_img_13,14340,2048,1536,136955,images/run_000008/shard_0001/run_000008_img_13.jpg,images/train/run_000008_img_13.jpg
train,14,run_000008_img_14,15337,2048,1536,136748,images/run_000008/shard_0001/run_000008_img_14.jpg,images/train/run_000008_img_14.jpg
train,15,run_000008_img_15,16341,2048,1536,136858,images/run_000008/shard_0001/run_000008_img_15.jpg,images/train/run_000008_img_15.jpg
train,16,run_000008_img_16,17339,2048,1536,136800,images/run_000008/shard_0001/run_000008_img_16.jpg,images/train/run_000008_img_16.jpg
train,17,run_000008_img_17,18337,2048,1536,136897,images/run_000008/shard_0001/run_000008_img_17.jpg,images/train/run_000008_img_17.jpg
train,18,run_000008_img_18,19340,2048,1536,136775,images/run_000008/shard_0001/run_000008_img_18.jpg,images/train/run_000008_img_18.jpg
train,19,run_000008_img_19,20337,2048,1536,136681,images/run_000008/shard_0001/run_000008_img_19.jpg,images/train/run_000008_img_19.jpg
train,20,run_000008_img_20,21338,2048,1536,136650,images/run_000008/shard_0001/run_000008_img_20.jpg,images/train/run_000008_img_20.jpg
train,21,run_000008_img_21,22340,2048,1536,136672,images/run_000008/shard_0001/run_000008_img_21.jpg,images/train/run_000008_img_21.jpg
train,22,run_000008_img_22,23339,2048,1536,136544,images/run_000008/shard_0001/run_000008_img_22.jpg,images/train/run_000008_img_22.jpg
train,23,run_000008_img_23,24551,2048,1536,136527,images/run_000008/shard_0001/run_000008_img_23.jpg,images/train/run_000008_img_23.jpg
train,24,run_000008_img_24,25360,2048,1536,136365,images/run_000008/shard_0001/run_000008_img_24.jpg,images/train/run_000008_img_24.jpg
train,25,run_000008_img_25,26341,2048,1536,136353,images/run_000008/shard_0001/run_000008_img_25.jpg,images/train/run_000008_img_25.jpg
train,26,run_000008_img_26,27342,2048,1536,136283,images/run_000008/shard_0001/run_000008_img_26.jpg,images/train/run_000008_img_26.jpg
train,27,run_000008_img_27,28338,2048,1536,136253,images/run_000008/shard_0001/run_000008_img_27.jpg,images/train/run_000008_img_27.jpg
train,28,run_000008_img_28,29340,2048,1536,136244,images/run_000008/shard_0001/run_000008_img_28.jpg,images/train/run_000008_img_28.jpg
train,29,run_000008_img_29,30337,2048,1536,135955,images/run_000008/shard_0001/run_000008_img_29.jpg,images/train/run_000008_img_29.jpg
train,30,run_000008_img_30,31339,2048,1536,135908,images/run_000008/shard_0001/run_000008_img_30.jpg,images/train/run_000008_img_30.jpg
train,31,run_000008_img_31,32340,2048,1536,135843,images/run_000008/shard_0001/run_000008_img_31.jpg,images/train/run_000008_img_31.jpg
train,32,run_000008_img_32,33339,2048,1536,135686,images/run_000008/shard_0001/run_000008_img_32.jpg,images/train/run_000008_img_32.jpg
train,33,run_000008_img_33,34340,2048,1536,135573,images/run_000008/shard_0001/run_000008_img_33.jpg,images/train/run_000008_img_33.jpg
train,34,run_000008_img_34,35338,2048,1536,135536,images/run_000008/shard_0001/run_000008_img_34.jpg,images/train/run_000008_img_34.jpg
train,35,run_000008_img_35,36342,2048,1536,135343,images/run_000008/shard_0001/run_000008_img_35.jpg,images/train/run_000008_img_35.jpg
train,36,run_000008_img_36,37338,2048,1536,135312,images/run_000008/shard_0001/run_000008_img_36.jpg,images/train/run_000008_img_36.jpg
train,37,run_000008_img_37,38339,2048,1536,135281,images/run_000008/shard_0001/run_000008_img_37.jpg,images/train/run_000008_img_37.jpg
train,38,run_000008_img_38,39337,2048,1536,134987,images/run_000008/shard_0001/run_000008_img_38.jpg,images/train/run_000008_img_38.jpg
train,39,run_000008_img_39,40337,2048,1536,134802,images/run_000008/shard_0001/run_000008_img_39.jpg,images/train/run_000008_img_39.jpg
train,40,run_000008_img_40,41340,2048,1536,134653,images/run_000008/shard_0001/run_000008_img_40.jpg,images/train/run_000008_img_40.jpg
train,41,run_000008_img_41,42339,2048,1536,134513,images/run_000008/shard_0001/run_000008_img_41.jpg,images/train/run_000008_img_41.jpg
train,42,run_000008_img_42,43339,2048,1536,134356,images/run_000008/shard_0001/run_000008_img_42.jpg,images/train/run_000008_img_42.jpg
train,43,run_000008_img_43,44338,2048,1536,134336,images/run_000008/shard_0001/run_000008_img_43.jpg,images/train/run_000008_img_43.jpg
train,44,run_000008_img_44,45339,2048,1536,134197,images/run_000008/shard_0001/run_000008_img_44.jpg,images/train/run_000008_img_44.jpg
train,45,run_000008_img_45,46583,2048,1536,134096,images/run_000008/shard_0001/run_000008_img_45.jpg,images/train/run_000008_img_45.jpg
train,46,run_000008_img_46,47842,2048,1536,133945,images/run_000008/shard_0001/run_000008_img_46.jpg,images/train/run_000008_img_46.jpg
train,47,run_000008_img_47,48562,2048,1536,133910,images/run_000008/shard_0001/run_000008_img_47.jpg,images/train/run_000008_img_47.jpg
train,48,run_000008_img_48,49338,2048,1536,133847,images/run_000008/shard_0001/run_000008_img_48.jpg,images/train/run_000008_img_48.jpg
train,49,run_000008_img_49,50341,2048,1536,133833,images/run_000008/shard_0001/run_000008_img_49.jpg,images/train/run_000008_img_49.jpg
train,50,run_000008_img_50,51340,2048,1536,133728,images/run_000008/shard_0001/run_000008_img_50.jpg,images/train/run_000008_img_50.jpg
train,51,run_000008_img_51,52341,2048,1536,133668,images/run_000008/shard_0001/run_000008_img_51.jpg,images/train/run_000008_img_51.jpg
train,52,run_000008_img_52,53337,2048,1536,133547,images/run_000008/shard_0001/run_000008_img_52.jpg,images/train/run_000008_img_52.jpg
train,53,run_000008_img_53,54341,2048,1536,133635,images/run_000008/shard_0001/run_000008_img_53.jpg,images/train/run_000008_img_53.jpg
train,54,run_000008_img_54,55341,2048,1536,133403,images/run_000008/shard_0001/run_000008_img_54.jpg,images/train/run_000008_img_54.jpg
train,55,run_000008_img_55,56341,2048,1536,133485,images/run_000008/shard_0001/run_000008_img_55.jpg,images/train/run_000008_img_55.jpg
train,56,run_000008_img_56,57339,2048,1536,133540,images/run_000008/shard_0001/run_000008_img_56.jpg,images/train/run_000008_img_56.jpg
train,57,run_000008_img_57,58340,2048,1536,133429,images/run_000008/shard_0001/run_000008_img_57.jpg,images/train/run_000008_img_57.jpg
train,58,run_000008_img_58,59338,2048,1536,133232,images/run_000008/shard_0001/run_000008_img_58.jpg,images/train/run_000008_img_58.jpg
train,59,run_000008_img_59,60341,2048,1536,133167,images/run_000008/shard_0001/run_000008_img_59.jpg,images/train/run_000008_img_59.jpg
train,60,run_000008_img_60,61337,2048,1536,133099,images/run_000008/shard_0001/run_000008_img_60.jpg,images/train/run_000008_img_60.jpg
train,61,run_000008_img_61,62337,2048,1536,133056,images/run_000008/shard_0001/run_000008_img_61.jpg,images/train/run_000008_img_61.jpg
train,62,run_000008_img_62,63339,2048,1536,132991,images/run_000008/shard_0001/run_000008_img_62.jpg,images/train/run_000008_img_62.jpg
train,63,run_000008_img_63,64338,2048,1536,132727,images/run_000008/shard_0001/run_000008_img_63.jpg,images/train/run_000008_img_63.jpg
train,64,run_000008_img_64,65337,2048,1536,132661,images/run_000008/shard_0001/run_000008_img_64.jpg,images/train/run_000008_img_64.jpg
train,65,run_000008_img_65,66341,2048,1536,132596,images/run_000008/shard_0001/run_000008_img_65.jpg,images/train/run_000008_img_65.jpg
train,66,run_000008_img_66,67337,2048,1536,132433,images/run_000008/shard_0001/run_000008_img_66.jpg,images/train/run_000008_img_66.jpg
train,67,run_000008_img_67,68340,2048,1536,132384,images/run_000008/shard_0001/run_000008_img_67.jpg,images/train/run_000008_img_67.jpg
train,68,run_000008_img_68,69339,2048,1536,132383,images/run_000008/shard_0001/run_000008_img_68.jpg,images/train/run_000008_img_68.jpg
train,69,run_000008_img_69,70338,2048,1536,132361,images/run_000008/shard_0001/run_000008_img_69.jpg,images/train/run_000008_img_69.jpg
train,70,run_000008_img_70,71338,2048,1536,132390,images/run_000008/shard_0001/run_000008_img_70.jpg,images/train/run_000008_img_70.jpg
train,71,run_000008_img_71,72663,2048,1536,132222,images/run_000008/shard_0001/run_000008_img_71.jpg,images/train/run_000008_img_71.jpg
train,72,run_000008_img_72,73473,2048,1536,132187,images/run_000008/shard_0001/run_000008_img_72.jpg,images/train/run_000008_img_72.jpg
train,73,run_000008_img_73,74338,2048,1536,132202,images/run_000008/shard_0001/run_000008_img_73.jpg,images/train/run_000008_img_73.jpg
train,74,run_000008_img_74,75337,2048,1536,132051,images/run_000008/shard_0001/run_000008_img_74.jpg,images/train/run_000008_img_74.jpg
train,75,run_000008_img_75,76341,2048,1536,132001,images/run_000008/shard_0001/run_000008_img_75.jpg,images/train/run_000008_img_75.jpg
train,76,run_000008_img_76,77341,2048,1536,131914,images/run_000008/shard_0001/run_000008_img_76.jpg,images/train/run_000008_img_76.jpg
train,77,run_000008_img_77,78338,2048,1536,131936,images/run_000008/shard_0001/run_000008_img_77.jpg,images/train/run_000008_img_77.jpg
train,78,run_000008_img_78,79340,2048,1536,131925,images/run_000008/shard_0001/run_000008_img_78.jpg,images/train/run_000008_img_78.jpg
train,79,run_000008_img_79,80340,2048,1536,131865,images/run_000008/shard_0001/run_000008_img_79.jpg,images/train/run_000008_img_79.jpg
train,80,run_000008_img_80,81337,2048,1536,131860,images/run_000008/shard_0001/run_000008_img_80.jpg,images/train/run_000008_img_80.jpg
train,81,run_000008_img_81,82339,2048,1536,131872,images/run_000008/shard_0001/run_000008_img_81.jpg,images/train/run_000008_img_81.jpg
train,82,run_000008_img_82,83337,2048,1536,131654,images/run_000008/shard_0001/run_000008_img_82.jpg,images/train/run_000008_img_82.jpg
train,83,run_000008_img_83,84339,2048,1536,131588,images/run_000008/shard_0001/run_000008_img_83.jpg,images/train/run_000008_img_83.jpg
train,84,run_000008_img_84,85340,2048,1536,131599,images/run_000008/shard_0001/run_000008_img_84.jpg,images/train/run_000008_img_84.jpg
train,85,run_000008_img_85,86339,2048,1536,131601,images/run_000008/shard_0001/run_000008_img_85.jpg,images/train/run_000008_img_85.jpg
train,86,run_000008_img_86,87340,2048,1536,131708,images/run_000008/shard_0001/run_000008_img_86.jpg,images/train/run_000008_img_86.jpg
train,87,run_000008_img_87,88339,2048,1536,131825,images/run_000008/shard_0001/run_000008_img_87.jpg,images/train/run_000008_img_87.jpg
train,88,run_000008_img_88,89340,2048,1536,131699,images/run_000008/shard_0001/run_000008_img_88.jpg,images/train/run_000008_img_88.jpg
train,89,run_000008_img_89,90340,2048,1536,131817,images/run_000008/shard_0001/run_000008_img_89.jpg,images/train/run_000008_img_89.jpg
train,90,run_000008_img_90,91337,2048,1536,131794,images/run_000008/shard_0001/run_000008_img_90.jpg,images/train/run_000008_img_90.jpg
train,91,run_000008_img_91,92340,2048,1536,131888,images/run_000008/shard_0001/run_000008_img_91.jpg,images/train/run_000008_img_91.jpg
train,92,run_000008_img_92,93340,2048,1536,131973,images/run_000008/shard_0001/run_000008_img_92.jpg,images/train/run_000008_img_92.jpg
train,93,run_000008_img_93,94340,2048,1536,132107,images/run_000008/shard_0001/run_000008_img_93.jpg,images/train/run_000008_img_93.jpg
train,94,run_000008_img_94,95775,2048,1536,132368,images/run_000008/shard_0001/run_000008_img_94.jpg,images/train/run_000008_img_94.jpg
train,95,run_000008_img_95,97304,2048,1536,132554,images/run_000008/shard_0001/run_000008_img_95.jpg,images/train/run_000008_img_95.jpg
train,96,run_000008_img_96,98203,2048,1536,132541,images/run_000008/shard_0001/run_000008_img_96.jpg,images/train/run_000008_img_96.jpg
train,97,run_000008_img_97,99642,2048,1536,132538,images/run_000008/shard_0001/run_000008_img_97.jpg,images/train/run_000008_img_97.jpg
train,98,run_000008_img_98,100566,2048,1536,132621,images/run_000008/shard_0001/run_000008_img_98.jpg,images/train/run_000008_img_98.jpg
train,99,run_000008_img_99,101568,2048,1536,132640,images/run_000008/shard_0001/run_000008_img_99.jpg,images/train/run_000008_img_99.jpg
train,100,run_000008_img_100,102568,2048,1536,132660,images/run_000008/shard_0001/run_000008_img_100.jpg,images/train/run_000008_img_100.jpg
train,101,run_000008_img_101,103973,2048,1536,132618,images/run_000008/shard_0002/run_000008_img_101.jpg,images/train/run_000008_img_101.jpg
train,102,run_000008_img_102,104858,2048,1536,132429,images/run_000008/shard_0002/run_000008_img_102.jpg,images/train/run_000008_img_102.jpg
train,103,run_000008_img_103,105569,2048,1536,132423,images/run_000008/shard_0002/run_000008_img_103.jpg,images/train/run_000008_img_103.jpg
train,104,run_000008_img_104,106567,2048,1536,132463,images/run_000008/shard_0002/run_000008_img_104.jpg,images/train/run_000008_img_104.jpg
train,105,run_000008_img_105,107567,2048,1536,132393,images/run_000008/shard_0002/run_000008_img_105.jpg,images/train/run_000008_img_105.jpg
train,106,run_000008_img_106,108569,2048,1536,132244,images/run_000008/shard_0002/run_000008_img_106.jpg,images/train/run_000008_img_106.jpg
train,107,run_000008_img_107,109568,2048,1536,132279,images/run_000008/shard_0002/run_000008_img_107.jpg,images/train/run_000008_img_107.jpg
train,108,run_000008_img_108,110565,2048,1536,132301,images/run_000008/shard_0002/run_000008_img_108.jpg,images/train/run_000008_img_108.jpg
train,109,run_000008_img_109,111570,2048,1536,132282,images/run_000008/shard_0002/run_000008_img_109.jpg,images/train/run_000008_img_109.jpg
train,110,run_000008_img_110,112673,2048,1536,132327,images/run_000008/shard_0002/run_000008_img_110.jpg,images/train/run_000008_img_110.jpg
train,111,run_000008_img_111,113569,2048,1536,132322,images/run_000008/shard_0002/run_000008_img_111.jpg,images/train/run_000008_img_111.jpg
train,112,run_000008_img_112,114565,2048,1536,132356,images/run_000008/shard_0002/run_000008_img_112.jpg,images/train/run_000008_img_112.jpg
train,113,run_000008_img_113,115566,2048,1536,132460,images/run_000008/shard_0002/run_000008_img_113.jpg,images/train/run_000008_img_113.jpg
train,114,run_000008_img_114,116566,2048,1536,132768,images/run_000008/shard_0002/run_000008_img_114.jpg,images/train/run_000008_img_114.jpg
train,115,run_000008_img_115,117569,2048,1536,132945,images/run_000008/shard_0002/run_000008_img_115.jpg,images/train/run_000008_img_115.jpg
train,116,run_000008_img_116,118565,2048,1536,132743,images/run_000008/shard_0002/run_000008_img_116.jpg,images/train/run_000008_img_116.jpg
train,117,run_000008_img_117,119565,2048,1536,133102,images/run_000008/shard_0002/run_000008_img_117.jpg,images/train/run_000008_img_117.jpg
train,118,run_000008_img_118,120570,2048,1536,133126,images/run_000008/shard_0002/run_000008_img_118.jpg,images/train/run_000008_img_118.jpg
train,119,run_000008_img_119,121568,2048,1536,133507,images/run_000008/shard_0002/run_000008_img_119.jpg,images/train/run_000008_img_119.jpg
train,120,run_000008_img_120,122569,2048,1536,133751,images/run_000008/shard_0002/run_000008_img_120.jpg,images/train/run_000008_img_120.jpg
train,121,run_000008_img_121,123568,2048,1536,133979,images/run_000008/shard_0002/run_000008_img_121.jpg,images/train/run_000008_img_121.jpg
train,122,run_000008_img_122,124567,2048,1536,134148,images/run_000008/shard_0002/run_000008_img_122.jpg,images/train/run_000008_img_122.jpg
train,123,run_000008_img_123,125566,2048,1536,134226,images/run_000008/shard_0002/run_000008_img_123.jpg,images/train/run_000008_img_123.jpg
train,124,run_000008_img_124,126569,2048,1536,134417,images/run_000008/shard_0002/run_000008_img_124.jpg,images/train/run_000008_img_124.jpg
train,125,run_000008_img_125,127565,2048,1536,134800,images/run_000008/shard_0002/run_000008_img_125.jpg,images/train/run_000008_img_125.jpg
train,126,run_000008_img_126,128601,2048,1536,130978,images/run_000008/shard_0002/run_000008_img_126.jpg,images/train/run_000008_img_126.jpg
train,127,run_000008_img_127,129566,2048,1536,131305,images/run_000008/shard_0002/run_000008_img_127.jpg,images/train/run_000008_img_127.jpg
train,128,run_000008_img_128,130565,2048,1536,132328,images/run_000008/shard_0002/run_000008_img_128.jpg,images/train/run_000008_img_128.jpg
train,129,run_000008_img_129,131567,2048,1536,134021,images/run_000008/shard_0002/run_000008_img_129.jpg,images/train/run_000008_img_129.jpg
train,130,run_000008_img_130,132566,2048,1536,133972,images/run_000008/shard_0002/run_000008_img_130.jpg,images/train/run_000008_img_130.jpg
train,131,run_000008_img_131,133569,2048,1536,134264,images/run_000008/shard_0002/run_000008_img_131.jpg,images/train/run_000008_img_131.jpg
train,132,run_000008_img_132,134569,2048,1536,133904,images/run_000008/shard_0002/run_000008_img_132.jpg,images/train/run_000008_img_132.jpg
train,133,run_000008_img_133,135566,2048,1536,133372,images/run_000008/shard_0002/run_000008_img_133.jpg,images/train/run_000008_img_133.jpg
train,134,run_000008_img_134,136569,2048,1536,132993,images/run_000008/shard_0002/run_000008_img_134.jpg,images/train/run_000008_img_134.jpg
train,135,run_000008_img_135,137568,2048,1536,132566,images/run_000008/shard_0002/run_000008_img_135.jpg,images/train/run_000008_img_135.jpg
train,136,run_000008_img_136,138569,2048,1536,132644,images/run_000008/shard_0002/run_000008_img_136.jpg,images/train/run_000008_img_136.jpg
train,137,run_000008_img_137,139569,2048,1536,132387,images/run_000008/shard_0002/run_000008_img_137.jpg,images/train/run_000008_img_137.jpg
train,138,run_000008_img_138,140565,2048,1536,132066,images/run_000008/shard_0002/run_000008_img_138.jpg,images/train/run_000008_img_138.jpg
train,139,run_000008_img_139,141566,2048,1536,132176,images/run_000008/shard_0002/run_000008_img_139.jpg,images/train/run_000008_img_139.jpg
train,140,run_000008_img_140,142566,2048,1536,132319,images/run_000008/shard_0002/run_000008_img_140.jpg,images/train/run_000008_img_140.jpg
train,141,run_000008_img_141,143568,2048,1536,133005,images/run_000008/shard_0002/run_000008_img_141.jpg,images/train/run_000008_img_141.jpg
train,142,run_000008_img_142,144566,2048,1536,133456,images/run_000008/shard_0002/run_000008_img_142.jpg,images/train/run_000008_img_142.jpg
train,143,run_000008_img_143,145686,2048,1536,133358,images/run_000008/shard_0002/run_000008_img_143.jpg,images/train/run_000008_img_143.jpg
train,144,run_000008_img_144,146566,2048,1536,133113,images/run_000008/shard_0002/run_000008_img_144.jpg,images/train/run_000008_img_144.jpg
train,145,run_000008_img_145,147567,2048,1536,132821,images/run_000008/shard_0002/run_000008_img_145.jpg,images/train/run_000008_img_145.jpg
train,146,run_000008_img_146,148567,2048,1536,132198,images/run_000008/shard_0002/run_000008_img_146.jpg,images/train/run_000008_img_146.jpg
train,147,run_000008_img_147,149823,2048,1536,131736,images/run_000008/shard_0002/run_000008_img_147.jpg,images/train/run_000008_img_147.jpg
train,148,run_000008_img_148,151172,2048,1536,131629,images/run_000008/shard_0002/run_000008_img_148.jpg,images/train/run_000008_img_148.jpg
train,149,run_000008_img_149,151891,2048,1536,131557,images/run_000008/shard_0002/run_000008_img_149.jpg,images/train/run_000008_img_149.jpg
train,150,run_000008_img_150,152611,2048,1536,131518,images/run_000008/shard_0002/run_000008_img_150.jpg,images/train/run_000008_img_150.jpg
train,151,run_000008_img_151,153568,2048,1536,131285,images/run_000008/shard_0002/run_000008_img_151.jpg,images/train/run_000008_img_151.jpg
train,152,run_000008_img_152,154568,2048,1536,131332,images/run_000008/shard_0002/run_000008_img_152.jpg,images/train/run_000008_img_152.jpg
train,153,run_000008_img_153,155569,2048,1536,131354,images/run_000008/shard_0002/run_000008_img_153.jpg,images/train/run_000008_img_153.jpg
train,154,run_000008_img_154,156568,2048,1536,131359,images/run_000008/shard_0002/run_000008_img_154.jpg,images/train/run_000008_img_154.jpg
train,155,run_000008_img_155,157567,2048,1536,131899,images/run_000008/shard_0002/run_000008_img_155.jpg,images/train/run_000008_img_155.jpg
train,156,run_000008_img_156,158565,2048,1536,132970,images/run_000008/shard_0002/run_000008_img_156.jpg,images/train/run_000008_img_156.jpg
train,157,run_000008_img_157,159568,2048,1536,131354,images/run_000008/shard_0002/run_000008_img_157.jpg,images/train/run_000008_img_157.jpg
train,158,run_000008_img_158,160568,2048,1536,130302,images/run_000008/shard_0002/run_000008_img_158.jpg,images/train/run_000008_img_158.jpg
train,159,run_000008_img_159,161569,2048,1536,129257,images/run_000008/shard_0002/run_000008_img_159.jpg,images/train/run_000008_img_159.jpg
train,160,run_000008_img_160,162568,2048,1536,128909,images/run_000008/shard_0002/run_000008_img_160.jpg,images/train/run_000008_img_160.jpg
train,161,run_000008_img_161,163567,2048,1536,130093,images/run_000008/shard_0002/run_000008_img_161.jpg,images/train/run_000008_img_161.jpg
train,162,run_000008_img_162,164568,2048,1536,129880,images/run_000008/shard_0002/run_000008_img_162.jpg,images/train/run_000008_img_162.jpg
train,163,run_000008_img_163,165566,2048,1536,129676,images/run_000008/shard_0002/run_000008_img_163.jpg,images/train/run_000008_img_163.jpg
train,164,run_000008_img_164,166569,2048,1536,129861,images/run_000008/shard_0002/run_000008_img_164.jpg,images/train/run_000008_img_164.jpg
train,165,run_000008_img_165,167567,2048,1536,129979,images/run_000008/shard_0002/run_000008_img_165.jpg,images/train/run_000008_img_165.jpg
train,166,run_000008_img_166,168568,2048,1536,130107,images/run_000008/shard_0002/run_000008_img_166.jpg,images/train/run_000008_img_166.jpg
train,167,run_000008_img_167,169566,2048,1536,130294,images/run_000008/shard_0002/run_000008_img_167.jpg,images/train/run_000008_img_167.jpg
train,168,run_000008_img_168,170568,2048,1536,130878,images/run_000008/shard_0002/run_000008_img_168.jpg,images/train/run_000008_img_168.jpg
train,169,run_000008_img_169,171565,2048,1536,131549,images/run_000008/shard_0002/run_000008_img_169.jpg,images/train/run_000008_img_169.jpg
train,170,run_000008_img_170,172568,2048,1536,131774,images/run_000008/shard_0002/run_000008_img_170.jpg,images/train/run_000008_img_170.jpg
train,171,run_000008_img_171,173565,2048,1536,131940,images/run_000008/shard_0002/run_000008_img_171.jpg,images/train/run_000008_img_171.jpg
train,172,run_000008_img_172,174855,2048,1536,130585,images/run_000008/shard_0002/run_000008_img_172.jpg,images/train/run_000008_img_172.jpg
train,173,run_000008_img_173,175723,2048,1536,130126,images/run_000008/shard_0002/run_000008_img_173.jpg,images/train/run_000008_img_173.jpg
train,174,run_000008_img_174,176565,2048,1536,129795,images/run_000008/shard_0002/run_000008_img_174.jpg,images/train/run_000008_img_174.jpg
train,175,run_000008_img_175,177566,2048,1536,129260,images/run_000008/shard_0002/run_000008_img_175.jpg,images/train/run_000008_img_175.jpg
train,176,run_000008_img_176,178568,2048,1536,130636,images/run_000008/shard_0002/run_000008_img_176.jpg,images/train/run_000008_img_176.jpg
train,177,run_000008_img_177,179878,2048,1536,130046,images/run_000008/shard_0002/run_000008_img_177.jpg,images/train/run_000008_img_177.jpg
train,178,run_000008_img_178,180759,2048,1536,129983,images/run_000008/shard_0002/run_000008_img_178.jpg,images/train/run_000008_img_178.jpg
train,179,run_000008_img_179,181658,2048,1536,129718,images/run_000008/shard_0002/run_000008_img_179.jpg,images/train/run_000008_img_179.jpg
train,180,run_000008_img_180,182567,2048,1536,129735,images/run_000008/shard_0002/run_000008_img_180.jpg,images/train/run_000008_img_180.jpg
train,181,run_000008_img_181,183568,2048,1536,129700,images/run_000008/shard_0002/run_000008_img_181.jpg,images/train/run_000008_img_181.jpg
train,182,run_000008_img_182,184567,2048,1536,129750,images/run_000008/shard_0002/run_000008_img_182.jpg,images/train/run_000008_img_182.jpg
train,183,run_000008_img_183,185567,2048,1536,129484,images/run_000008/shard_0002/run_000008_img_183.jpg,images/train/run_000008_img_183.jpg
train,184,run_000008_img_184,186569,2048,1536,129539,images/run_000008/shard_0002/run_000008_img_184.jpg,images/train/run_000008_img_184.jpg
train,185,run_000008_img_185,187569,2048,1536,129577,images/run_000008/shard_0002/run_000008_img_185.jpg,images/train/run_000008_img_185.jpg
train,186,run_000008_img_186,188565,2048,1536,129574,images/run_000008/shard_0002/run_000008_img_186.jpg,images/train/run_000008_img_186.jpg
train,187,run_000008_img_187,189569,2048,1536,129396,images/run_000008/shard_0002/run_000008_img_187.jpg,images/train/run_000008_img_187.jpg
train,188,run_000008_img_188,190568,2048,1536,129402,images/run_000008/shard_0002/run_000008_img_188.jpg,images/train/run_000008_img_188.jpg
train,189,run_000008_img_189,191569,2048,1536,129263,images/run_000008/shard_0002/run_000008_img_189.jpg,images/train/run_000008_img_189.jpg
train,190,run_000008_img_190,192567,2048,1536,129203,images/run_000008/shard_0002/run_000008_img_190.jpg,images/train/run_000008_img_190.jpg
train,191,run_000008_img_191,193565,2048,1536,129240,images/run_000008/shard_0002/run_000008_img_191.jpg,images/train/run_000008_img_191.jpg
train,192,run_000008_img_192,194567,2048,1536,129095,images/run_000008/shard_0002/run_000008_img_192.jpg,images/train/run_000008_img_192.jpg
train,193,run_000008_img_193,195568,2048,1536,128921,images/run_000008/shard_0002/run_000008_img_193.jpg,images/train/run_000008_img_193.jpg
train,194,run_000008_img_194,196569,2048,1536,128990,images/run_000008/shard_0002/run_000008_img_194.jpg,images/train/run_000008_img_194.jpg
train,195,run_000008_img_195,198025,2048,1536,128946,images/run_000008/shard_0002/run_000008_img_195.jpg,images/train/run_000008_img_195.jpg
train,196,run_000008_img_196,199015,2048,1536,128915,images/run_000008/shard_0002/run_000008_img_196.jpg,images/train/run_000008_img_196.jpg
train,197,run_000008_img_197,200004,2048,1536,128953,images/run_000008/shard_0002/run_000008_img_197.jpg,images/train/run_000008_img_197.jpg
train,198,run_000008_img_198,200993,2048,1536,129040,images/run_000008/shard_0002/run_000008_img_198.jpg,images/train/run_000008_img_198.jpg
train,199,run_000008_img_199,201982,2048,1536,128992,images/run_000008/shard_0002/run_000008_img_199.jpg,images/train/run_000008_img_199.jpg
train,200,run_000008_img_200,202971,2048,1536,128890,images/run_000008/shard_0002/run_000008_img_200.jpg,images/train/run_000008_img_200.jpg
train,201,run_000008_img_201,204462,2048,1536,128873,images/run_000008/shard_0003/run_000008_img_201.jpg,images/train/run_000008_img_201.jpg
train,202,run_000008_img_202,205310,2048,1536,129132,images/run_000008/shard_0003/run_000008_img_202.jpg,images/train/run_000008_img_202.jpg
train,203,run_000008_img_203,205849,2048,1536,129365,images/run_000008/shard_0003/run_000008_img_203.jpg,images/train/run_000008_img_203.jpg
train,204,run_000008_img_204,206569,2048,1536,129496,images/run_000008/shard_0003/run_000008_img_204.jpg,images/train/run_000008_img_204.jpg
train,205,run_000008_img_205,207566,2048,1536,129811,images/run_000008/shard_0003/run_000008_img_205.jpg,images/train/run_000008_img_205.jpg
train,206,run_000008_img_206,208566,2048,1536,130096,images/run_000008/shard_0003/run_000008_img_206.jpg,images/train/run_000008_img_206.jpg
train,207,run_000008_img_207,209568,2048,1536,130511,images/run_000008/shard_0003/run_000008_img_207.jpg,images/train/run_000008_img_207.jpg
train,208,run_000008_img_208,210567,2048,1536,130669,images/run_000008/shard_0003/run_000008_img_208.jpg,images/train/run_000008_img_208.jpg
train,209,run_000008_img_209,211566,2048,1536,130844,images/run_000008/shard_0003/run_000008_img_209.jpg,images/train/run_000008_img_209.jpg
train,210,run_000008_img_210,212568,2048,1536,131032,images/run_000008/shard_0003/run_000008_img_210.jpg,images/train/run_000008_img_210.jpg
train,211,run_000008_img_211,213569,2048,1536,131319,images/run_000008/shard_0003/run_000008_img_211.jpg,images/train/run_000008_img_211.jpg
train,212,run_000008_img_212,214565,2048,1536,131641,images/run_000008/shard_0003/run_000008_img_212.jpg,images/train/run_000008_img_212.jpg
train,213,run_000008_img_213,215568,2048,1536,132220,images/run_000008/shard_0003/run_000008_img_213.jpg,images/train/run_000008_img_213.jpg
train,214,run_000008_img_214,216567,2048,1536,133228,images/run_000008/shard_0003/run_000008_img_214.jpg,images/train/run_000008_img_214.jpg
train,215,run_000008_img_215,217565,2048,1536,134428,images/run_000008/shard_0003/run_000008_img_215.jpg,images/train/run_000008_img_215.jpg
train,216,run_000008_img_216,218565,2048,1536,132547,images/run_000008/shard_0003/run_000008_img_216.jpg,images/train/run_000008_img_216.jpg
train,217,run_000008_img_217,219568,2048,1536,137807,images/run_000008/shard_0003/run_000008_img_217.jpg,images/train/run_000008_img_217.jpg
train,218,run_000008_img_218,220567,2048,1536,133944,images/run_000008/shard_0003/run_000008_img_218.jpg,images/train/run_000008_img_218.jpg
train,219,run_000008_img_219,221566,2048,1536,134431,images/run_000008/shard_0003/run_000008_img_219.jpg,images/train/run_000008_img_219.jpg
train,220,run_000008_img_220,222567,2048,1536,137219,images/run_000008/shard_0003/run_000008_img_220.jpg,images/train/run_000008_img_220.jpg
train,221,run_000008_img_221,223568,2048,1536,137023,images/run_000008/shard_0003/run_000008_img_221.jpg,images/train/run_000008_img_221.jpg
train,222,run_000008_img_222,224566,2048,1536,138600,images/run_000008/shard_0003/run_000008_img_222.jpg,images/train/run_000008_img_222.jpg
train,223,run_000008_img_223,225565,2048,1536,132418,images/run_000008/shard_0003/run_000008_img_223.jpg,images/train/run_000008_img_223.jpg
train,224,run_000008_img_224,226568,2048,1536,131179,images/run_000008/shard_0003/run_000008_img_224.jpg,images/train/run_000008_img_224.jpg
train,225,run_000008_img_225,227568,2048,1536,131574,images/run_000008/shard_0003/run_000008_img_225.jpg,images/train/run_000008_img_225.jpg
train,226,run_000008_img_226,228567,2048,1536,132245,images/run_000008/shard_0003/run_000008_img_226.jpg,images/train/run_000008_img_226.jpg
train,227,run_000008_img_227,229566,2048,1536,132619,images/run_000008/shard_0003/run_000008_img_227.jpg,images/train/run_000008_img_227.jpg
train,228,run_000008_img_228,230566,2048,1536,133625,images/run_000008/shard_0003/run_000008_img_228.jpg,images/train/run_000008_img_228.jpg
train,229,run_000008_img_229,231568,2048,1536,137455,images/run_000008/shard_0003/run_000008_img_229.jpg,images/train/run_000008_img_229.jpg
train,230,run_000008_img_230,232570,2048,1536,140431,images/run_000008/shard_0003/run_000008_img_230.jpg,images/train/run_000008_img_230.jpg
train,231,run_000008_img_231,233568,2048,1536,137297,images/run_000008/shard_0003/run_000008_img_231.jpg,images/train/run_000008_img_231.jpg
train,232,run_000008_img_232,234807,2048,1536,135653,images/run_000008/shard_0003/run_000008_img_232.jpg,images/train/run_000008_img_232.jpg
train,233,run_000008_img_233,235570,2048,1536,133265,images/run_000008/shard_0003/run_000008_img_233.jpg,images/train/run_000008_img_233.jpg
train,234,run_000008_img_234,236566,2048,1536,131785,images/run_000008/shard_0003/run_000008_img_234.jpg,images/train/run_000008_img_234.jpg
train,235,run_000008_img_235,237566,2048,1536,131521,images/run_000008/shard_0003/run_000008_img_235.jpg,images/train/run_000008_img_235.jpg
train,236,run_000008_img_236,238569,2048,1536,130972,images/run_000008/shard_0003/run_000008_img_236.jpg,images/train/run_000008_img_236.jpg
train,237,run_000008_img_237,239568,2048,1536,130751,images/run_000008/shard_0003/run_000008_img_237.jpg,images/train/run_000008_img_237.jpg
train,238,run_000008_img_238,240567,2048,1536,130150,images/run_000008/shard_0003/run_000008_img_238.jpg,images/train/run_000008_img_238.jpg
train,239,run_000008_img_239,241567,2048,1536,129787,images/run_000008/shard_0003/run_000008_img_239.jpg,images/train/run_000008_img_239.jpg
train,240,run_000008_img_240,242567,2048,1536,129908,images/run_000008/shard_0003/run_000008_img_240.jpg,images/train/run_000008_img_240.jpg
train,241,run_000008_img_241,243566,2048,1536,130322,images/run_000008/shard_0003/run_000008_img_241.jpg,images/train/run_000008_img_241.jpg
train,242,run_000008_img_242,244567,2048,1536,129183,images/run_000008/shard_0003/run_000008_img_242.jpg,images/train/run_000008_img_242.jpg
train,243,run_000008_img_243,245570,2048,1536,130180,images/run_000008/shard_0003/run_000008_img_243.jpg,images/train/run_000008_img_243.jpg
train,244,run_000008_img_244,246569,2048,1536,129333,images/run_000008/shard_0003/run_000008_img_244.jpg,images/train/run_000008_img_244.jpg
train,245,run_000008_img_245,247568,2048,1536,129049,images/run_000008/shard_0003/run_000008_img_245.jpg,images/train/run_000008_img_245.jpg
train,246,run_000008_img_246,248565,2048,1536,128740,images/run_000008/shard_0003/run_000008_img_246.jpg,images/train/run_000008_img_246.jpg
train,247,run_000008_img_247,249567,2048,1536,128571,images/run_000008/shard_0003/run_000008_img_247.jpg,images/train/run_000008_img_247.jpg
train,248,run_000008_img_248,250567,2048,1536,130155,images/run_000008/shard_0003/run_000008_img_248.jpg,images/train/run_000008_img_248.jpg
train,249,run_000008_img_249,251569,2048,1536,129780,images/run_000008/shard_0003/run_000008_img_249.jpg,images/train/run_000008_img_249.jpg
train,250,run_000008_img_250,252569,2048,1536,129775,images/run_000008/shard_0003/run_000008_img_250.jpg,images/train/run_000008_img_250.jpg
train,251,run_000008_img_251,253566,2048,1536,129763,images/run_000008/shard_0003/run_000008_img_251.jpg,images/train/run_000008_img_251.jpg
train,252,run_000008_img_252,254567,2048,1536,129564,images/run_000008/shard_0003/run_000008_img_252.jpg,images/train/run_000008_img_252.jpg
train,253,run_000008_img_253,255565,2048,1536,129554,images/run_000008/shard_0003/run_000008_img_253.jpg,images/train/run_000008_img_253.jpg
train,254,run_000008_img_254,256568,2048,1536,129507,images/run_000008/shard_0003/run_000008_img_254.jpg,images/train/run_000008_img_254.jpg
train,255,run_000008_img_255,257569,2048,1536,129477,images/run_000008/shard_0003/run_000008_img_255.jpg,images/train/run_000008_img_255.jpg
train,256,run_000008_img_256,258567,2048,1536,129348,images/run_000008/shard_0003/run_000008_img_256.jpg,images/train/run_000008_img_256.jpg
train,257,run_000008_img_257,259569,2048,1536,129629,images/run_000008/shard_0003/run_000008_img_257.jpg,images/train/run_000008_img_257.jpg
train,258,run_000008_img_258,260566,2048,1536,129365,images/run_000008/shard_0003/run_000008_img_258.jpg,images/train/run_000008_img_258.jpg
train,259,run_000008_img_259,261807,2048,1536,129505,images/run_000008/shard_0003/run_000008_img_259.jpg,images/train/run_000008_img_259.jpg
train,260,run_000008_img_260,262595,2048,1536,129441,images/run_000008/shard_0003/run_000008_img_260.jpg,images/train/run_000008_img_260.jpg
train,261,run_000008_img_261,263567,2048,1536,129350,images/run_000008/shard_0003/run_000008_img_261.jpg,images/train/run_000008_img_261.jpg
train,262,run_000008_img_262,264565,2048,1536,129260,images/run_000008/shard_0003/run_000008_img_262.jpg,images/train/run_000008_img_262.jpg
train,263,run_000008_img_263,265569,2048,1536,129211,images/run_000008/shard_0003/run_000008_img_263.jpg,images/train/run_000008_img_263.jpg
train,264,run_000008_img_264,266912,2048,1536,129132,images/run_000008/shard_0003/run_000008_img_264.jpg,images/train/run_000008_img_264.jpg
train,265,run_000008_img_265,267721,2048,1536,128994,images/run_000008/shard_0003/run_000008_img_265.jpg,images/train/run_000008_img_265.jpg
train,266,run_000008_img_266,268569,2048,1536,128697,images/run_000008/shard_0003/run_000008_img_266.jpg,images/train/run_000008_img_266.jpg
train,267,run_000008_img_267,269567,2048,1536,128583,images/run_000008/shard_0003/run_000008_img_267.jpg,images/train/run_000008_img_267.jpg
train,268,run_000008_img_268,270566,2048,1536,128559,images/run_000008/shard_0003/run_000008_img_268.jpg,images/train/run_000008_img_268.jpg
train,269,run_000008_img_269,271566,2048,1536,128569,images/run_000008/shard_0003/run_000008_img_269.jpg,images/train/run_000008_img_269.jpg
train,270,run_000008_img_270,272565,2048,1536,128407,images/run_000008/shard_0003/run_000008_img_270.jpg,images/train/run_000008_img_270.jpg
train,271,run_000008_img_271,273566,2048,1536,128512,images/run_000008/shard_0003/run_000008_img_271.jpg,images/train/run_000008_img_271.jpg
train,272,run_000008_img_272,274565,2048,1536,128348,images/run_000008/shard_0003/run_000008_img_272.jpg,images/train/run_000008_img_272.jpg
train,273,run_000008_img_273,275569,2048,1536,128696,images/run_000008/shard_0003/run_000008_img_273.jpg,images/train/run_000008_img_273.jpg
train,274,run_000008_img_274,276565,2048,1536,128676,images/run_000008/shard_0003/run_000008_img_274.jpg,images/train/run_000008_img_274.jpg
train,275,run_000008_img_275,277566,2048,1536,128808,images/run_000008/shard_0003/run_000008_img_275.jpg,images/train/run_000008_img_275.jpg
train,276,run_000008_img_276,278570,2048,1536,129169,images/run_000008/shard_0003/run_000008_img_276.jpg,images/train/run_000008_img_276.jpg
train,277,run_000008_img_277,279568,2048,1536,129202,images/run_000008/shard_0003/run_000008_img_277.jpg,images/train/run_000008_img_277.jpg
train,278,run_000008_img_278,280567,2048,1536,129226,images/run_000008/shard_0003/run_000008_img_278.jpg,images/train/run_000008_img_278.jpg
train,279,run_000008_img_279,281566,2048,1536,129213,images/run_000008/shard_0003/run_000008_img_279.jpg,images/train/run_000008_img_279.jpg
train,280,run_000008_img_280,282567,2048,1536,129226,images/run_000008/shard_0003/run_000008_img_280.jpg,images/train/run_000008_img_280.jpg
train,281,run_000008_img_281,283566,2048,1536,129291,images/run_000008/shard_0003/run_000008_img_281.jpg,images/train/run_000008_img_281.jpg
train,282,run_000008_img_282,284568,2048,1536,129396,images/run_000008/shard_0003/run_000008_img_282.jpg,images/train/run_000008_img_282.jpg
train,283,run_000008_img_283,285565,2048,1536,129331,images/run_000008/shard_0003/run_000008_img_283.jpg,images/train/run_000008_img_283.jpg
train,284,run_000008_img_284,286565,2048,1536,129222,images/run_000008/shard_0003/run_000008_img_284.jpg,images/train/run_000008_img_284.jpg
train,285,run_000008_img_285,287567,2048,1536,129442,images/run_000008/shard_0003/run_000008_img_285.jpg,images/train/run_000008_img_285.jpg
train,286,run_000008_img_286,288566,2048,1536,129367,images/run_000008/shard_0003/run_000008_img_286.jpg,images/train/run_000008_img_286.jpg
train,287,run_000008_img_287,289566,2048,1536,129217,images/run_000008/shard_0003/run_000008_img_287.jpg,images/train/run_000008_img_287.jpg
train,288,run_000008_img_288,290567,2048,1536,129130,images/run_000008/shard_0003/run_000008_img_288.jpg,images/train/run_000008_img_288.jpg
train,289,run_000008_img_289,291570,2048,1536,129186,images/run_000008/shard_0003/run_000008_img_289.jpg,images/train/run_000008_img_289.jpg
train,290,run_000008_img_290,292904,2048,1536,129353,images/run_000008/shard_0003/run_000008_img_290.jpg,images/train/run_000008_img_290.jpg
train,291,run_000008_img_291,293801,2048,1536,129785,images/run_000008/shard_0003/run_000008_img_291.jpg,images/train/run_000008_img_291.jpg
train,292,run_000008_img_292,294700,2048,1536,130530,images/run_000008/shard_0003/run_000008_img_292.jpg,images/train/run_000008_img_292.jpg
train,293,run_000008_img_293,295600,2048,1536,130030,images/run_000008/shard_0003/run_000008_img_293.jpg,images/train/run_000008_img_293.jpg
train,294,run_000008_img_294,296568,2048,1536,129768,images/run_000008/shard_0003/run_000008_img_294.jpg,images/train/run_000008_img_294.jpg
train,295,run_000008_img_295,297568,2048,1536,129619,images/run_000008/shard_0003/run_000008_img_295.jpg,images/train/run_000008_img_295.jpg
train,296,run_000008_img_296,298568,2048,1536,129365,images/run_000008/shard_0003/run_000008_img_296.jpg,images/train/run_000008_img_296.jpg
train,297,run_000008_img_297,299565,2048,1536,128992,images/run_000008/shard_0003/run_000008_img_297.jpg,images/train/run_000008_img_297.jpg
train,298,run_000008_img_298,300567,2048,1536,128688,images/run_000008/shard_0003/run_000008_img_298.jpg,images/train/run_000008_img_298.jpg
train,299,run_000008_img_299,301568,2048,1536,128533,images/run_000008/shard_0003/run_000008_img_299.jpg,images/train/run_000008_img_299.jpg
train,300,run_000008_img_300,302569,2048,1536,128434,images/run_000008/shard_0003/run_000008_img_300.jpg,images/train/run_000008_img_300.jpg
train,301,run_000008_img_301,304001,2048,1536,128309,images/run_000008/shard_0004/run_000008_img_301.jpg,images/train/run_000008_img_301.jpg
train,302,run_000008_img_302,304862,2048,1536,128272,images/run_000008/shard_0004/run_000008_img_302.jpg,images/train/run_000008_img_302.jpg
train,303,run_000008_img_303,305567,2048,1536,128359,images/run_000008/shard_0004/run_000008_img_303.jpg,images/train/run_000008_img_303.jpg
train,304,run_000008_img_304,306569,2048,1536,128014,images/run_000008/shard_0004/run_000008_img_304.jpg,images/train/run_000008_img_304.jpg
train,305,run_000008_img_305,307570,2048,1536,128014,images/run_000008/shard_0004/run_000008_img_305.jpg,images/train/run_000008_img_305.jpg
train,306,run_000008_img_306,308729,2048,1536,127930,images/run_000008/shard_0004/run_000008_img_306.jpg,images/train/run_000008_img_306.jpg
train,307,run_000008_img_307,309567,2048,1536,127850,images/run_000008/shard_0004/run_000008_img_307.jpg,images/train/run_000008_img_307.jpg
train,308,run_000008_img_308,310567,2048,1536,127804,images/run_000008/shard_0004/run_000008_img_308.jpg,images/train/run_000008_img_308.jpg
train,309,run_000008_img_309,311566,2048,1536,127775,images/run_000008/shard_0004/run_000008_img_309.jpg,images/train/run_000008_img_309.jpg
train,310,run_000008_img_310,312566,2048,1536,127799,images/run_000008/shard_0004/run_000008_img_310.jpg,images/train/run_000008_img_310.jpg
train,311,run_000008_img_311,313567,2048,1536,127716,images/run_000008/shard_0004/run_000008_img_311.jpg,images/train/run_000008_img_311.jpg
train,312,run_000008_img_312,314568,2048,1536,127822,images/run_000008/shard_0004/run_000008_img_312.jpg,images/train/run_000008_img_312.jpg
train,313,run_000008_img_313,315568,2048,1536,127913,images/run_000008/shard_0004/run_000008_img_313.jpg,images/train/run_000008_img_313.jpg
train,314,run_000008_img_314,316568,2048,1536,127729,images/run_000008/shard_0004/run_000008_img_314.jpg,images/train/run_000008_img_314.jpg
train,315,run_000008_img_315,317565,2048,1536,127897,images/run_000008/shard_0004/run_000008_img_315.jpg,images/train/run_000008_img_315.jpg
train,316,run_000008_img_316,318565,2048,1536,127950,images/run_000008/shard_0004/run_000008_img_316.jpg,images/train/run_000008_img_316.jpg
train,317,run_000008_img_317,319569,2048,1536,127893,images/run_000008/shard_0004/run_000008_img_317.jpg,images/train/run_000008_img_317.jpg
train,318,run_000008_img_318,320567,2048,1536,127732,images/run_000008/shard_0004/run_000008_img_318.jpg,images/train/run_000008_img_318.jpg
train,319,run_000008_img_319,321569,2048,1536,127657,images/run_000008/shard_0004/run_000008_img_319.jpg,images/train/run_000008_img_319.jpg
train,320,run_000008_img_320,322567,2048,1536,127692,images/run_000008/shard_0004/run_000008_img_320.jpg,images/train/run_000008_img_320.jpg
train,321,run_000008_img_321,323565,2048,1536,127719,images/run_000008/shard_0004/run_000008_img_321.jpg,images/train/run_000008_img_321.jpg
train,322,run_000008_img_322,324566,2048,1536,127688,images/run_000008/shard_0004/run_000008_img_322.jpg,images/train/run_000008_img_322.jpg
train,323,run_000008_img_323,325726,2048,1536,127741,images/run_000008/shard_0004/run_000008_img_323.jpg,images/train/run_000008_img_323.jpg
train,324,run_000008_img_324,326566,2048,1536,127700,images/run_000008/shard_0004/run_000008_img_324.jpg,images/train/run_000008_img_324.jpg
train,325,run_000008_img_325,327567,2048,1536,127736,images/run_000008/shard_0004/run_000008_img_325.jpg,images/train/run_000008_img_325.jpg
train,326,run_000008_img_326,328784,2048,1536,127715,images/run_000008/shard_0004/run_000008_img_326.jpg,images/train/run_000008_img_326.jpg
train,327,run_000008_img_327,329565,2048,1536,127933,images/run_000008/shard_0004/run_000008_img_327.jpg,images/train/run_000008_img_327.jpg
train,328,run_000008_img_328,330566,2048,1536,127808,images/run_000008/shard_0004/run_000008_img_328.jpg,images/train/run_000008_img_328.jpg
train,329,run_000008_img_329,331566,2048,1536,127979,images/run_000008/shard_0004/run_000008_img_329.jpg,images/train/run_000008_img_329.jpg
train,330,run_000008_img_330,332566,2048,1536,127547,images/run_000008/shard_0004/run_000008_img_330.jpg,images/train/run_000008_img_330.jpg
train,331,run_000008_img_331,333568,2048,1536,127847,images/run_000008/shard_0004/run_000008_img_331.jpg,images/train/run_000008_img_331.jpg
train,332,run_000008_img_332,334569,2048,1536,127886,images/run_000008/shard_0004/run_000008_img_332.jpg,images/train/run_000008_img_332.jpg
train,333,run_000008_img_333,335568,2048,1536,128039,images/run_000008/shard_0004/run_000008_img_333.jpg,images/train/run_000008_img_333.jpg
train,334,run_000008_img_334,336566,2048,1536,127869,images/run_000008/shard_0004/run_000008_img_334.jpg,images/train/run_000008_img_334.jpg
train,335,run_000008_img_335,337568,2048,1536,127795,images/run_000008/shard_0004/run_000008_img_335.jpg,images/train/run_000008_img_335.jpg
train,336,run_000008_img_336,338567,2048,1536,127761,images/run_000008/shard_0004/run_000008_img_336.jpg,images/train/run_000008_img_336.jpg
train,337,run_000008_img_337,339567,2048,1536,127732,images/run_000008/shard_0004/run_000008_img_337.jpg,images/train/run_000008_img_337.jpg
train,338,run_000008_img_338,340569,2048,1536,127816,images/run_000008/shard_0004/run_000008_img_338.jpg,images/train/run_000008_img_338.jpg
train,339,run_000008_img_339,341565,2048,1536,127785,images/run_000008/shard_0004/run_000008_img_339.jpg,images/train/run_000008_img_339.jpg
train,340,run_000008_img_340,342565,2048,1536,127535,images/run_000008/shard_0004/run_000008_img_340.jpg,images/train/run_000008_img_340.jpg
train,341,run_000008_img_341,343566,2048,1536,127548,images/run_000008/shard_0004/run_000008_img_341.jpg,images/train/run_000008_img_341.jpg
train,342,run_000008_img_342,344566,2048,1536,127407,images/run_000008/shard_0004/run_000008_img_342.jpg,images/train/run_000008_img_342.jpg
train,343,run_000008_img_343,345565,2048,1536,127338,images/run_000008/shard_0004/run_000008_img_343.jpg,images/train/run_000008_img_343.jpg
train,344,run_000008_img_344,346567,2048,1536,127023,images/run_000008/shard_0004/run_000008_img_344.jpg,images/train/run_000008_img_344.jpg
train,345,run_000008_img_345,347566,2048,1536,127130,images/run_000008/shard_0004/run_000008_img_345.jpg,images/train/run_000008_img_345.jpg
train,346,run_000008_img_346,348569,2048,1536,127160,images/run_000008/shard_0004/run_000008_img_346.jpg,images/train/run_000008_img_346.jpg
train,347,run_000008_img_347,349565,2048,1536,127257,images/run_000008/shard_0004/run_000008_img_347.jpg,images/train/run_000008_img_347.jpg
train,348,run_000008_img_348,350569,2048,1536,127357,images/run_000008/shard_0004/run_000008_img_348.jpg,images/train/run_000008_img_348.jpg
train,349,run_000008_img_349,351566,2048,1536,127594,images/run_000008/shard_0004/run_000008_img_349.jpg,images/train/run_000008_img_349.jpg
train,350,run_000008_img_350,352567,2048,1536,127631,images/run_000008/shard_0004/run_000008_img_350.jpg,images/train/run_000008_img_350.jpg
train,351,run_000008_img_351,353874,2048,1536,127808,images/run_000008/shard_0004/run_000008_img_351.jpg,images/train/run_000008_img_351.jpg
train,352,run_000008_img_352,354593,2048,1536,127882,images/run_000008/shard_0004/run_000008_img_352.jpg,images/train/run_000008_img_352.jpg
train,353,run_000008_img_353,355566,2048,1536,127959,images/run_000008/shard_0004/run_000008_img_353.jpg,images/train/run_000008_img_353.jpg
train,354,run_000008_img_354,356567,2048,1536,128182,images/run_000008/shard_0004/run_000008_img_354.jpg,images/train/run_000008_img_354.jpg
train,355,run_000008_img_355,357566,2048,1536,128063,images/run_000008/shard_0004/run_000008_img_355.jpg,images/train/run_000008_img_355.jpg
train,356,run_000008_img_356,358567,2048,1536,127932,images/run_000008/shard_0004/run_000008_img_356.jpg,images/train/run_000008_img_356.jpg
train,357,run_000008_img_357,359567,2048,1536,128096,images/run_000008/shard_0004/run_000008_img_357.jpg,images/train/run_000008_img_357.jpg
train,358,run_000008_img_358,360569,2048,1536,127973,images/run_000008/shard_0004/run_000008_img_358.jpg,images/train/run_000008_img_358.jpg
train,359,run_000008_img_359,361568,2048,1536,127777,images/run_000008/shard_0004/run_000008_img_359.jpg,images/train/run_000008_img_359.jpg
train,360,run_000008_img_360,362568,2048,1536,127742,images/run_000008/shard_0004/run_000008_img_360.jpg,images/train/run_000008_img_360.jpg
train,361,run_000008_img_361,363566,2048,1536,127894,images/run_000008/shard_0004/run_000008_img_361.jpg,images/train/run_000008_img_361.jpg
train,362,run_000008_img_362,364569,2048,1536,128088,images/run_000008/shard_0004/run_000008_img_362.jpg,images/train/run_000008_img_362.jpg
train,363,run_000008_img_363,365569,2048,1536,128353,images/run_000008/shard_0004/run_000008_img_363.jpg,images/train/run_000008_img_363.jpg
train,364,run_000008_img_364,366567,2048,1536,128486,images/run_000008/shard_0004/run_000008_img_364.jpg,images/train/run_000008_img_364.jpg
train,365,run_000008_img_365,367569,2048,1536,128662,images/run_000008/shard_0004/run_000008_img_365.jpg,images/train/run_000008_img_365.jpg
train,366,run_000008_img_366,368566,2048,1536,128709,images/run_000008/shard_0004/run_000008_img_366.jpg,images/train/run_000008_img_366.jpg
train,367,run_000008_img_367,369568,2048,1536,128739,images/run_000008/shard_0004/run_000008_img_367.jpg,images/train/run_000008_img_367.jpg
train,368,run_000008_img_368,370568,2048,1536,128917,images/run_000008/shard_0004/run_000008_img_368.jpg,images/train/run_000008_img_368.jpg
train,369,run_000008_img_369,371568,2048,1536,129006,images/run_000008/shard_0004/run_000008_img_369.jpg,images/train/run_000008_img_369.jpg
train,370,run_000008_img_370,372566,2048,1536,129426,images/run_000008/shard_0004/run_000008_img_370.jpg,images/train/run_000008_img_370.jpg
train,371,run_000008_img_371,373565,2048,1536,129352,images/run_000008/shard_0004/run_000008_img_371.jpg,images/train/run_000008_img_371.jpg
train,372,run_000008_img_372,374565,2048,1536,129557,images/run_000008/shard_0004/run_000008_img_372.jpg,images/train/run_000008_img_372.jpg
train,373,run_000008_img_373,375569,2048,1536,129416,images/run_000008/shard_0004/run_000008_img_373.jpg,images/train/run_000008_img_373.jpg
train,374,run_000008_img_374,376565,2048,1536,129480,images/run_000008/shard_0004/run_000008_img_374.jpg,images/train/run_000008_img_374.jpg
train,375,run_000008_img_375,377885,2048,1536,129542,images/run_000008/shard_0004/run_000008_img_375.jpg,images/train/run_000008_img_375.jpg
train,376,run_000008_img_376,378695,2048,1536,129715,images/run_000008/shard_0004/run_000008_img_376.jpg,images/train/run_000008_img_376.jpg
train,377,run_000008_img_377,379567,2048,1536,129848,images/run_000008/shard_0004/run_000008_img_377.jpg,images/train/run_000008_img_377.jpg
train,378,run_000008_img_378,380565,2048,1536,129907,images/run_000008/shard_0004/run_000008_img_378.jpg,images/train/run_000008_img_378.jpg
train,379,run_000008_img_379,381566,2048,1536,130156,images/run_000008/shard_0004/run_000008_img_379.jpg,images/train/run_000008_img_379.jpg
train,380,run_000008_img_380,382569,2048,1536,130403,images/run_000008/shard_0004/run_000008_img_380.jpg,images/train/run_000008_img_380.jpg
train,381,run_000008_img_381,383568,2048,1536,130318,images/run_000008/shard_0004/run_000008_img_381.jpg,images/train/run_000008_img_381.jpg
train,382,run_000008_img_382,384567,2048,1536,130551,images/run_000008/shard_0004/run_000008_img_382.jpg,images/train/run_000008_img_382.jpg
train,383,run_000008_img_383,385565,2048,1536,130694,images/run_000008/shard_0004/run_000008_img_383.jpg,images/train/run_000008_img_383.jpg
train,384,run_000008_img_384,386565,2048,1536,130755,images/run_000008/shard_0004/run_000008_img_384.jpg,images/train/run_000008_img_384.jpg
train,385,run_000008_img_385,387568,2048,1536,130683,images/run_000008/shard_0004/run_000008_img_385.jpg,images/train/run_000008_img_385.jpg
train,386,run_000008_img_386,388565,2048,1536,130854,images/run_000008/shard_0004/run_000008_img_386.jpg,images/train/run_000008_img_386.jpg
train,387,run_000008_img_387,389569,2048,1536,130911,images/run_000008/shard_0004/run_000008_img_387.jpg,images/train/run_000008_img_387.jpg
train,388,run_000008_img_388,390567,2048,1536,131107,images/run_000008/shard_0004/run_000008_img_388.jpg,images/train/run_000008_img_388.jpg
train,389,run_000008_img_389,391568,2048,1536,131607,images/run_000008/shard_0004/run_000008_img_389.jpg,images/train/run_000008_img_389.jpg
train,390,run_000008_img_390,392915,2048,1536,131606,images/run_000008/shard_0004/run_000008_img_390.jpg,images/train/run_000008_img_390.jpg
train,391,run_000008_img_391,393803,2048,1536,131453,images/run_000008/shard_0004/run_000008_img_391.jpg,images/train/run_000008_img_391.jpg
train,392,run_000008_img_392,394702,2048,1536,131445,images/run_000008/shard_0004/run_000008_img_392.jpg,images/train/run_000008_img_392.jpg
train,393,run_000008_img_393,395602,2048,1536,131187,images/run_000008/shard_0004/run_000008_img_393.jpg,images/train/run_000008_img_393.jpg
train,394,run_000008_img_394,396569,2048,1536,131240,images/run_000008/shard_0004/run_000008_img_394.jpg,images/train/run_000008_img_394.jpg
train,395,run_000008_img_395,397567,2048,1536,131273,images/run_000008/shard_0004/run_000008_img_395.jpg,images/train/run_000008_img_395.jpg
train,396,run_000008_img_396,398569,2048,1536,131397,images/run_000008/shard_0004/run_000008_img_396.jpg,images/train/run_000008_img_396.jpg
train,397,run_000008_img_397,399567,2048,1536,132121,images/run_000008/shard_0004/run_000008_img_397.jpg,images/train/run_000008_img_397.jpg
train,398,run_000008_img_398,400566,2048,1536,132246,images/run_000008/shard_0004/run_000008_img_398.jpg,images/train/run_000008_img_398.jpg
train,399,run_000008_img_399,401569,2048,1536,131419,images/run_000008/shard_0004/run_000008_img_399.jpg,images/train/run_000008_img_399.jpg
train,400,run_000008_img_400,402566,2048,1536,131129,images/run_000008/shard_0004/run_000008_img_400.jpg,images/train/run_000008_img_400.jpg
train,401,run_000008_img_401,404030,2048,1536,131141,images/run_000008/shard_0005/run_000008_img_401.jpg,images/train/run_000008_img_401.jpg
train,402,run_000008_img_402,404883,2048,1536,131183,images/run_000008/shard_0005/run_000008_img_402.jpg,images/train/run_000008_img_402.jpg
train,403,run_000008_img_403,405566,2048,1536,131160,images/run_000008/shard_0005/run_000008_img_403.jpg,images/train/run_000008_img_403.jpg
train,404,run_000008_img_404,406568,2048,1536,131137,images/run_000008/shard_0005/run_000008_img_404.jpg,images/train/run_000008_img_404.jpg
train,405,run_000008_img_405,407569,2048,1536,131137,images/run_000008/shard_0005/run_000008_img_405.jpg,images/train/run_000008_img_405.jpg
train,406,run_000008_img_406,408566,2048,1536,131055,images/run_000008/shard_0005/run_000008_img_406.jpg,images/train/run_000008_img_406.jpg
train,407,run_000008_img_407,409569,2048,1536,131460,images/run_000008/shard_0005/run_000008_img_407.jpg,images/train/run_000008_img_407.jpg
train,408,run_000008_img_408,410567,2048,1536,131566,images/run_000008/shard_0005/run_000008_img_408.jpg,images/train/run_000008_img_408.jpg
train,409,run_000008_img_409,411567,2048,1536,131844,images/run_000008/shard_0005/run_000008_img_409.jpg,images/train/run_000008_img_409.jpg
train,410,run_000008_img_410,412569,2048,1536,132008,images/run_000008/shard_0005/run_000008_img_410.jpg,images/train/run_000008_img_410.jpg
train,411,run_000008_img_411,413565,2048,1536,132446,images/run_000008/shard_0005/run_000008_img_411.jpg,images/train/run_000008_img_411.jpg
train,412,run_000008_img_412,414568,2048,1536,132636,images/run_000008/shard_0005/run_000008_img_412.jpg,images/train/run_000008_img_412.jpg
train,413,run_000008_img_413,415568,2048,1536,132732,images/run_000008/shard_0005/run_000008_img_413.jpg,images/train/run_000008_img_413.jpg
train,414,run_000008_img_414,416566,2048,1536,132987,images/run_000008/shard_0005/run_000008_img_414.jpg,images/train/run_000008_img_414.jpg
train,415,run_000008_img_415,417569,2048,1536,133017,images/run_000008/shard_0005/run_000008_img_415.jpg,images/train/run_000008_img_415.jpg
train,416,run_000008_img_416,418570,2048,1536,133141,images/run_000008/shard_0005/run_000008_img_416.jpg,images/train/run_000008_img_416.jpg
train,417,run_000008_img_417,419566,2048,1536,133061,images/run_000008/shard_0005/run_000008_img_417.jpg,images/train/run_000008_img_417.jpg
train,418,run_000008_img_418,420569,2048,1536,133233,images/run_000008/shard_0005/run_000008_img_418.jpg,images/train/run_000008_img_418.jpg
train,419,run_000008_img_419,421566,2048,1536,133088,images/run_000008/shard_0005/run_000008_img_419.jpg,images/train/run_000008_img_419.jpg
train,420,run_000008_img_420,422567,2048,1536,133066,images/run_000008/shard_0005/run_000008_img_420.jpg,images/train/run_000008_img_420.jpg
train,421,run_000008_img_421,423566,2048,1536,133220,images/run_000008/shard_0005/run_000008_img_421.jpg,images/train/run_000008_img_421.jpg
train,422,run_000008_img_422,424566,2048,1536,133571,images/run_000008/shard_0005/run_000008_img_422.jpg,images/train/run_000008_img_422.jpg
train,423,run_000008_img_423,425728,2048,1536,129609,images/run_000008/shard_0005/run_000008_img_423.jpg,images/train/run_000008_img_423.jpg
train,424,run_000008_img_424,426566,2048,1536,129704,images/run_000008/shard_0005/run_000008_img_424.jpg,images/train/run_000008_img_424.jpg
train,425,run_000008_img_425,427568,2048,1536,130043,images/run_000008/shard_0005/run_000008_img_425.jpg,images/train/run_000008_img_425.jpg
train,426,run_000008_img_426,428566,2048,1536,129946,images/run_000008/shard_0005/run_000008_img_426.jpg,images/train/run_000008_img_426.jpg
train,427,run_000008_img_427,429565,2048,1536,129571,images/run_000008/shard_0005/run_000008_img_427.jpg,images/train/run_000008_img_427.jpg
train,428,run_000008_img_428,430569,2048,1536,129434,images/run_000008/shard_0005/run_000008_img_428.jpg,images/train/run_000008_img_428.jpg
train,429,run_000008_img_429,431567,2048,1536,129307,images/run_000008/shard_0005/run_000008_img_429.jpg,images/train/run_000008_img_429.jpg
train,430,run_000008_img_430,432567,2048,1536,129150,images/run_000008/shard_0005/run_000008_img_430.jpg,images/train/run_000008_img_430.jpg
train,431,run_000008_img_431,433569,2048,1536,128952,images/run_000008/shard_0005/run_000008_img_431.jpg,images/train/run_000008_img_431.jpg
train,432,run_000008_img_432,434569,2048,1536,128837,images/run_000008/shard_0005/run_000008_img_432.jpg,images/train/run_000008_img_432.jpg
train,433,run_000008_img_433,435568,2048,1536,128569,images/run_000008/shard_0005/run_000008_img_433.jpg,images/train/run_000008_img_433.jpg
train,434,run_000008_img_434,436568,2048,1536,128026,images/run_000008/shard_0005/run_000008_img_434.jpg,images/train/run_000008_img_434.jpg
train,435,run_000008_img_435,437565,2048,1536,127669,images/run_000008/shard_0005/run_000008_img_435.jpg,images/train/run_000008_img_435.jpg
train,436,run_000008_img_436,438569,2048,1536,128870,images/run_000008/shard_0005/run_000008_img_436.jpg,images/train/run_000008_img_436.jpg
train,437,run_000008_img_437,439565,2048,1536,128490,images/run_000008/shard_0005/run_000008_img_437.jpg,images/train/run_000008_img_437.jpg
train,438,run_000008_img_438,440567,2048,1536,128096,images/run_000008/shard_0005/run_000008_img_438.jpg,images/train/run_000008_img_438.jpg
train,439,run_000008_img_439,441734,2048,1536,127765,images/run_000008/shard_0005/run_000008_img_439.jpg,images/train/run_000008_img_439.jpg
train,440,run_000008_img_440,442566,2048,1536,127463,images/run_000008/shard_0005/run_000008_img_440.jpg,images/train/run_000008_img_440.jpg
train,441,run_000008_img_441,443566,2048,1536,128765,images/run_000008/shard_0005/run_000008_img_441.jpg,images/train/run_000008_img_441.jpg
train,442,run_000008_img_442,444566,2048,1536,128384,images/run_000008/shard_0005/run_000008_img_442.jpg,images/train/run_000008_img_442.jpg
train,443,run_000008_img_443,445567,2048,1536,127969,images/run_000008/shard_0005/run_000008_img_443.jpg,images/train/run_000008_img_443.jpg
train,444,run_000008_img_444,446772,2048,1536,127872,images/run_000008/shard_0005/run_000008_img_444.jpg,images/train/run_000008_img_444.jpg
train,445,run_000008_img_445,447569,2048,1536,127781,images/run_000008/shard_0005/run_000008_img_445.jpg,images/train/run_000008_img_445.jpg
train,446,run_000008_img_446,448565,2048,1536,127645,images/run_000008/shard_0005/run_000008_img_446.jpg,images/train/run_000008_img_446.jpg
train,447,run_000008_img_447,449565,2048,1536,127564,images/run_000008/shard_0005/run_000008_img_447.jpg,images/train/run_000008_img_447.jpg
train,448,run_000008_img_448,450567,2048,1536,128924,images/run_000008/shard_0005/run_000008_img_448.jpg,images/train/run_000008_img_448.jpg
train,449,run_000008_img_449,451568,2048,1536,128738,images/run_000008/shard_0005/run_000008_img_449.jpg,images/train/run_000008_img_449.jpg
train,450,run_000008_img_450,452568,2048,1536,128648,images/run_000008/shard_0005/run_000008_img_450.jpg,images/train/run_000008_img_450.jpg
train,451,run_000008_img_451,453569,2048,1536,128531,images/run_000008/shard_0005/run_000008_img_451.jpg,images/train/run_000008_img_451.jpg
train,452,run_000008_img_452,454569,2048,1536,128344,images/run_000008/shard_0005/run_000008_img_452.jpg,images/train/run_000008_img_452.jpg
train,453,run_000008_img_453,455566,2048,1536,128222,images/run_000008/shard_0005/run_000008_img_453.jpg,images/train/run_000008_img_453.jpg
train,454,run_000008_img_454,456568,2048,1536,128217,images/run_000008/shard_0005/run_000008_img_454.jpg,images/train/run_000008_img_454.jpg
train,455,run_000008_img_455,457567,2048,1536,128263,images/run_000008/shard_0005/run_000008_img_455.jpg,images/train/run_000008_img_455.jpg
train,456,run_000008_img_456,458566,2048,1536,128070,images/run_000008/shard_0005/run_000008_img_456.jpg,images/train/run_000008_img_456.jpg
train,457,run_000008_img_457,459568,2048,1536,128081,images/run_000008/shard_0005/run_000008_img_457.jpg,images/train/run_000008_img_457.jpg
train,458,run_000008_img_458,460568,2048,1536,128140,images/run_000008/shard_0005/run_000008_img_458.jpg,images/train/run_000008_img_458.jpg
train,459,run_000008_img_459,461566,2048,1536,127974,images/run_000008/shard_0005/run_000008_img_459.jpg,images/train/run_000008_img_459.jpg
train,460,run_000008_img_460,462566,2048,1536,128113,images/run_000008/shard_0005/run_000008_img_460.jpg,images/train/run_000008_img_460.jpg
train,461,run_000008_img_461,463569,2048,1536,127994,images/run_000008/shard_0005/run_000008_img_461.jpg,images/train/run_000008_img_461.jpg
train,462,run_000008_img_462,464565,2048,1536,127879,images/run_000008/shard_0005/run_000008_img_462.jpg,images/train/run_000008_img_462.jpg
train,463,run_000008_img_463,465569,2048,1536,127813,images/run_000008/shard_0005/run_000008_img_463.jpg,images/train/run_000008_img_463.jpg
train,464,run_000008_img_464,466567,2048,1536,127807,images/run_000008/shard_0005/run_000008_img_464.jpg,images/train/run_000008_img_464.jpg
train,465,run_000008_img_465,467568,2048,1536,127757,images/run_000008/shard_0005/run_000008_img_465.jpg,images/train/run_000008_img_465.jpg
train,466,run_000008_img_466,468567,2048,1536,127495,images/run_000008/shard_0005/run_000008_img_466.jpg,images/train/run_000008_img_466.jpg
train,467,run_000008_img_467,469565,2048,1536,127418,images/run_000008/shard_0005/run_000008_img_467.jpg,images/train/run_000008_img_467.jpg
train,468,run_000008_img_468,470568,2048,1536,127200,images/run_000008/shard_0005/run_000008_img_468.jpg,images/train/run_000008_img_468.jpg
train,469,run_000008_img_469,471566,2048,1536,127074,images/run_000008/shard_0005/run_000008_img_469.jpg,images/train/run_000008_img_469.jpg
train,470,run_000008_img_470,472566,2048,1536,127169,images/run_000008/shard_0005/run_000008_img_470.jpg,images/train/run_000008_img_470.jpg
train,471,run_000008_img_471,473566,2048,1536,127298,images/run_000008/shard_0005/run_000008_img_471.jpg,images/train/run_000008_img_471.jpg
train,472,run_000008_img_472,474920,2048,1536,127651,images/run_000008/shard_0005/run_000008_img_472.jpg,images/train/run_000008_img_472.jpg
train,473,run_000008_img_473,475729,2048,1536,127817,images/run_000008/shard_0005/run_000008_img_473.jpg,images/train/run_000008_img_473.jpg
train,474,run_000008_img_474,476569,2048,1536,127950,images/run_000008/shard_0005/run_000008_img_474.jpg,images/train/run_000008_img_474.jpg
train,475,run_000008_img_475,477568,2048,1536,128019,images/run_000008/shard_0005/run_000008_img_475.jpg,images/train/run_000008_img_475.jpg
train,476,run_000008_img_476,478569,2048,1536,128032,images/run_000008/shard_0005/run_000008_img_476.jpg,images/train/run_000008_img_476.jpg
train,477,run_000008_img_477,479569,2048,1536,127934,images/run_000008/shard_0005/run_000008_img_477.jpg,images/train/run_000008_img_477.jpg
train,478,run_000008_img_478,480566,2048,1536,127934,images/run_000008/shard_0005/run_000008_img_478.jpg,images/train/run_000008_img_478.jpg
train,479,run_000008_img_479,481569,2048,1536,127740,images/run_000008/shard_0005/run_000008_img_479.jpg,images/train/run_000008_img_479.jpg
train,480,run_000008_img_480,482565,2048,1536,127788,images/run_000008/shard_0005/run_000008_img_480.jpg,images/train/run_000008_img_480.jpg
train,481,run_000008_img_481,483569,2048,1536,127899,images/run_000008/shard_0005/run_000008_img_481.jpg,images/train/run_000008_img_481.jpg
train,482,run_000008_img_482,484568,2048,1536,127942,images/run_000008/shard_0005/run_000008_img_482.jpg,images/train/run_000008_img_482.jpg
train,483,run_000008_img_483,485569,2048,1536,128070,images/run_000008/shard_0005/run_000008_img_483.jpg,images/train/run_000008_img_483.jpg
train,484,run_000008_img_484,486570,2048,1536,128082,images/run_000008/shard_0005/run_000008_img_484.jpg,images/train/run_000008_img_484.jpg
train,485,run_000008_img_485,487566,2048,1536,128293,images/run_000008/shard_0005/run_000008_img_485.jpg,images/train/run_000008_img_485.jpg
train,486,run_000008_img_486,488565,2048,1536,128235,images/run_000008/shard_0005/run_000008_img_486.jpg,images/train/run_000008_img_486.jpg
train,487,run_000008_img_487,489566,2048,1536,128340,images/run_000008/shard_0005/run_000008_img_487.jpg,images/train/run_000008_img_487.jpg
train,488,run_000008_img_488,490566,2048,1536,128476,images/run_000008/shard_0005/run_000008_img_488.jpg,images/train/run_000008_img_488.jpg
train,489,run_000008_img_489,491568,2048,1536,128385,images/run_000008/shard_0005/run_000008_img_489.jpg,images/train/run_000008_img_489.jpg
train,490,run_000008_img_490,492568,2048,1536,128484,images/run_000008/shard_0005/run_000008_img_490.jpg,images/train/run_000008_img_490.jpg
train,491,run_000008_img_491,493567,2048,1536,128241,images/run_000008/shard_0005/run_000008_img_491.jpg,images/train/run_000008_img_491.jpg
train,492,run_000008_img_492,494570,2048,1536,128102,images/run_000008/shard_0005/run_000008_img_492.jpg,images/train/run_000008_img_492.jpg
train,493,run_000008_img_493,495566,2048,1536,128060,images/run_000008/shard_0005/run_000008_img_493.jpg,images/train/run_000008_img_493.jpg
train,494,run_000008_img_494,496566,2048,1536,127963,images/run_000008/shard_0005/run_000008_img_494.jpg,images/train/run_000008_img_494.jpg
train,495,run_000008_img_495,497566,2048,1536,127868,images/run_000008/shard_0005/run_000008_img_495.jpg,images/train/run_000008_img_495.jpg
train,496,run_000008_img_496,498568,2048,1536,127536,images/run_000008/shard_0005/run_000008_img_496.jpg,images/train/run_000008_img_496.jpg
train,497,run_000008_img_497,500010,2048,1536,127425,images/run_000008/shard_0005/run_000008_img_497.jpg,images/train/run_000008_img_497.jpg
train,498,run_000008_img_498,500910,2048,1536,127440,images/run_000008/shard_0005/run_000008_img_498.jpg,images/train/run_000008_img_498.jpg
train,499,run_000008_img_499,501809,2048,1536,127415,images/run_000008/shard_0005/run_000008_img_499.jpg,images/train/run_000008_img_499.jpg
train,500,run_000008_img_500,502708,2048,1536,127230,images/run_000008/shard_0005/run_000008_img_500.jpg,images/train/run_000008_img_500.jpg
train,501,run_000008_img_501,504149,2048,1536,127388,images/run_000008/shard_0006/run_000008_img_501.jpg,images/train/run_000008_img_501.jpg
train,502,run_000008_img_502,504998,2048,1536,127480,images/run_000008/shard_0006/run_000008_img_502.jpg,images/train/run_000008_img_502.jpg
train,503,run_000008_img_503,505586,2048,1536,127453,images/run_000008/shard_0006/run_000008_img_503.jpg,images/train/run_000008_img_503.jpg
train,504,run_000008_img_504,506565,2048,1536,127626,images/run_000008/shard_0006/run_000008_img_504.jpg,images/train/run_000008_img_504.jpg
train,505,run_000008_img_505,507565,2048,1536,127490,images/run_000008/shard_0006/run_000008_img_505.jpg,images/train/run_000008_img_505.jpg
train,506,run_000008_img_506,508734,2048,1536,127708,images/run_000008/shard_0006/run_000008_img_506.jpg,images/train/run_000008_img_506.jpg
train,507,run_000008_img_507,509566,2048,1536,127787,images/run_000008/shard_0006/run_000008_img_507.jpg,images/train/run_000008_img_507.jpg
train,508,run_000008_img_508,510570,2048,1536,128066,images/run_000008/shard_0006/run_000008_img_508.jpg,images/train/run_000008_img_508.jpg
train,509,run_000008_img_509,511568,2048,1536,128008,images/run_000008/shard_0006/run_000008_img_509.jpg,images/train/run_000008_img_509.jpg
train,510,run_000008_img_510,512567,2048,1536,128229,images/run_000008/shard_0006/run_000008_img_510.jpg,images/train/run_000008_img_510.jpg
train,511,run_000008_img_511,513569,2048,1536,128227,images/run_000008/shard_0006/run_000008_img_511.jpg,images/train/run_000008_img_511.jpg
train,512,run_000008_img_512,514568,2048,1536,128358,images/run_000008/shard_0006/run_000008_img_512.jpg,images/train/run_000008_img_512.jpg
train,513,run_000008_img_513,515567,2048,1536,128123,images/run_000008/shard_0006/run_000008_img_513.jpg,images/train/run_000008_img_513.jpg
train,514,run_000008_img_514,516565,2048,1536,128224,images/run_000008/shard_0006/run_000008_img_514.jpg,images/train/run_000008_img_514.jpg
train,515,run_000008_img_515,517566,2048,1536,128143,images/run_000008/shard_0006/run_000008_img_515.jpg,images/train/run_000008_img_515.jpg
train,516,run_000008_img_516,518567,2048,1536,127930,images/run_000008/shard_0006/run_000008_img_516.jpg,images/train/run_000008_img_516.jpg
train,517,run_000008_img_517,519569,2048,1536,129162,images/run_000008/shard_0006/run_000008_img_517.jpg,images/train/run_000008_img_517.jpg
train,518,run_000008_img_518,520567,2048,1536,128822,images/run_000008/shard_0006/run_000008_img_518.jpg,images/train/run_000008_img_518.jpg
train,519,run_000008_img_519,521569,2048,1536,128660,images/run_000008/shard_0006/run_000008_img_519.jpg,images/train/run_000008_img_519.jpg
train,520,run_000008_img_520,522567,2048,1536,128391,images/run_000008/shard_0006/run_000008_img_520.jpg,images/train/run_000008_img_520.jpg
train,521,run_000008_img_521,523566,2048,1536,128173,images/run_000008/shard_0006/run_000008_img_521.jpg,images/train/run_000008_img_521.jpg
train,522,run_000008_img_522,524567,2048,1536,127868,images/run_000008/shard_0006/run_000008_img_522.jpg,images/train/run_000008_img_522.jpg
train,523,run_000008_img_523,525569,2048,1536,127505,images/run_000008/shard_0006/run_000008_img_523.jpg,images/train/run_000008_img_523.jpg
train,524,run_000008_img_524,526569,2048,1536,127413,images/run_000008/shard_0006/run_000008_img_524.jpg,images/train/run_000008_img_524.jpg
train,525,run_000008_img_525,527566,2048,1536,127362,images/run_000008/shard_0006/run_000008_img_525.jpg,images/train/run_000008_img_525.jpg
train,526,run_000008_img_526,528569,2048,1536,127244,images/run_000008/shard_0006/run_000008_img_526.jpg,images/train/run_000008_img_526.jpg
train,527,run_000008_img_527,529567,2048,1536,127234,images/run_000008/shard_0006/run_000008_img_527.jpg,images/train/run_000008_img_527.jpg
train,528,run_000008_img_528,530567,2048,1536,127099,images/run_000008/shard_0006/run_000008_img_528.jpg,images/train/run_000008_img_528.jpg
train,529,run_000008_img_529,531570,2048,1536,126994,images/run_000008/shard_0006/run_000008_img_529.jpg,images/train/run_000008_img_529.jpg
train,530,run_000008_img_530,532569,2048,1536,127074,images/run_000008/shard_0006/run_000008_img_530.jpg,images/train/run_000008_img_530.jpg
train,531,run_000008_img_531,533569,2048,1536,127219,images/run_000008/shard_0006/run_000008_img_531.jpg,images/train/run_000008_img_531.jpg
train,532,run_000008_img_532,534566,2048,1536,127149,images/run_000008/shard_0006/run_000008_img_532.jpg,images/train/run_000008_img_532.jpg
train,533,run_000008_img_533,535567,2048,1536,127332,images/run_000008/shard_0006/run_000008_img_533.jpg,images/train/run_000008_img_533.jpg
train,534,run_000008_img_534,536792,2048,1536,129193,images/run_000008/shard_0006/run_000008_img_534.jpg,images/train/run_000008_img_534.jpg
train,535,run_000008_img_535,537567,2048,1536,129202,images/run_000008/shard_0006/run_000008_img_535.jpg,images/train/run_000008_img_535.jpg
train,536,run_000008_img_536,538570,2048,1536,129167,images/run_000008/shard_0006/run_000008_img_536.jpg,images/train/run_000008_img_536.jpg
train,537,run_000008_img_537,539569,2048,1536,129216,images/run_000008/shard_0006/run_000008_img_537.jpg,images/train/run_000008_img_537.jpg
train,538,run_000008_img_538,540568,2048,1536,129202,images/run_000008/shard_0006/run_000008_img_538.jpg,images/train/run_000008_img_538.jpg
train,539,run_000008_img_539,541567,2048,1536,129158,images/run_000008/shard_0006/run_000008_img_539.jpg,images/train/run_000008_img_539.jpg
train,540,run_000008_img_540,542567,2048,1536,129195,images/run_000008/shard_0006/run_000008_img_540.jpg,images/train/run_000008_img_540.jpg
train,541,run_000008_img_541,543568,2048,1536,129205,images/run_000008/shard_0006/run_000008_img_541.jpg,images/train/run_000008_img_541.jpg
train,542,run_000008_img_542,544566,2048,1536,129028,images/run_000008/shard_0006/run_000008_img_542.jpg,images/train/run_000008_img_542.jpg
train,543,run_000008_img_543,545570,2048,1536,129014,images/run_000008/shard_0006/run_000008_img_543.jpg,images/train/run_000008_img_543.jpg
train,544,run_000008_img_544,546568,2048,1536,128665,images/run_000008/shard_0006/run_000008_img_544.jpg,images/train/run_000008_img_544.jpg
train,545,run_000008_img_545,547566,2048,1536,128136,images/run_000008/shard_0006/run_000008_img_545.jpg,images/train/run_000008_img_545.jpg
train,546,run_000008_img_546,548566,2048,1536,127774,images/run_000008/shard_0006/run_000008_img_546.jpg,images/train/run_000008_img_546.jpg
train,547,run_000008_img_547,549569,2048,1536,127608,images/run_000008/shard_0006/run_000008_img_547.jpg,images/train/run_000008_img_547.jpg
train,548,run_000008_img_548,550569,2048,1536,127460,images/run_000008/shard_0006/run_000008_img_548.jpg,images/train/run_000008_img_548.jpg
train,549,run_000008_img_549,551566,2048,1536,127338,images/run_000008/shard_0006/run_000008_img_549.jpg,images/train/run_000008_img_549.jpg
train,550,run_000008_img_550,552566,2048,1536,127411,images/run_000008/shard_0006/run_000008_img_550.jpg,images/train/run_000008_img_550.jpg
train,551,run_000008_img_551,553568,2048,1536,127565,images/run_000008/shard_0006/run_000008_img_551.jpg,images/train/run_000008_img_551.jpg
train,552,run_000008_img_552,554568,2048,1536,127682,images/run_000008/shard_0006/run_000008_img_552.jpg,images/train/run_000008_img_552.jpg
train,553,run_000008_img_553,555567,2048,1536,128022,images/run_000008/shard_0006/run_000008_img_553.jpg,images/train/run_000008_img_553.jpg
train,554,run_000008_img_554,556567,2048,1536,128051,images/run_000008/shard_0006/run_000008_img_554.jpg,images/train/run_000008_img_554.jpg
train,555,run_000008_img_555,557569,2048,1536,128116,images/run_000008/shard_0006/run_000008_img_555.jpg,images/train/run_000008_img_555.jpg
train,556,run_000008_img_556,558565,2048,1536,128204,images/run_000008/shard_0006/run_000008_img_556.jpg,images/train/run_000008_img_556.jpg
train,557,run_000008_img_557,559568,2048,1536,128167,images/run_000008/shard_0006/run_000008_img_557.jpg,images/train/run_000008_img_557.jpg
train,558,run_000008_img_558,560569,2048,1536,128228,images/run_000008/shard_0006/run_000008_img_558.jpg,images/train/run_000008_img_558.jpg
train,559,run_000008_img_559,561565,2048,1536,128295,images/run_000008/shard_0006/run_000008_img_559.jpg,images/train/run_000008_img_559.jpg
train,560,run_000008_img_560,562569,2048,1536,128399,images/run_000008/shard_0006/run_000008_img_560.jpg,images/train/run_000008_img_560.jpg
train,561,run_000008_img_561,563569,2048,1536,128446,images/run_000008/shard_0006/run_000008_img_561.jpg,images/train/run_000008_img_561.jpg
train,562,run_000008_img_562,564850,2048,1536,128514,images/run_000008/shard_0006/run_000008_img_562.jpg,images/train/run_000008_img_562.jpg
train,563,run_000008_img_563,565659,2048,1536,128398,images/run_000008/shard_0006/run_000008_img_563.jpg,images/train/run_000008_img_563.jpg
train,564,run_000008_img_564,566565,2048,1536,128467,images/run_000008/shard_0006/run_000008_img_564.jpg,images/train/run_000008_img_564.jpg
train,565,run_000008_img_565,567567,2048,1536,128299,images/run_000008/shard_0006/run_000008_img_565.jpg,images/train/run_000008_img_565.jpg
train,566,run_000008_img_566,568568,2048,1536,128284,images/run_000008/shard_0006/run_000008_img_566.jpg,images/train/run_000008_img_566.jpg
train,567,run_000008_img_567,569565,2048,1536,128378,images/run_000008/shard_0006/run_000008_img_567.jpg,images/train/run_000008_img_567.jpg
train,568,run_000008_img_568,570569,2048,1536,128519,images/run_000008/shard_0006/run_000008_img_568.jpg,images/train/run_000008_img_568.jpg
train,569,run_000008_img_569,571569,2048,1536,128563,images/run_000008/shard_0006/run_000008_img_569.jpg,images/train/run_000008_img_569.jpg
train,570,run_000008_img_570,573034,2048,1536,128556,images/run_000008/shard_0006/run_000008_img_570.jpg,images/train/run_000008_img_570.jpg
train,571,run_000008_img_571,573843,2048,1536,128484,images/run_000008/shard_0006/run_000008_img_571.jpg,images/train/run_000008_img_571.jpg
train,572,run_000008_img_572,574652,2048,1536,128501,images/run_000008/shard_0006/run_000008_img_572.jpg,images/train/run_000008_img_572.jpg
train,573,run_000008_img_573,575569,2048,1536,128370,images/run_000008/shard_0006/run_000008_img_573.jpg,images/train/run_000008_img_573.jpg
train,574,run_000008_img_574,576567,2048,1536,128483,images/run_000008/shard_0006/run_000008_img_574.jpg,images/train/run_000008_img_574.jpg
train,575,run_000008_img_575,577569,2048,1536,128546,images/run_000008/shard_0006/run_000008_img_575.jpg,images/train/run_000008_img_575.jpg
train,576,run_000008_img_576,578567,2048,1536,128639,images/run_000008/shard_0006/run_000008_img_576.jpg,images/train/run_000008_img_576.jpg
train,577,run_000008_img_577,579568,2048,1536,128658,images/run_000008/shard_0006/run_000008_img_577.jpg,images/train/run_000008_img_577.jpg
train,578,run_000008_img_578,580569,2048,1536,128760,images/run_000008/shard_0006/run_000008_img_578.jpg,images/train/run_000008_img_578.jpg
train,579,run_000008_img_579,581568,2048,1536,128742,images/run_000008/shard_0006/run_000008_img_579.jpg,images/train/run_000008_img_579.jpg
train,580,run_000008_img_580,582569,2048,1536,128618,images/run_000008/shard_0006/run_000008_img_580.jpg,images/train/run_000008_img_580.jpg
train,581,run_000008_img_581,583569,2048,1536,128678,images/run_000008/shard_0006/run_000008_img_581.jpg,images/train/run_000008_img_581.jpg
train,582,run_000008_img_582,584567,2048,1536,128869,images/run_000008/shard_0006/run_000008_img_582.jpg,images/train/run_000008_img_582.jpg
train,583,run_000008_img_583,585567,2048,1536,128627,images/run_000008/shard_0006/run_000008_img_583.jpg,images/train/run_000008_img_583.jpg
train,584,run_000008_img_584,586568,2048,1536,128493,images/run_000008/shard_0006/run_000008_img_584.jpg,images/train/run_000008_img_584.jpg
train,585,run_000008_img_585,587567,2048,1536,128598,images/run_000008/shard_0006/run_000008_img_585.jpg,images/train/run_000008_img_585.jpg
train,586,run_000008_img_586,588569,2048,1536,128486,images/run_000008/shard_0006/run_000008_img_586.jpg,images/train/run_000008_img_586.jpg
train,587,run_000008_img_587,589569,2048,1536,128641,images/run_000008/shard_0006/run_000008_img_587.jpg,images/train/run_000008_img_587.jpg
train,588,run_000008_img_588,590566,2048,1536,128523,images/run_000008/shard_0006/run_000008_img_588.jpg,images/train/run_000008_img_588.jpg
train,589,run_000008_img_589,591565,2048,1536,128363,images/run_000008/shard_0006/run_000008_img_589.jpg,images/train/run_000008_img_589.jpg
train,590,run_000008_img_590,592569,2048,1536,128434,images/run_000008/shard_0006/run_000008_img_590.jpg,images/train/run_000008_img_590.jpg
train,591,run_000008_img_591,593566,2048,1536,128489,images/run_000008/shard_0006/run_000008_img_591.jpg,images/train/run_000008_img_591.jpg
train,592,run_000008_img_592,594569,2048,1536,128640,images/run_000008/shard_0006/run_000008_img_592.jpg,images/train/run_000008_img_592.jpg
train,593,run_000008_img_593,595568,2048,1536,128679,images/run_000008/shard_0006/run_000008_img_593.jpg,images/train/run_000008_img_593.jpg
train,594,run_000008_img_594,596569,2048,1536,128891,images/run_000008/shard_0006/run_000008_img_594.jpg,images/train/run_000008_img_594.jpg
train,595,run_000008_img_595,597573,2048,1536,129024,images/run_000008/shard_0006/run_000008_img_595.jpg,images/train/run_000008_img_595.jpg
train,596,run_000008_img_596,598844,2048,1536,129228,images/run_000008/shard_0006/run_000008_img_596.jpg,images/train/run_000008_img_596.jpg
train,597,run_000008_img_597,599743,2048,1536,129459,images/run_000008/shard_0006/run_000008_img_597.jpg,images/train/run_000008_img_597.jpg
train,598,run_000008_img_598,600642,2048,1536,129814,images/run_000008/shard_0006/run_000008_img_598.jpg,images/train/run_000008_img_598.jpg
train,599,run_000008_img_599,601566,2048,1536,129886,images/run_000008/shard_0006/run_000008_img_599.jpg,images/train/run_000008_img_599.jpg
train,600,run_000008_img_600,602569,2048,1536,129618,images/run_000008/shard_0006/run_000008_img_600.jpg,images/train/run_000008_img_600.jpg
train,601,run_000008_img_601,604020,2048,1536,129978,images/run_000008/shard_0007/run_000008_img_601.jpg,images/train/run_000008_img_601.jpg
train,602,run_000008_img_602,604880,2048,1536,130184,images/run_000008/shard_0007/run_000008_img_602.jpg,images/train/run_000008_img_602.jpg
train,603,run_000008_img_603,605569,2048,1536,130296,images/run_000008/shard_0007/run_000008_img_603.jpg,images/train/run_000008_img_603.jpg
train,604,run_000008_img_604,606567,2048,1536,130160,images/run_000008/shard_0007/run_000008_img_604.jpg,images/train/run_000008_img_604.jpg
train,605,run_000008_img_605,607566,2048,1536,130512,images/run_000008/shard_0007/run_000008_img_605.jpg,images/train/run_000008_img_605.jpg
train,606,run_000008_img_606,608569,2048,1536,130495,images/run_000008/shard_0007/run_000008_img_606.jpg,images/train/run_000008_img_606.jpg
train,607,run_000008_img_607,609566,2048,1536,130541,images/run_000008/shard_0007/run_000008_img_607.jpg,images/train/run_000008_img_607.jpg
train,608,run_000008_img_608,610567,2048,1536,130556,images/run_000008/shard_0007/run_000008_img_608.jpg,images/train/run_000008_img_608.jpg
train,609,run_000008_img_609,611568,2048,1536,130503,images/run_000008/shard_0007/run_000008_img_609.jpg,images/train/run_000008_img_609.jpg
train,610,run_000008_img_610,612693,2048,1536,130566,images/run_000008/shard_0007/run_000008_img_610.jpg,images/train/run_000008_img_610.jpg
train,611,run_000008_img_611,613569,2048,1536,130808,images/run_000008/shard_0007/run_000008_img_611.jpg,images/train/run_000008_img_611.jpg
train,612,run_000008_img_612,614567,2048,1536,130657,images/run_000008/shard_0007/run_000008_img_612.jpg,images/train/run_000008_img_612.jpg
train,613,run_000008_img_613,615566,2048,1536,130851,images/run_000008/shard_0007/run_000008_img_613.jpg,images/train/run_000008_img_613.jpg
train,614,run_000008_img_614,616568,2048,1536,130803,images/run_000008/shard_0007/run_000008_img_614.jpg,images/train/run_000008_img_614.jpg
train,615,run_000008_img_615,617567,2048,1536,130766,images/run_000008/shard_0007/run_000008_img_615.jpg,images/train/run_000008_img_615.jpg
train,616,run_000008_img_616,618568,2048,1536,130860,images/run_000008/shard_0007/run_000008_img_616.jpg,images/train/run_000008_img_616.jpg
train,617,run_000008_img_617,619567,2048,1536,130944,images/run_000008/shard_0007/run_000008_img_617.jpg,images/train/run_000008_img_617.jpg
train,618,run_000008_img_618,620569,2048,1536,130988,images/run_000008/shard_0007/run_000008_img_618.jpg,images/train/run_000008_img_618.jpg
train,619,run_000008_img_619,621565,2048,1536,131011,images/run_000008/shard_0007/run_000008_img_619.jpg,images/train/run_000008_img_619.jpg
train,620,run_000008_img_620,622566,2048,1536,131048,images/run_000008/shard_0007/run_000008_img_620.jpg,images/train/run_000008_img_620.jpg
train,621,run_000008_img_621,623569,2048,1536,131076,images/run_000008/shard_0007/run_000008_img_621.jpg,images/train/run_000008_img_621.jpg
train,622,run_000008_img_622,624570,2048,1536,131187,images/run_000008/shard_0007/run_000008_img_622.jpg,images/train/run_000008_img_622.jpg
train,623,run_000008_img_623,625568,2048,1536,131226,images/run_000008/shard_0007/run_000008_img_623.jpg,images/train/run_000008_img_623.jpg
train,624,run_000008_img_624,626567,2048,1536,131350,images/run_000008/shard_0007/run_000008_img_624.jpg,images/train/run_000008_img_624.jpg
train,625,run_000008_img_625,627565,2048,1536,131452,images/run_000008/shard_0007/run_000008_img_625.jpg,images/train/run_000008_img_625.jpg
train,626,run_000008_img_626,628567,2048,1536,131632,images/run_000008/shard_0007/run_000008_img_626.jpg,images/train/run_000008_img_626.jpg
train,627,run_000008_img_627,629779,2048,1536,131649,images/run_000008/shard_0007/run_000008_img_627.jpg,images/train/run_000008_img_627.jpg
train,628,run_000008_img_628,630567,2048,1536,131767,images/run_000008/shard_0007/run_000008_img_628.jpg,images/train/run_000008_img_628.jpg
train,629,run_000008_img_629,631567,2048,1536,131894,images/run_000008/shard_0007/run_000008_img_629.jpg,images/train/run_000008_img_629.jpg
train,630,run_000008_img_630,632568,2048,1536,131964,images/run_000008/shard_0007/run_000008_img_630.jpg,images/train/run_000008_img_630.jpg
train,631,run_000008_img_631,633736,2048,1536,132339,images/run_000008/shard_0007/run_000008_img_631.jpg,images/train/run_000008_img_631.jpg
train,632,run_000008_img_632,634566,2048,1536,132519,images/run_000008/shard_0007/run_000008_img_632.jpg,images/train/run_000008_img_632.jpg
train,633,run_000008_img_633,635568,2048,1536,132621,images/run_000008/shard_0007/run_000008_img_633.jpg,images/train/run_000008_img_633.jpg
train,634,run_000008_img_634,636568,2048,1536,132769,images/run_000008/shard_0007/run_000008_img_634.jpg,images/train/run_000008_img_634.jpg
train,635,run_000008_img_635,637568,2048,1536,128745,images/run_000008/shard_0007/run_000008_img_635.jpg,images/train/run_000008_img_635.jpg
train,636,run_000008_img_636,638570,2048,1536,129154,images/run_000008/shard_0007/run_000008_img_636.jpg,images/train/run_000008_img_636.jpg
train,637,run_000008_img_637,639565,2048,1536,129494,images/run_000008/shard_0007/run_000008_img_637.jpg,images/train/run_000008_img_637.jpg
train,638,run_000008_img_638,640568,2048,1536,129680,images/run_000008/shard_0007/run_000008_img_638.jpg,images/train/run_000008_img_638.jpg
train,639,run_000008_img_639,641566,2048,1536,129915,images/run_000008/shard_0007/run_000008_img_639.jpg,images/train/run_000008_img_639.jpg
train,640,run_000008_img_640,642567,2048,1536,130022,images/run_000008/shard_0007/run_000008_img_640.jpg,images/train/run_000008_img_640.jpg
train,641,run_000008_img_641,643569,2048,1536,130304,images/run_000008/shard_0007/run_000008_img_641.jpg,images/train/run_000008_img_641.jpg
train,642,run_000008_img_642,644567,2048,1536,130309,images/run_000008/shard_0007/run_000008_img_642.jpg,images/train/run_000008_img_642.jpg
train,643,run_000008_img_643,645569,2048,1536,130476,images/run_000008/shard_0007/run_000008_img_643.jpg,images/train/run_000008_img_643.jpg
train,644,run_000008_img_644,646565,2048,1536,130530,images/run_000008/shard_0007/run_000008_img_644.jpg,images/train/run_000008_img_644.jpg
train,645,run_000008_img_645,647565,2048,1536,130947,images/run_000008/shard_0007/run_000008_img_645.jpg,images/train/run_000008_img_645.jpg
train,646,run_000008_img_646,648568,2048,1536,131630,images/run_000008/shard_0007/run_000008_img_646.jpg,images/train/run_000008_img_646.jpg
train,647,run_000008_img_647,649569,2048,1536,131638,images/run_000008/shard_0007/run_000008_img_647.jpg,images/train/run_000008_img_647.jpg
train,648,run_000008_img_648,650569,2048,1536,131363,images/run_000008/shard_0007/run_000008_img_648.jpg,images/train/run_000008_img_648.jpg
train,649,run_000008_img_649,651566,2048,1536,131483,images/run_000008/shard_0007/run_000008_img_649.jpg,images/train/run_000008_img_649.jpg
train,650,run_000008_img_650,652567,2048,1536,131292,images/run_000008/shard_0007/run_000008_img_650.jpg,images/train/run_000008_img_650.jpg
train,651,run_000008_img_651,653569,2048,1536,130771,images/run_000008/shard_0007/run_000008_img_651.jpg,images/train/run_000008_img_651.jpg
train,652,run_000008_img_652,654569,2048,1536,130556,images/run_000008/shard_0007/run_000008_img_652.jpg,images/train/run_000008_img_652.jpg
train,653,run_000008_img_653,655566,2048,1536,130292,images/run_000008/shard_0007/run_000008_img_653.jpg,images/train/run_000008_img_653.jpg
train,654,run_000008_img_654,656568,2048,1536,130063,images/run_000008/shard_0007/run_000008_img_654.jpg,images/train/run_000008_img_654.jpg
train,655,run_000008_img_655,657569,2048,1536,129831,images/run_000008/shard_0007/run_000008_img_655.jpg,images/train/run_000008_img_655.jpg
train,656,run_000008_img_656,658569,2048,1536,129821,images/run_000008/shard_0007/run_000008_img_656.jpg,images/train/run_000008_img_656.jpg
train,657,run_000008_img_657,659565,2048,1536,129682,images/run_000008/shard_0007/run_000008_img_657.jpg,images/train/run_000008_img_657.jpg
train,658,run_000008_img_658,660805,2048,1536,129544,images/run_000008/shard_0007/run_000008_img_658.jpg,images/train/run_000008_img_658.jpg
train,659,run_000008_img_659,661615,2048,1536,129488,images/run_000008/shard_0007/run_000008_img_659.jpg,images/train/run_000008_img_659.jpg
train,660,run_000008_img_660,662566,2048,1536,129434,images/run_000008/shard_0007/run_000008_img_660.jpg,images/train/run_000008_img_660.jpg
train,661,run_000008_img_661,663566,2048,1536,129396,images/run_000008/shard_0007/run_000008_img_661.jpg,images/train/run_000008_img_661.jpg
train,662,run_000008_img_662,664566,2048,1536,129194,images/run_000008/shard_0007/run_000008_img_662.jpg,images/train/run_000008_img_662.jpg
train,663,run_000008_img_663,665567,2048,1536,129116,images/run_000008/shard_0007/run_000008_img_663.jpg,images/train/run_000008_img_663.jpg
train,664,run_000008_img_664,666568,2048,1536,129176,images/run_000008/shard_0007/run_000008_img_664.jpg,images/train/run_000008_img_664.jpg
train,665,run_000008_img_665,667567,2048,1536,129428,images/run_000008/shard_0007/run_000008_img_665.jpg,images/train/run_000008_img_665.jpg
train,666,run_000008_img_666,668568,2048,1536,129636,images/run_000008/shard_0007/run_000008_img_666.jpg,images/train/run_000008_img_666.jpg
train,667,run_000008_img_667,669567,2048,1536,129903,images/run_000008/shard_0007/run_000008_img_667.jpg,images/train/run_000008_img_667.jpg
train,668,run_000008_img_668,670567,2048,1536,130090,images/run_000008/shard_0007/run_000008_img_668.jpg,images/train/run_000008_img_668.jpg
train,669,run_000008_img_669,671568,2048,1536,130148,images/run_000008/shard_0007/run_000008_img_669.jpg,images/train/run_000008_img_669.jpg
train,670,run_000008_img_670,672565,2048,1536,130315,images/run_000008/shard_0007/run_000008_img_670.jpg,images/train/run_000008_img_670.jpg
train,671,run_000008_img_671,673567,2048,1536,130491,images/run_000008/shard_0007/run_000008_img_671.jpg,images/train/run_000008_img_671.jpg
train,672,run_000008_img_672,674567,2048,1536,130750,images/run_000008/shard_0007/run_000008_img_672.jpg,images/train/run_000008_img_672.jpg
train,673,run_000008_img_673,675565,2048,1536,130907,images/run_000008/shard_0007/run_000008_img_673.jpg,images/train/run_000008_img_673.jpg
train,674,run_000008_img_674,676568,2048,1536,131197,images/run_000008/shard_0007/run_000008_img_674.jpg,images/train/run_000008_img_674.jpg
train,675,run_000008_img_675,677568,2048,1536,131520,images/run_000008/shard_0007/run_000008_img_675.jpg,images/train/run_000008_img_675.jpg
train,676,run_000008_img_676,678567,2048,1536,131863,images/run_000008/shard_0007/run_000008_img_676.jpg,images/train/run_000008_img_676.jpg
train,677,run_000008_img_677,679569,2048,1536,132502,images/run_000008/shard_0007/run_000008_img_677.jpg,images/train/run_000008_img_677.jpg
train,678,run_000008_img_678,680569,2048,1536,132828,images/run_000008/shard_0007/run_000008_img_678.jpg,images/train/run_000008_img_678.jpg
train,679,run_000008_img_679,681566,2048,1536,128802,images/run_000008/shard_0007/run_000008_img_679.jpg,images/train/run_000008_img_679.jpg
train,680,run_000008_img_680,682570,2048,1536,129072,images/run_000008/shard_0007/run_000008_img_680.jpg,images/train/run_000008_img_680.jpg
train,681,run_000008_img_681,683568,2048,1536,129135,images/run_000008/shard_0007/run_000008_img_681.jpg,images/train/run_000008_img_681.jpg
train,682,run_000008_img_682,684568,2048,1536,129098,images/run_000008/shard_0007/run_000008_img_682.jpg,images/train/run_000008_img_682.jpg
train,683,run_000008_img_683,685567,2048,1536,129382,images/run_000008/shard_0007/run_000008_img_683.jpg,images/train/run_000008_img_683.jpg
train,684,run_000008_img_684,686880,2048,1536,129697,images/run_000008/shard_0007/run_000008_img_684.jpg,images/train/run_000008_img_684.jpg
train,685,run_000008_img_685,687784,2048,1536,129623,images/run_000008/shard_0007/run_000008_img_685.jpg,images/train/run_000008_img_685.jpg
train,686,run_000008_img_686,688683,2048,1536,129568,images/run_000008/shard_0007/run_000008_img_686.jpg,images/train/run_000008_img_686.jpg
train,687,run_000008_img_687,689583,2048,1536,129663,images/run_000008/shard_0007/run_000008_img_687.jpg,images/train/run_000008_img_687.jpg
train,688,run_000008_img_688,690566,2048,1536,129662,images/run_000008/shard_0007/run_000008_img_688.jpg,images/train/run_000008_img_688.jpg
train,689,run_000008_img_689,691568,2048,1536,129591,images/run_000008/shard_0007/run_000008_img_689.jpg,images/train/run_000008_img_689.jpg
train,690,run_000008_img_690,693000,2048,1536,129887,images/run_000008/shard_0007/run_000008_img_690.jpg,images/train/run_000008_img_690.jpg
train,691,run_000008_img_691,693899,2048,1536,129884,images/run_000008/shard_0007/run_000008_img_691.jpg,images/train/run_000008_img_691.jpg
train,692,run_000008_img_692,694799,2048,1536,129870,images/run_000008/shard_0007/run_000008_img_692.jpg,images/train/run_000008_img_692.jpg
train,693,run_000008_img_693,695698,2048,1536,129991,images/run_000008/shard_0007/run_000008_img_693.jpg,images/train/run_000008_img_693.jpg
train,694,run_000008_img_694,696597,2048,1536,130134,images/run_000008/shard_0007/run_000008_img_694.jpg,images/train/run_000008_img_694.jpg
train,695,run_000008_img_695,697568,2048,1536,130084,images/run_000008/shard_0007/run_000008_img_695.jpg,images/train/run_000008_img_695.jpg
train,696,run_000008_img_696,698569,2048,1536,130160,images/run_000008/shard_0007/run_000008_img_696.jpg,images/train/run_000008_img_696.jpg
train,697,run_000008_img_697,699570,2048,1536,130164,images/run_000008/shard_0007/run_000008_img_697.jpg,images/train/run_000008_img_697.jpg
train,698,run_000008_img_698,700568,2048,1536,130469,images/run_000008/shard_0007/run_000008_img_698.jpg,images/train/run_000008_img_698.jpg
train,699,run_000008_img_699,701569,2048,1536,130406,images/run_000008/shard_0007/run_000008_img_699.jpg,images/train/run_000008_img_699.jpg
train,700,run_000008_img_700,702569,2048,1536,130635,images/run_000008/shard_0007/run_000008_img_700.jpg,images/train/run_000008_img_700.jpg
train,701,run_000008_img_701,704021,2048,1536,130665,images/run_000008/shard_0008/run_000008_img_701.jpg,images/train/run_000008_img_701.jpg
train,702,run_000008_img_702,704915,2048,1536,130948,images/run_000008/shard_0008/run_000008_img_702.jpg,images/train/run_000008_img_702.jpg
train,703,run_000008_img_703,705568,2048,1536,131005,images/run_000008/shard_0008/run_000008_img_703.jpg,images/train/run_000008_img_703.jpg
train,704,run_000008_img_704,706566,2048,1536,131058,images/run_000008/shard_0008/run_000008_img_704.jpg,images/train/run_000008_img_704.jpg
train,705,run_000008_img_705,707566,2048,1536,131219,images/run_000008/shard_0008/run_000008_img_705.jpg,images/train/run_000008_img_705.jpg
train,706,run_000008_img_706,708570,2048,1536,131239,images/run_000008/shard_0008/run_000008_img_706.jpg,images/train/run_000008_img_706.jpg
train,707,run_000008_img_707,709707,2048,1536,131415,images/run_000008/shard_0008/run_000008_img_707.jpg,images/train/run_000008_img_707.jpg
train,708,run_000008_img_708,710569,2048,1536,131453,images/run_000008/shard_0008/run_000008_img_708.jpg,images/train/run_000008_img_708.jpg
train,709,run_000008_img_709,711569,2048,1536,131427,images/run_000008/shard_0008/run_000008_img_709.jpg,images/train/run_000008_img_709.jpg
train,710,run_000008_img_710,712565,2048,1536,131519,images/run_000008/shard_0008/run_000008_img_710.jpg,images/train/run_000008_img_710.jpg
train,711,run_000008_img_711,713568,2048,1536,131821,images/run_000008/shard_0008/run_000008_img_711.jpg,images/train/run_000008_img_711.jpg
train,712,run_000008_img_712,714569,2048,1536,132244,images/run_000008/shard_0008/run_000008_img_712.jpg,images/train/run_000008_img_712.jpg
train,713,run_000008_img_713,715568,2048,1536,132683,images/run_000008/shard_0008/run_000008_img_713.jpg,images/train/run_000008_img_713.jpg
train,714,run_000008_img_714,716566,2048,1536,133399,images/run_000008/shard_0008/run_000008_img_714.jpg,images/train/run_000008_img_714.jpg
train,715,run_000008_img_715,717565,2048,1536,129706,images/run_000008/shard_0008/run_000008_img_715.jpg,images/train/run_000008_img_715.jpg
train,716,run_000008_img_716,718567,2048,1536,130740,images/run_000008/shard_0008/run_000008_img_716.jpg,images/train/run_000008_img_716.jpg
train,717,run_000008_img_717,719565,2048,1536,131882,images/run_000008/shard_0008/run_000008_img_717.jpg,images/train/run_000008_img_717.jpg
train,718,run_000008_img_718,720569,2048,1536,132308,images/run_000008/shard_0008/run_000008_img_718.jpg,images/train/run_000008_img_718.jpg
train,719,run_000008_img_719,721568,2048,1536,133093,images/run_000008/shard_0008/run_000008_img_719.jpg,images/train/run_000008_img_719.jpg
train,720,run_000008_img_720,722568,2048,1536,132891,images/run_000008/shard_0008/run_000008_img_720.jpg,images/train/run_000008_img_720.jpg
train,721,run_000008_img_721,723567,2048,1536,131712,images/run_000008/shard_0008/run_000008_img_721.jpg,images/train/run_000008_img_721.jpg
train,722,run_000008_img_722,724567,2048,1536,130373,images/run_000008/shard_0008/run_000008_img_722.jpg,images/train/run_000008_img_722.jpg
train,723,run_000008_img_723,725567,2048,1536,129477,images/run_000008/shard_0008/run_000008_img_723.jpg,images/train/run_000008_img_723.jpg
train,724,run_000008_img_724,726724,2048,1536,128827,images/run_000008/shard_0008/run_000008_img_724.jpg,images/train/run_000008_img_724.jpg
train,725,run_000008_img_725,727565,2048,1536,128876,images/run_000008/shard_0008/run_000008_img_725.jpg,images/train/run_000008_img_725.jpg
train,726,run_000008_img_726,728566,2048,1536,128592,images/run_000008/shard_0008/run_000008_img_726.jpg,images/train/run_000008_img_726.jpg
train,727,run_000008_img_727,729569,2048,1536,128723,images/run_000008/shard_0008/run_000008_img_727.jpg,images/train/run_000008_img_727.jpg
train,728,run_000008_img_728,730568,2048,1536,128666,images/run_000008/shard_0008/run_000008_img_728.jpg,images/train/run_000008_img_728.jpg
train,729,run_000008_img_729,731569,2048,1536,128782,images/run_000008/shard_0008/run_000008_img_729.jpg,images/train/run_000008_img_729.jpg
train,730,run_000008_img_730,732568,2048,1536,128980,images/run_000008/shard_0008/run_000008_img_730.jpg,images/train/run_000008_img_730.jpg
train,731,run_000008_img_731,733568,2048,1536,129082,images/run_000008/shard_0008/run_000008_img_731.jpg,images/train/run_000008_img_731.jpg
train,732,run_000008_img_732,734569,2048,1536,129170,images/run_000008/shard_0008/run_000008_img_732.jpg,images/train/run_000008_img_732.jpg
train,733,run_000008_img_733,735565,2048,1536,129237,images/run_000008/shard_0008/run_000008_img_733.jpg,images/train/run_000008_img_733.jpg
train,734,run_000008_img_734,736568,2048,1536,129401,images/run_000008/shard_0008/run_000008_img_734.jpg,images/train/run_000008_img_734.jpg
train,735,run_000008_img_735,737568,2048,1536,129466,images/run_000008/shard_0008/run_000008_img_735.jpg,images/train/run_000008_img_735.jpg
train,736,run_000008_img_736,738567,2048,1536,129736,images/run_000008/shard_0008/run_000008_img_736.jpg,images/train/run_000008_img_736.jpg
train,737,run_000008_img_737,739567,2048,1536,129813,images/run_000008/shard_0008/run_000008_img_737.jpg,images/train/run_000008_img_737.jpg
train,738,run_000008_img_738,740568,2048,1536,129995,images/run_000008/shard_0008/run_000008_img_738.jpg,images/train/run_000008_img_738.jpg
train,739,run_000008_img_739,741569,2048,1536,130065,images/run_000008/shard_0008/run_000008_img_739.jpg,images/train/run_000008_img_739.jpg
train,740,run_000008_img_740,742565,2048,1536,130306,images/run_000008/shard_0008/run_000008_img_740.jpg,images/train/run_000008_img_740.jpg
train,741,run_000008_img_741,743811,2048,1536,131071,images/run_000008/shard_0008/run_000008_img_741.jpg,images/train/run_000008_img_741.jpg
train,742,run_000008_img_742,744568,2048,1536,131212,images/run_000008/shard_0008/run_000008_img_742.jpg,images/train/run_000008_img_742.jpg
train,743,run_000008_img_743,745566,2048,1536,131312,images/run_000008/shard_0008/run_000008_img_743.jpg,images/train/run_000008_img_743.jpg
train,744,run_000008_img_744,746566,2048,1536,131351,images/run_000008/shard_0008/run_000008_img_744.jpg,images/train/run_000008_img_744.jpg
train,745,run_000008_img_745,747569,2048,1536,131231,images/run_000008/shard_0008/run_000008_img_745.jpg,images/train/run_000008_img_745.jpg
train,746,run_000008_img_746,748569,2048,1536,131249,images/run_000008/shard_0008/run_000008_img_746.jpg,images/train/run_000008_img_746.jpg
train,747,run_000008_img_747,749568,2048,1536,131303,images/run_000008/shard_0008/run_000008_img_747.jpg,images/train/run_000008_img_747.jpg
train,748,run_000008_img_748,750825,2048,1536,131415,images/run_000008/shard_0008/run_000008_img_748.jpg,images/train/run_000008_img_748.jpg
train,749,run_000008_img_749,751635,2048,1536,131371,images/run_000008/shard_0008/run_000008_img_749.jpg,images/train/run_000008_img_749.jpg
train,750,run_000008_img_750,752568,2048,1536,131784,images/run_000008/shard_0008/run_000008_img_750.jpg,images/train/run_000008_img_750.jpg
train,751,run_000008_img_751,753568,2048,1536,131742,images/run_000008/shard_0008/run_000008_img_751.jpg,images/train/run_000008_img_751.jpg
train,752,run_000008_img_752,754565,2048,1536,131980,images/run_000008/shard_0008/run_000008_img_752.jpg,images/train/run_000008_img_752.jpg
train,753,run_000008_img_753,755566,2048,1536,132200,images/run_000008/shard_0008/run_000008_img_753.jpg,images/train/run_000008_img_753.jpg
train,754,run_000008_img_754,756569,2048,1536,132243,images/run_000008/shard_0008/run_000008_img_754.jpg,images/train/run_000008_img_754.jpg
train,755,run_000008_img_755,757569,2048,1536,132504,images/run_000008/shard_0008/run_000008_img_755.jpg,images/train/run_000008_img_755.jpg
train,756,run_000008_img_756,758569,2048,1536,132614,images/run_000008/shard_0008/run_000008_img_756.jpg,images/train/run_000008_img_756.jpg
train,757,run_000008_img_757,759568,2048,1536,132875,images/run_000008/shard_0008/run_000008_img_757.jpg,images/train/run_000008_img_757.jpg
train,758,run_000008_img_758,760570,2048,1536,133163,images/run_000008/shard_0008/run_000008_img_758.jpg,images/train/run_000008_img_758.jpg
train,759,run_000008_img_759,761566,2048,1536,133063,images/run_000008/shard_0008/run_000008_img_759.jpg,images/train/run_000008_img_759.jpg
train,760,run_000008_img_760,762565,2048,1536,132962,images/run_000008/shard_0008/run_000008_img_760.jpg,images/train/run_000008_img_760.jpg
train,761,run_000008_img_761,763567,2048,1536,133078,images/run_000008/shard_0008/run_000008_img_761.jpg,images/train/run_000008_img_761.jpg
train,762,run_000008_img_762,764568,2048,1536,133645,images/run_000008/shard_0008/run_000008_img_762.jpg,images/train/run_000008_img_762.jpg
train,763,run_000008_img_763,765568,2048,1536,134068,images/run_000008/shard_0008/run_000008_img_763.jpg,images/train/run_000008_img_763.jpg
train,764,run_000008_img_764,766566,2048,1536,134539,images/run_000008/shard_0008/run_000008_img_764.jpg,images/train/run_000008_img_764.jpg
train,765,run_000008_img_765,767570,2048,1536,135153,images/run_000008/shard_0008/run_000008_img_765.jpg,images/train/run_000008_img_765.jpg
train,766,run_000008_img_766,768567,2048,1536,135564,images/run_000008/shard_0008/run_000008_img_766.jpg,images/train/run_000008_img_766.jpg
train,767,run_000008_img_767,769566,2048,1536,135504,images/run_000008/shard_0008/run_000008_img_767.jpg,images/train/run_000008_img_767.jpg
train,768,run_000008_img_768,770569,2048,1536,135111,images/run_000008/shard_0008/run_000008_img_768.jpg,images/train/run_000008_img_768.jpg
train,769,run_000008_img_769,771565,2048,1536,134609,images/run_000008/shard_0008/run_000008_img_769.jpg,images/train/run_000008_img_769.jpg
train,770,run_000008_img_770,772566,2048,1536,134286,images/run_000008/shard_0008/run_000008_img_770.jpg,images/train/run_000008_img_770.jpg
train,771,run_000008_img_771,773565,2048,1536,133729,images/run_000008/shard_0008/run_000008_img_771.jpg,images/train/run_000008_img_771.jpg
train,772,run_000008_img_772,774625,2048,1536,133424,images/run_000008/shard_0008/run_000008_img_772.jpg,images/train/run_000008_img_772.jpg
train,773,run_000008_img_773,776275,2048,1536,132997,images/run_000008/shard_0008/run_000008_img_773.jpg,images/train/run_000008_img_773.jpg
train,774,run_000008_img_774,777175,2048,1536,133079,images/run_000008/shard_0008/run_000008_img_774.jpg,images/train/run_000008_img_774.jpg
train,775,run_000008_img_775,778074,2048,1536,133017,images/run_000008/shard_0008/run_000008_img_775.jpg,images/train/run_000008_img_775.jpg
train,776,run_000008_img_776,778973,2048,1536,132922,images/run_000008/shard_0008/run_000008_img_776.jpg,images/train/run_000008_img_776.jpg
train,777,run_000008_img_777,779872,2048,1536,132885,images/run_000008/shard_0008/run_000008_img_777.jpg,images/train/run_000008_img_777.jpg
train,778,run_000008_img_778,780772,2048,1536,132745,images/run_000008/shard_0008/run_000008_img_778.jpg,images/train/run_000008_img_778.jpg
train,779,run_000008_img_779,781671,2048,1536,132465,images/run_000008/shard_0008/run_000008_img_779.jpg,images/train/run_000008_img_779.jpg
train,780,run_000008_img_780,782570,2048,1536,132401,images/run_000008/shard_0008/run_000008_img_780.jpg,images/train/run_000008_img_780.jpg
train,781,run_000008_img_781,783567,2048,1536,132246,images/run_000008/shard_0008/run_000008_img_781.jpg,images/train/run_000008_img_781.jpg
train,782,run_000008_img_782,784568,2048,1536,131696,images/run_000008/shard_0008/run_000008_img_782.jpg,images/train/run_000008_img_782.jpg
train,783,run_000008_img_783,785567,2048,1536,131520,images/run_000008/shard_0008/run_000008_img_783.jpg,images/train/run_000008_img_783.jpg
train,784,run_000008_img_784,786569,2048,1536,131099,images/run_000008/shard_0008/run_000008_img_784.jpg,images/train/run_000008_img_784.jpg
train,785,run_000008_img_785,787568,2048,1536,130539,images/run_000008/shard_0008/run_000008_img_785.jpg,images/train/run_000008_img_785.jpg
train,786,run_000008_img_786,788565,2048,1536,130311,images/run_000008/shard_0008/run_000008_img_786.jpg,images/train/run_000008_img_786.jpg
train,787,run_000008_img_787,789566,2048,1536,130139,images/run_000008/shard_0008/run_000008_img_787.jpg,images/train/run_000008_img_787.jpg
train,788,run_000008_img_788,790567,2048,1536,129978,images/run_000008/shard_0008/run_000008_img_788.jpg,images/train/run_000008_img_788.jpg
train,789,run_000008_img_789,791566,2048,1536,130025,images/run_000008/shard_0008/run_000008_img_789.jpg,images/train/run_000008_img_789.jpg
train,790,run_000008_img_790,792565,2048,1536,129871,images/run_000008/shard_0008/run_000008_img_790.jpg,images/train/run_000008_img_790.jpg
train,791,run_000008_img_791,793569,2048,1536,129522,images/run_000008/shard_0008/run_000008_img_791.jpg,images/train/run_000008_img_791.jpg
train,792,run_000008_img_792,794569,2048,1536,129302,images/run_000008/shard_0008/run_000008_img_792.jpg,images/train/run_000008_img_792.jpg
train,793,run_000008_img_793,795568,2048,1536,129246,images/run_000008/shard_0008/run_000008_img_793.jpg,images/train/run_000008_img_793.jpg
train,794,run_000008_img_794,796568,2048,1536,130296,images/run_000008/shard_0008/run_000008_img_794.jpg,images/train/run_000008_img_794.jpg
train,795,run_000008_img_795,797567,2048,1536,130078,images/run_000008/shard_0008/run_000008_img_795.jpg,images/train/run_000008_img_795.jpg
train,796,run_000008_img_796,798578,2048,1536,129975,images/run_000008/shard_0008/run_000008_img_796.jpg,images/train/run_000008_img_796.jpg
train,797,run_000008_img_797,799771,2048,1536,129772,images/run_000008/shard_0008/run_000008_img_797.jpg,images/train/run_000008_img_797.jpg
train,798,run_000008_img_798,801006,2048,1536,129498,images/run_000008/shard_0008/run_000008_img_798.jpg,images/train/run_000008_img_798.jpg
train,799,run_000008_img_799,801995,2048,1536,129366,images/run_000008/shard_0008/run_000008_img_799.jpg,images/train/run_000008_img_799.jpg
train,800,run_000008_img_800,802985,2048,1536,129344,images/run_000008/shard_0008/run_000008_img_800.jpg,images/train/run_000008_img_800.jpg
train,801,run_000008_img_801,804521,2048,1536,129102,images/run_000008/shard_0009/run_000008_img_801.jpg,images/train/run_000008_img_801.jpg
train,802,run_000008_img_802,805968,2048,1536,128854,images/run_000008/shard_0009/run_000008_img_802.jpg,images/train/run_000008_img_802.jpg
train,803,run_000008_img_803,806969,2048,1536,128871,images/run_000008/shard_0009/run_000008_img_803.jpg,images/train/run_000008_img_803.jpg
train,804,run_000008_img_804,807968,2048,1536,128994,images/run_000008/shard_0009/run_000008_img_804.jpg,images/train/run_000008_img_804.jpg
train,805,run_000008_img_805,808971,2048,1536,129039,images/run_000008/shard_0009/run_000008_img_805.jpg,images/train/run_000008_img_805.jpg
train,806,run_000008_img_806,809967,2048,1536,128991,images/run_000008/shard_0009/run_000008_img_806.jpg,images/train/run_000008_img_806.jpg
train,807,run_000008_img_807,810970,2048,1536,130606,images/run_000008/shard_0009/run_000008_img_807.jpg,images/train/run_000008_img_807.jpg
train,808,run_000008_img_808,811968,2048,1536,130600,images/run_000008/shard_0009/run_000008_img_808.jpg,images/train/run_000008_img_808.jpg
train,809,run_000008_img_809,812969,2048,1536,130344,images/run_000008/shard_0009/run_000008_img_809.jpg,images/train/run_000008_img_809.jpg
train,810,run_000008_img_810,813967,2048,1536,130387,images/run_000008/shard_0009/run_000008_img_810.jpg,images/train/run_000008_img_810.jpg
train,811,run_000008_img_811,814967,2048,1536,130298,images/run_000008/shard_0009/run_000008_img_811.jpg,images/train/run_000008_img_811.jpg
train,812,run_000008_img_812,815971,2048,1536,130230,images/run_000008/shard_0009/run_000008_img_812.jpg,images/train/run_000008_img_812.jpg
train,813,run_000008_img_813,816971,2048,1536,130193,images/run_000008/shard_0009/run_000008_img_813.jpg,images/train/run_000008_img_813.jpg
train,814,run_000008_img_814,817969,2048,1536,130055,images/run_000008/shard_0009/run_000008_img_814.jpg,images/train/run_000008_img_814.jpg
train,815,run_000008_img_815,818967,2048,1536,129478,images/run_000008/shard_0009/run_000008_img_815.jpg,images/train/run_000008_img_815.jpg
train,816,run_000008_img_816,819969,2048,1536,129200,images/run_000008/shard_0009/run_000008_img_816.jpg,images/train/run_000008_img_816.jpg
train,817,run_000008_img_817,820972,2048,1536,129015,images/run_000008/shard_0009/run_000008_img_817.jpg,images/train/run_000008_img_817.jpg
train,818,run_000008_img_818,821969,2048,1536,129132,images/run_000008/shard_0009/run_000008_img_818.jpg,images/train/run_000008_img_818.jpg
train,819,run_000008_img_819,823129,2048,1536,128875,images/run_000008/shard_0009/run_000008_img_819.jpg,images/train/run_000008_img_819.jpg
train,820,run_000008_img_820,823971,2048,1536,128958,images/run_000008/shard_0009/run_000008_img_820.jpg,images/train/run_000008_img_820.jpg
train,821,run_000008_img_821,824969,2048,1536,128967,images/run_000008/shard_0009/run_000008_img_821.jpg,images/train/run_000008_img_821.jpg
train,822,run_000008_img_822,825969,2048,1536,128971,images/run_000008/shard_0009/run_000008_img_822.jpg,images/train/run_000008_img_822.jpg
train,823,run_000008_img_823,826969,2048,1536,129279,images/run_000008/shard_0009/run_000008_img_823.jpg,images/train/run_000008_img_823.jpg
train,824,run_000008_img_824,827971,2048,1536,129322,images/run_000008/shard_0009/run_000008_img_824.jpg,images/train/run_000008_img_824.jpg
train,825,run_000008_img_825,828971,2048,1536,129500,images/run_000008/shard_0009/run_000008_img_825.jpg,images/train/run_000008_img_825.jpg
train,826,run_000008_img_826,829970,2048,1536,129772,images/run_000008/shard_0009/run_000008_img_826.jpg,images/train/run_000008_img_826.jpg
train,827,run_000008_img_827,830970,2048,1536,129670,images/run_000008/shard_0009/run_000008_img_827.jpg,images/train/run_000008_img_827.jpg
train,828,run_000008_img_828,831968,2048,1536,129974,images/run_000008/shard_0009/run_000008_img_828.jpg,images/train/run_000008_img_828.jpg
train,829,run_000008_img_829,832969,2048,1536,130150,images/run_000008/shard_0009/run_000008_img_829.jpg,images/train/run_000008_img_829.jpg
train,830,run_000008_img_830,833968,2048,1536,130365,images/run_000008/shard_0009/run_000008_img_830.jpg,images/train/run_000008_img_830.jpg
train,831,run_000008_img_831,834967,2048,1536,130642,images/run_000008/shard_0009/run_000008_img_831.jpg,images/train/run_000008_img_831.jpg
train,832,run_000008_img_832,835969,2048,1536,131135,images/run_000008/shard_0009/run_000008_img_832.jpg,images/train/run_000008_img_832.jpg
train,833,run_000008_img_833,836967,2048,1536,131447,images/run_000008/shard_0009/run_000008_img_833.jpg,images/train/run_000008_img_833.jpg
train,834,run_000008_img_834,837971,2048,1536,131659,images/run_000008/shard_0009/run_000008_img_834.jpg,images/train/run_000008_img_834.jpg
train,835,run_000008_img_835,838969,2048,1536,132429,images/run_000008/shard_0009/run_000008_img_835.jpg,images/train/run_000008_img_835.jpg
train,836,run_000008_img_836,840036,2048,1536,132556,images/run_000008/shard_0009/run_000008_img_836.jpg,images/train/run_000008_img_836.jpg
train,837,run_000008_img_837,840968,2048,1536,132902,images/run_000008/shard_0009/run_000008_img_837.jpg,images/train/run_000008_img_837.jpg
train,838,run_000008_img_838,841969,2048,1536,132989,images/run_000008/shard_0009/run_000008_img_838.jpg,images/train/run_000008_img_838.jpg
train,839,run_000008_img_839,842969,2048,1536,132466,images/run_000008/shard_0009/run_000008_img_839.jpg,images/train/run_000008_img_839.jpg
train,840,run_000008_img_840,843969,2048,1536,132282,images/run_000008/shard_0009/run_000008_img_840.jpg,images/train/run_000008_img_840.jpg
train,841,run_000008_img_841,844970,2048,1536,132484,images/run_000008/shard_0009/run_000008_img_841.jpg,images/train/run_000008_img_841.jpg
train,842,run_000008_img_842,845971,2048,1536,133369,images/run_000008/shard_0009/run_000008_img_842.jpg,images/train/run_000008_img_842.jpg
train,843,run_000008_img_843,846972,2048,1536,133255,images/run_000008/shard_0009/run_000008_img_843.jpg,images/train/run_000008_img_843.jpg
train,844,run_000008_img_844,847971,2048,1536,133251,images/run_000008/shard_0009/run_000008_img_844.jpg,images/train/run_000008_img_844.jpg
train,845,run_000008_img_845,848969,2048,1536,133295,images/run_000008/shard_0009/run_000008_img_845.jpg,images/train/run_000008_img_845.jpg
train,846,run_000008_img_846,849968,2048,1536,133372,images/run_000008/shard_0009/run_000008_img_846.jpg,images/train/run_000008_img_846.jpg
train,847,run_000008_img_847,850967,2048,1536,133453,images/run_000008/shard_0009/run_000008_img_847.jpg,images/train/run_000008_img_847.jpg
train,848,run_000008_img_848,851971,2048,1536,133697,images/run_000008/shard_0009/run_000008_img_848.jpg,images/train/run_000008_img_848.jpg
train,849,run_000008_img_849,852967,2048,1536,133654,images/run_000008/shard_0009/run_000008_img_849.jpg,images/train/run_000008_img_849.jpg
train,850,run_000008_img_850,853972,2048,1536,133256,images/run_000008/shard_0009/run_000008_img_850.jpg,images/train/run_000008_img_850.jpg
train,851,run_000008_img_851,854970,2048,1536,133041,images/run_000008/shard_0009/run_000008_img_851.jpg,images/train/run_000008_img_851.jpg
train,852,run_000008_img_852,856043,2048,1536,132778,images/run_000008/shard_0009/run_000008_img_852.jpg,images/train/run_000008_img_852.jpg
train,853,run_000008_img_853,856967,2048,1536,132536,images/run_000008/shard_0009/run_000008_img_853.jpg,images/train/run_000008_img_853.jpg
train,854,run_000008_img_854,857970,2048,1536,132433,images/run_000008/shard_0009/run_000008_img_854.jpg,images/train/run_000008_img_854.jpg
train,855,run_000008_img_855,858967,2048,1536,132324,images/run_000008/shard_0009/run_000008_img_855.jpg,images/train/run_000008_img_855.jpg
train,856,run_000008_img_856,859972,2048,1536,132192,images/run_000008/shard_0009/run_000008_img_856.jpg,images/train/run_000008_img_856.jpg
train,857,run_000008_img_857,860970,2048,1536,132215,images/run_000008/shard_0009/run_000008_img_857.jpg,images/train/run_000008_img_857.jpg
train,858,run_000008_img_858,862338,2048,1536,132463,images/run_000008/shard_0009/run_000008_img_858.jpg,images/train/run_000008_img_858.jpg
train,859,run_000008_img_859,863148,2048,1536,132447,images/run_000008/shard_0009/run_000008_img_859.jpg,images/train/run_000008_img_859.jpg
train,860,run_000008_img_860,863969,2048,1536,132730,images/run_000008/shard_0009/run_000008_img_860.jpg,images/train/run_000008_img_860.jpg
train,861,run_000008_img_861,864970,2048,1536,132811,images/run_000008/shard_0009/run_000008_img_861.jpg,images/train/run_000008_img_861.jpg
train,862,run_000008_img_862,865968,2048,1536,133108,images/run_000008/shard_0009/run_000008_img_862.jpg,images/train/run_000008_img_862.jpg
train,863,run_000008_img_863,866968,2048,1536,133288,images/run_000008/shard_0009/run_000008_img_863.jpg,images/train/run_000008_img_863.jpg
train,864,run_000008_img_864,867967,2048,1536,133449,images/run_000008/shard_0009/run_000008_img_864.jpg,images/train/run_000008_img_864.jpg
train,865,run_000008_img_865,868971,2048,1536,133631,images/run_000008/shard_0009/run_000008_img_865.jpg,images/train/run_000008_img_865.jpg
train,866,run_000008_img_866,869969,2048,1536,133809,images/run_000008/shard_0009/run_000008_img_866.jpg,images/train/run_000008_img_866.jpg
train,867,run_000008_img_867,870970,2048,1536,134078,images/run_000008/shard_0009/run_000008_img_867.jpg,images/train/run_000008_img_867.jpg
train,868,run_000008_img_868,871969,2048,1536,134415,images/run_000008/shard_0009/run_000008_img_868.jpg,images/train/run_000008_img_868.jpg
train,869,run_000008_img_869,872967,2048,1536,134355,images/run_000008/shard_0009/run_000008_img_869.jpg,images/train/run_000008_img_869.jpg
train,870,run_000008_img_870,873971,2048,1536,134482,images/run_000008/shard_0009/run_000008_img_870.jpg,images/train/run_000008_img_870.jpg
train,871,run_000008_img_871,874969,2048,1536,134536,images/run_000008/shard_0009/run_000008_img_871.jpg,images/train/run_000008_img_871.jpg
train,872,run_000008_img_872,875970,2048,1536,134465,images/run_000008/shard_0009/run_000008_img_872.jpg,images/train/run_000008_img_872.jpg
train,873,run_000008_img_873,876968,2048,1536,134468,images/run_000008/shard_0009/run_000008_img_873.jpg,images/train/run_000008_img_873.jpg
train,874,run_000008_img_874,877969,2048,1536,134096,images/run_000008/shard_0009/run_000008_img_874.jpg,images/train/run_000008_img_874.jpg
train,875,run_000008_img_875,878970,2048,1536,133999,images/run_000008/shard_0009/run_000008_img_875.jpg,images/train/run_000008_img_875.jpg
train,876,run_000008_img_876,879968,2048,1536,133587,images/run_000008/shard_0009/run_000008_img_876.jpg,images/train/run_000008_img_876.jpg
train,877,run_000008_img_877,880968,2048,1536,133460,images/run_000008/shard_0009/run_000008_img_877.jpg,images/train/run_000008_img_877.jpg
train,878,run_000008_img_878,882213,2048,1536,133686,images/run_000008/shard_0009/run_000008_img_878.jpg,images/train/run_000008_img_878.jpg
train,879,run_000008_img_879,883112,2048,1536,133851,images/run_000008/shard_0009/run_000008_img_879.jpg,images/train/run_000008_img_879.jpg
train,880,run_000008_img_880,884011,2048,1536,133958,images/run_000008/shard_0009/run_000008_img_880.jpg,images/train/run_000008_img_880.jpg
train,881,run_000008_img_881,884967,2048,1536,134060,images/run_000008/shard_0009/run_000008_img_881.jpg,images/train/run_000008_img_881.jpg
train,882,run_000008_img_882,885971,2048,1536,134002,images/run_000008/shard_0009/run_000008_img_882.jpg,images/train/run_000008_img_882.jpg
train,883,run_000008_img_883,887101,2048,1536,134287,images/run_000008/shard_0009/run_000008_img_883.jpg,images/train/run_000008_img_883.jpg
train,884,run_000008_img_884,888238,2048,1536,130640,images/run_000008/shard_0009/run_000008_img_884.jpg,images/train/run_000008_img_884.jpg
train,885,run_000008_img_885,889138,2048,1536,131066,images/run_000008/shard_0009/run_000008_img_885.jpg,images/train/run_000008_img_885.jpg
train,886,run_000008_img_886,890127,2048,1536,131978,images/run_000008/shard_0009/run_000008_img_886.jpg,images/train/run_000008_img_886.jpg
train,887,run_000008_img_887,891116,2048,1536,133485,images/run_000008/shard_0009/run_000008_img_887.jpg,images/train/run_000008_img_887.jpg
train,888,run_000008_img_888,892105,2048,1536,134504,images/run_000008/shard_0009/run_000008_img_888.jpg,images/train/run_000008_img_888.jpg
train,889,run_000008_img_889,893094,2048,1536,135413,images/run_000008/shard_0009/run_000008_img_889.jpg,images/train/run_000008_img_889.jpg
train,890,run_000008_img_890,894084,2048,1536,134756,images/run_000008/shard_0009/run_000008_img_890.jpg,images/train/run_000008_img_890.jpg
train,891,run_000008_img_891,894983,2048,1536,134287,images/run_000008/shard_0009/run_000008_img_891.jpg,images/train/run_000008_img_891.jpg
train,892,run_000008_img_892,895968,2048,1536,134764,images/run_000008/shard_0009/run_000008_img_892.jpg,images/train/run_000008_img_892.jpg
train,893,run_000008_img_893,896968,2048,1536,134841,images/run_000008/shard_0009/run_000008_img_893.jpg,images/train/run_000008_img_893.jpg
train,894,run_000008_img_894,897971,2048,1536,133622,images/run_000008/shard_0009/run_000008_img_894.jpg,images/train/run_000008_img_894.jpg
train,895,run_000008_img_895,898971,2048,1536,133448,images/run_000008/shard_0009/run_000008_img_895.jpg,images/train/run_000008_img_895.jpg
train,896,run_000008_img_896,899971,2048,1536,132530,images/run_000008/shard_0009/run_000008_img_896.jpg,images/train/run_000008_img_896.jpg
train,897,run_000008_img_897,900969,2048,1536,131775,images/run_000008/shard_0009/run_000008_img_897.jpg,images/train/run_000008_img_897.jpg
train,898,run_000008_img_898,901971,2048,1536,131794,images/run_000008/shard_0009/run_000008_img_898.jpg,images/train/run_000008_img_898.jpg
train,899,run_000008_img_899,902968,2048,1536,131852,images/run_000008/shard_0009/run_000008_img_899.jpg,images/train/run_000008_img_899.jpg
train,900,run_000008_img_900,903969,2048,1536,132396,images/run_000008/shard_0009/run_000008_img_900.jpg,images/train/run_000008_img_900.jpg
train,901,run_000008_img_901,905464,2048,1536,132957,images/run_000008/shard_0010/run_000008_img_901.jpg,images/train/run_000008_img_901.jpg
train,902,run_000008_img_902,906889,2048,1536,131361,images/run_000008/shard_0010/run_000008_img_902.jpg,images/train/run_000008_img_902.jpg
train,903,run_000008_img_903,907483,2048,1536,132536,images/run_000008/shard_0010/run_000008_img_903.jpg,images/train/run_000008_img_903.jpg
train,904,run_000008_img_904,908113,2048,1536,134157,images/run_000008/shard_0010/run_000008_img_904.jpg,images/train/run_000008_img_904.jpg
train,905,run_000008_img_905,908968,2048,1536,136026,images/run_000008/shard_0010/run_000008_img_905.jpg,images/train/run_000008_img_905.jpg
train,906,run_000008_img_906,909969,2048,1536,133405,images/run_000008/shard_0010/run_000008_img_906.jpg,images/train/run_000008_img_906.jpg
train,907,run_000008_img_907,910968,2048,1536,133955,images/run_000008/shard_0010/run_000008_img_907.jpg,images/train/run_000008_img_907.jpg
train,908,run_000008_img_908,911968,2048,1536,134660,images/run_000008/shard_0010/run_000008_img_908.jpg,images/train/run_000008_img_908.jpg
train,909,run_000008_img_909,913149,2048,1536,137141,images/run_000008/shard_0010/run_000008_img_909.jpg,images/train/run_000008_img_909.jpg
train,910,run_000008_img_910,913971,2048,1536,137769,images/run_000008/shard_0010/run_000008_img_910.jpg,images/train/run_000008_img_910.jpg
train,911,run_000008_img_911,914971,2048,1536,136886,images/run_000008/shard_0010/run_000008_img_911.jpg,images/train/run_000008_img_911.jpg
train,912,run_000008_img_912,915968,2048,1536,137980,images/run_000008/shard_0010/run_000008_img_912.jpg,images/train/run_000008_img_912.jpg
train,913,run_000008_img_913,916969,2048,1536,134898,images/run_000008/shard_0010/run_000008_img_913.jpg,images/train/run_000008_img_913.jpg
train,914,run_000008_img_914,917968,2048,1536,136181,images/run_000008/shard_0010/run_000008_img_914.jpg,images/train/run_000008_img_914.jpg
train,915,run_000008_img_915,918970,2048,1536,138013,images/run_000008/shard_0010/run_000008_img_915.jpg,images/train/run_000008_img_915.jpg
train,916,run_000008_img_916,919970,2048,1536,135181,images/run_000008/shard_0010/run_000008_img_916.jpg,images/train/run_000008_img_916.jpg
train,917,run_000008_img_917,920970,2048,1536,136765,images/run_000008/shard_0010/run_000008_img_917.jpg,images/train/run_000008_img_917.jpg
train,918,run_000008_img_918,921967,2048,1536,137942,images/run_000008/shard_0010/run_000008_img_918.jpg,images/train/run_000008_img_918.jpg
train,919,run_000008_img_919,922970,2048,1536,138613,images/run_000008/shard_0010/run_000008_img_919.jpg,images/train/run_000008_img_919.jpg
train,920,run_000008_img_920,923971,2048,1536,140678,images/run_000008/shard_0010/run_000008_img_920.jpg,images/train/run_000008_img_920.jpg
train,921,run_000008_img_921,924971,2048,1536,137834,images/run_000008/shard_0010/run_000008_img_921.jpg,images/train/run_000008_img_921.jpg
train,922,run_000008_img_922,925970,2048,1536,138834,images/run_000008/shard_0010/run_000008_img_922.jpg,images/train/run_000008_img_922.jpg
train,923,run_000008_img_923,926970,2048,1536,139181,images/run_000008/shard_0010/run_000008_img_923.jpg,images/train/run_000008_img_923.jpg
train,924,run_000008_img_924,927970,2048,1536,138583,images/run_000008/shard_0010/run_000008_img_924.jpg,images/train/run_000008_img_924.jpg
train,925,run_000008_img_925,928968,2048,1536,136853,images/run_000008/shard_0010/run_000008_img_925.jpg,images/train/run_000008_img_925.jpg
train,926,run_000008_img_926,929970,2048,1536,134449,images/run_000008/shard_0010/run_000008_img_926.jpg,images/train/run_000008_img_926.jpg
train,927,run_000008_img_927,930971,2048,1536,134535,images/run_000008/shard_0010/run_000008_img_927.jpg,images/train/run_000008_img_927.jpg
train,928,run_000008_img_928,931969,2048,1536,133728,images/run_000008/shard_0010/run_000008_img_928.jpg,images/train/run_000008_img_928.jpg
train,929,run_000008_img_929,932969,2048,1536,132877,images/run_000008/shard_0010/run_000008_img_929.jpg,images/train/run_000008_img_929.jpg
train,930,run_000008_img_930,933969,2048,1536,134270,images/run_000008/shard_0010/run_000008_img_930.jpg,images/train/run_000008_img_930.jpg
train,931,run_000008_img_931,934969,2048,1536,135400,images/run_000008/shard_0010/run_000008_img_931.jpg,images/train/run_000008_img_931.jpg
train,932,run_000008_img_932,936165,2048,1536,135926,images/run_000008/shard_0010/run_000008_img_932.jpg,images/train/run_000008_img_932.jpg
train,933,run_000008_img_933,936969,2048,1536,135824,images/run_000008/shard_0010/run_000008_img_933.jpg,images/train/run_000008_img_933.jpg
train,934,run_000008_img_934,938239,2048,1536,135259,images/run_000008/shard_0010/run_000008_img_934.jpg,images/train/run_000008_img_934.jpg
train,935,run_000008_img_935,938970,2048,1536,134280,images/run_000008/shard_0010/run_000008_img_935.jpg,images/train/run_000008_img_935.jpg
train,936,run_000008_img_936,939968,2048,1536,132914,images/run_000008/shard_0010/run_000008_img_936.jpg,images/train/run_000008_img_936.jpg
train,937,run_000008_img_937,940969,2048,1536,132511,images/run_000008/shard_0010/run_000008_img_937.jpg,images/train/run_000008_img_937.jpg
train,938,run_000008_img_938,941971,2048,1536,132277,images/run_000008/shard_0010/run_000008_img_938.jpg,images/train/run_000008_img_938.jpg
train,939,run_000008_img_939,942971,2048,1536,131582,images/run_000008/shard_0010/run_000008_img_939.jpg,images/train/run_000008_img_939.jpg
train,940,run_000008_img_940,943971,2048,1536,131599,images/run_000008/shard_0010/run_000008_img_940.jpg,images/train/run_000008_img_940.jpg
train,941,run_000008_img_941,944969,2048,1536,131563,images/run_000008/shard_0010/run_000008_img_941.jpg,images/train/run_000008_img_941.jpg
train,942,run_000008_img_942,945968,2048,1536,132379,images/run_000008/shard_0010/run_000008_img_942.jpg,images/train/run_000008_img_942.jpg
train,943,run_000008_img_943,946969,2048,1536,133200,images/run_000008/shard_0010/run_000008_img_943.jpg,images/train/run_000008_img_943.jpg
train,944,run_000008_img_944,947971,2048,1536,133317,images/run_000008/shard_0010/run_000008_img_944.jpg,images/train/run_000008_img_944.jpg
train,945,run_000008_img_945,948969,2048,1536,133010,images/run_000008/shard_0010/run_000008_img_945.jpg,images/train/run_000008_img_945.jpg
train,946,run_000008_img_946,949967,2048,1536,132825,images/run_000008/shard_0010/run_000008_img_946.jpg,images/train/run_000008_img_946.jpg
train,947,run_000008_img_947,950970,2048,1536,132385,images/run_000008/shard_0010/run_000008_img_947.jpg,images/train/run_000008_img_947.jpg
train,948,run_000008_img_948,951969,2048,1536,132032,images/run_000008/shard_0010/run_000008_img_948.jpg,images/train/run_000008_img_948.jpg
train,949,run_000008_img_949,952967,2048,1536,131718,images/run_000008/shard_0010/run_000008_img_949.jpg,images/train/run_000008_img_949.jpg
train,950,run_000008_img_950,953967,2048,1536,131553,images/run_000008/shard_0010/run_000008_img_950.jpg,images/train/run_000008_img_950.jpg
train,951,run_000008_img_951,954968,2048,1536,131721,images/run_000008/shard_0010/run_000008_img_951.jpg,images/train/run_000008_img_951.jpg
train,952,run_000008_img_952,955967,2048,1536,132887,images/run_000008/shard_0010/run_000008_img_952.jpg,images/train/run_000008_img_952.jpg
train,953,run_000008_img_953,956972,2048,1536,135153,images/run_000008/shard_0010/run_000008_img_953.jpg,images/train/run_000008_img_953.jpg
train,954,run_000008_img_954,957967,2048,1536,138620,images/run_000008/shard_0010/run_000008_img_954.jpg,images/train/run_000008_img_954.jpg
train,955,run_000008_img_955,958969,2048,1536,137775,images/run_000008/shard_0010/run_000008_img_955.jpg,images/train/run_000008_img_955.jpg
train,956,run_000008_img_956,959971,2048,1536,136561,images/run_000008/shard_0010/run_000008_img_956.jpg,images/train/run_000008_img_956.jpg
train,957,run_000008_img_957,960971,2048,1536,137592,images/run_000008/shard_0010/run_000008_img_957.jpg,images/train/run_000008_img_957.jpg
train,958,run_000008_img_958,961969,2048,1536,136458,images/run_000008/shard_0010/run_000008_img_958.jpg,images/train/run_000008_img_958.jpg
train,959,run_000008_img_959,963330,2048,1536,133214,images/run_000008/shard_0010/run_000008_img_959.jpg,images/train/run_000008_img_959.jpg
train,960,run_000008_img_960,965218,2048,1536,134152,images/run_000008/shard_0010/run_000008_img_960.jpg,images/train/run_000008_img_960.jpg
train,961,run_000008_img_961,966120,2048,1536,132787,images/run_000008/shard_0010/run_000008_img_961.jpg,images/train/run_000008_img_961.jpg
train,962,run_000008_img_962,967122,2048,1536,133437,images/run_000008/shard_0010/run_000008_img_962.jpg,images/train/run_000008_img_962.jpg
train,963,run_000008_img_963,968122,2048,1536,132947,images/run_000008/shard_0010/run_000008_img_963.jpg,images/train/run_000008_img_963.jpg
train,964,run_000008_img_964,969124,2048,1536,132869,images/run_000008/shard_0010/run_000008_img_964.jpg,images/train/run_000008_img_964.jpg
train,965,run_000008_img_965,970124,2048,1536,133426,images/run_000008/shard_0010/run_000008_img_965.jpg,images/train/run_000008_img_965.jpg
train,966,run_000008_img_966,971120,2048,1536,132342,images/run_000008/shard_0010/run_000008_img_966.jpg,images/train/run_000008_img_966.jpg
train,967,run_000008_img_967,972122,2048,1536,132402,images/run_000008/shard_0010/run_000008_img_967.jpg,images/train/run_000008_img_967.jpg
train,968,run_000008_img_968,973121,2048,1536,132027,images/run_000008/shard_0010/run_000008_img_968.jpg,images/train/run_000008_img_968.jpg
train,969,run_000008_img_969,974123,2048,1536,132476,images/run_000008/shard_0010/run_000008_img_969.jpg,images/train/run_000008_img_969.jpg
train,970,run_000008_img_970,975121,2048,1536,133122,images/run_000008/shard_0010/run_000008_img_970.jpg,images/train/run_000008_img_970.jpg
train,971,run_000008_img_971,976123,2048,1536,133650,images/run_000008/shard_0010/run_000008_img_971.jpg,images/train/run_000008_img_971.jpg
train,972,run_000008_img_972,977124,2048,1536,133859,images/run_000008/shard_0010/run_000008_img_972.jpg,images/train/run_000008_img_972.jpg
train,973,run_000008_img_973,978121,2048,1536,133747,images/run_000008/shard_0010/run_000008_img_973.jpg,images/train/run_000008_img_973.jpg
train,974,run_000008_img_974,979120,2048,1536,133090,images/run_000008/shard_0010/run_000008_img_974.jpg,images/train/run_000008_img_974.jpg
train,975,run_000008_img_975,980124,2048,1536,132634,images/run_000008/shard_0010/run_000008_img_975.jpg,images/train/run_000008_img_975.jpg
train,976,run_000008_img_976,981123,2048,1536,132414,images/run_000008/shard_0010/run_000008_img_976.jpg,images/train/run_000008_img_976.jpg
train,977,run_000008_img_977,982120,2048,1536,132272,images/run_000008/shard_0010/run_000008_img_977.jpg,images/train/run_000008_img_977.jpg
train,978,run_000008_img_978,983121,2048,1536,132479,images/run_000008/shard_0010/run_000008_img_978.jpg,images/train/run_000008_img_978.jpg
train,979,run_000008_img_979,984123,2048,1536,131756,images/run_000008/shard_0010/run_000008_img_979.jpg,images/train/run_000008_img_979.jpg
train,980,run_000008_img_980,985120,2048,1536,132064,images/run_000008/shard_0010/run_000008_img_980.jpg,images/train/run_000008_img_980.jpg
train,981,run_000008_img_981,986121,2048,1536,132021,images/run_000008/shard_0010/run_000008_img_981.jpg,images/train/run_000008_img_981.jpg
train,982,run_000008_img_982,987121,2048,1536,130699,images/run_000008/shard_0010/run_000008_img_982.jpg,images/train/run_000008_img_982.jpg
train,983,run_000008_img_983,988124,2048,1536,130968,images/run_000008/shard_0010/run_000008_img_983.jpg,images/train/run_000008_img_983.jpg
train,984,run_000008_img_984,989121,2048,1536,131333,images/run_000008/shard_0010/run_000008_img_984.jpg,images/train/run_000008_img_984.jpg
train,985,run_000008_img_985,990488,2048,1536,130968,images/run_000008/shard_0010/run_000008_img_985.jpg,images/train/run_000008_img_985.jpg
train,986,run_000008_img_986,991388,2048,1536,130104,images/run_000008/shard_0010/run_000008_img_986.jpg,images/train/run_000008_img_986.jpg
train,987,run_000008_img_987,992287,2048,1536,130305,images/run_000008/shard_0010/run_000008_img_987.jpg,images/train/run_000008_img_987.jpg
train,988,run_000008_img_988,993186,2048,1536,129499,images/run_000008/shard_0010/run_000008_img_988.jpg,images/train/run_000008_img_988.jpg
train,989,run_000008_img_989,994123,2048,1536,129858,images/run_000008/shard_0010/run_000008_img_989.jpg,images/train/run_000008_img_989.jpg
train,990,run_000008_img_990,995121,2048,1536,129505,images/run_000008/shard_0010/run_000008_img_990.jpg,images/train/run_000008_img_990.jpg
train,991,run_000008_img_991,996125,2048,1536,129127,images/run_000008/shard_0010/run_000008_img_991.jpg,images/train/run_000008_img_991.jpg
train,992,run_000008_img_992,997121,2048,1536,130702,images/run_000008/shard_0010/run_000008_img_992.jpg,images/train/run_000008_img_992.jpg
train,993,run_000008_img_993,998123,2048,1536,130632,images/run_000008/shard_0010/run_000008_img_993.jpg,images/train/run_000008_img_993.jpg
train,994,run_000008_img_994,999121,2048,1536,130692,images/run_000008/shard_0010/run_000008_img_994.jpg,images/train/run_000008_img_994.jpg
train,995,run_000008_img_995,1000121,2048,1536,130742,images/run_000008/shard_0010/run_000008_img_995.jpg,images/train/run_000008_img_995.jpg
train,996,run_000008_img_996,1001122,2048,1536,130756,images/run_000008/shard_0010/run_000008_img_996.jpg,images/train/run_000008_img_996.jpg
train,997,run_000008_img_997,1002123,2048,1536,130616,images/run_000008/shard_0010/run_000008_img_997.jpg,images/train/run_000008_img_997.jpg
train,998,run_000008_img_998,1003121,2048,1536,130423,images/run_000008/shard_0010/run_000008_img_998.jpg,images/train/run_000008_img_998.jpg
train,999,run_000008_img_999,1004124,2048,1536,130586,images/run_000008/shard_0010/run_000008_img_999.jpg,images/train/run_000008_img_999.jpg
train,1000,run_000008_img_1000,1005120,2048,1536,130351,images/run_000008/shard_0010/run_000008_img_1000.jpg,images/train/run_000008_img_1000.jpg
train,1001,run_000008_img_1001,1006721,2048,1536,130349,images/run_000008/shard_0011/run_000008_img_1001.jpg,images/train/run_000008_img_1001.jpg
train,1002,run_000008_img_1002,1008126,2048,1536,130571,images/run_000008/shard_0011/run_000008_img_1002.jpg,images/train/run_000008_img_1002.jpg
train,1003,run_000008_img_1003,1009128,2048,1536,130506,images/run_000008/shard_0011/run_000008_img_1003.jpg,images/train/run_000008_img_1003.jpg
train,1004,run_000008_img_1004,1010126,2048,1536,130729,images/run_000008/shard_0011/run_000008_img_1004.jpg,images/train/run_000008_img_1004.jpg
train,1005,run_000008_img_1005,1011126,2048,1536,130981,images/run_000008/shard_0011/run_000008_img_1005.jpg,images/train/run_000008_img_1005.jpg
train,1006,run_000008_img_1006,1012126,2048,1536,130881,images/run_000008/shard_0011/run_000008_img_1006.jpg,images/train/run_000008_img_1006.jpg
train,1007,run_000008_img_1007,1013126,2048,1536,130886,images/run_000008/shard_0011/run_000008_img_1007.jpg,images/train/run_000008_img_1007.jpg
train,1008,run_000008_img_1008,1014128,2048,1536,130905,images/run_000008/shard_0011/run_000008_img_1008.jpg,images/train/run_000008_img_1008.jpg
train,1009,run_000008_img_1009,1015127,2048,1536,130917,images/run_000008/shard_0011/run_000008_img_1009.jpg,images/train/run_000008_img_1009.jpg
train,1010,run_000008_img_1010,1016129,2048,1536,131006,images/run_000008/shard_0011/run_000008_img_1010.jpg,images/train/run_000008_img_1010.jpg
train,1011,run_000008_img_1011,1017128,2048,1536,131007,images/run_000008/shard_0011/run_000008_img_1011.jpg,images/train/run_000008_img_1011.jpg
train,1012,run_000008_img_1012,1018126,2048,1536,131191,images/run_000008/shard_0011/run_000008_img_1012.jpg,images/train/run_000008_img_1012.jpg
train,1013,run_000008_img_1013,1019127,2048,1536,131215,images/run_000008/shard_0011/run_000008_img_1013.jpg,images/train/run_000008_img_1013.jpg
train,1014,run_000008_img_1014,1020127,2048,1536,131463,images/run_000008/shard_0011/run_000008_img_1014.jpg,images/train/run_000008_img_1014.jpg
train,1015,run_000008_img_1015,1021125,2048,1536,131596,images/run_000008/shard_0011/run_000008_img_1015.jpg,images/train/run_000008_img_1015.jpg
train,1016,run_000008_img_1016,1022324,2048,1536,132243,images/run_000008/shard_0011/run_000008_img_1016.jpg,images/train/run_000008_img_1016.jpg
train,1017,run_000008_img_1017,1023128,2048,1536,132448,images/run_000008/shard_0011/run_000008_img_1017.jpg,images/train/run_000008_img_1017.jpg
train,1018,run_000008_img_1018,1024126,2048,1536,132964,images/run_000008/shard_0011/run_000008_img_1018.jpg,images/train/run_000008_img_1018.jpg
train,1019,run_000008_img_1019,1025126,2048,1536,133816,images/run_000008/shard_0011/run_000008_img_1019.jpg,images/train/run_000008_img_1019.jpg
train,1020,run_000008_img_1020,1026127,2048,1536,134499,images/run_000008/shard_0011/run_000008_img_1020.jpg,images/train/run_000008_img_1020.jpg
train,1021,run_000008_img_1021,1027126,2048,1536,135097,images/run_000008/shard_0011/run_000008_img_1021.jpg,images/train/run_000008_img_1021.jpg
train,1022,run_000008_img_1022,1028129,2048,1536,135118,images/run_000008/shard_0011/run_000008_img_1022.jpg,images/train/run_000008_img_1022.jpg
train,1023,run_000008_img_1023,1029125,2048,1536,134970,images/run_000008/shard_0011/run_000008_img_1023.jpg,images/train/run_000008_img_1023.jpg
train,1024,run_000008_img_1024,1030148,2048,1536,134691,images/run_000008/shard_0011/run_000008_img_1024.jpg,images/train/run_000008_img_1024.jpg
train,1025,run_000008_img_1025,1031126,2048,1536,134582,images/run_000008/shard_0011/run_000008_img_1025.jpg,images/train/run_000008_img_1025.jpg
train,1026,run_000008_img_1026,1032128,2048,1536,134542,images/run_000008/shard_0011/run_000008_img_1026.jpg,images/train/run_000008_img_1026.jpg
train,1027,run_000008_img_1027,1033127,2048,1536,134257,images/run_000008/shard_0011/run_000008_img_1027.jpg,images/train/run_000008_img_1027.jpg
train,1028,run_000008_img_1028,1034129,2048,1536,133424,images/run_000008/shard_0011/run_000008_img_1028.jpg,images/train/run_000008_img_1028.jpg
train,1029,run_000008_img_1029,1035129,2048,1536,131997,images/run_000008/shard_0011/run_000008_img_1029.jpg,images/train/run_000008_img_1029.jpg
train,1030,run_000008_img_1030,1036125,2048,1536,130630,images/run_000008/shard_0011/run_000008_img_1030.jpg,images/train/run_000008_img_1030.jpg
train,1031,run_000008_img_1031,1037126,2048,1536,129746,images/run_000008/shard_0011/run_000008_img_1031.jpg,images/train/run_000008_img_1031.jpg
train,1032,run_000008_img_1032,1038128,2048,1536,129558,images/run_000008/shard_0011/run_000008_img_1032.jpg,images/train/run_000008_img_1032.jpg
train,1033,run_000008_img_1033,1039125,2048,1536,131021,images/run_000008/shard_0011/run_000008_img_1033.jpg,images/train/run_000008_img_1033.jpg
train,1034,run_000008_img_1034,1040128,2048,1536,130641,images/run_000008/shard_0011/run_000008_img_1034.jpg,images/train/run_000008_img_1034.jpg
train,1035,run_000008_img_1035,1041127,2048,1536,130332,images/run_000008/shard_0011/run_000008_img_1035.jpg,images/train/run_000008_img_1035.jpg
train,1036,run_000008_img_1036,1042128,2048,1536,130061,images/run_000008/shard_0011/run_000008_img_1036.jpg,images/train/run_000008_img_1036.jpg
train,1037,run_000008_img_1037,1043127,2048,1536,129837,images/run_000008/shard_0011/run_000008_img_1037.jpg,images/train/run_000008_img_1037.jpg
train,1038,run_000008_img_1038,1044126,2048,1536,129649,images/run_000008/shard_0011/run_000008_img_1038.jpg,images/train/run_000008_img_1038.jpg
train,1039,run_000008_img_1039,1045127,2048,1536,129627,images/run_000008/shard_0011/run_000008_img_1039.jpg,images/train/run_000008_img_1039.jpg
train,1040,run_000008_img_1040,1046349,2048,1536,129604,images/run_000008/shard_0011/run_000008_img_1040.jpg,images/train/run_000008_img_1040.jpg
train,1041,run_000008_img_1041,1047145,2048,1536,129459,images/run_000008/shard_0011/run_000008_img_1041.jpg,images/train/run_000008_img_1041.jpg
train,1042,run_000008_img_1042,1048128,2048,1536,129227,images/run_000008/shard_0011/run_000008_img_1042.jpg,images/train/run_000008_img_1042.jpg
train,1043,run_000008_img_1043,1049125,2048,1536,130661,images/run_000008/shard_0011/run_000008_img_1043.jpg,images/train/run_000008_img_1043.jpg
train,1044,run_000008_img_1044,1050128,2048,1536,130102,images/run_000008/shard_0011/run_000008_img_1044.jpg,images/train/run_000008_img_1044.jpg
train,1045,run_000008_img_1045,1051129,2048,1536,129793,images/run_000008/shard_0011/run_000008_img_1045.jpg,images/train/run_000008_img_1045.jpg
train,1046,run_000008_img_1046,1052128,2048,1536,129386,images/run_000008/shard_0011/run_000008_img_1046.jpg,images/train/run_000008_img_1046.jpg
train,1047,run_000008_img_1047,1053130,2048,1536,129136,images/run_000008/shard_0011/run_000008_img_1047.jpg,images/train/run_000008_img_1047.jpg
train,1048,run_000008_img_1048,1054126,2048,1536,129062,images/run_000008/shard_0011/run_000008_img_1048.jpg,images/train/run_000008_img_1048.jpg
train,1049,run_000008_img_1049,1055129,2048,1536,128976,images/run_000008/shard_0011/run_000008_img_1049.jpg,images/train/run_000008_img_1049.jpg
train,1050,run_000008_img_1050,1056126,2048,1536,128970,images/run_000008/shard_0011/run_000008_img_1050.jpg,images/train/run_000008_img_1050.jpg
train,1051,run_000008_img_1051,1057128,2048,1536,129012,images/run_000008/shard_0011/run_000008_img_1051.jpg,images/train/run_000008_img_1051.jpg
train,1052,run_000008_img_1052,1058127,2048,1536,129196,images/run_000008/shard_0011/run_000008_img_1052.jpg,images/train/run_000008_img_1052.jpg
train,1053,run_000008_img_1053,1059129,2048,1536,129355,images/run_000008/shard_0011/run_000008_img_1053.jpg,images/train/run_000008_img_1053.jpg
train,1054,run_000008_img_1054,1060128,2048,1536,129732,images/run_000008/shard_0011/run_000008_img_1054.jpg,images/train/run_000008_img_1054.jpg
train,1055,run_000008_img_1055,1061127,2048,1536,130104,images/run_000008/shard_0011/run_000008_img_1055.jpg,images/train/run_000008_img_1055.jpg
train,1056,run_000008_img_1056,1062128,2048,1536,130167,images/run_000008/shard_0011/run_000008_img_1056.jpg,images/train/run_000008_img_1056.jpg
train,1057,run_000008_img_1057,1063127,2048,1536,130437,images/run_000008/shard_0011/run_000008_img_1057.jpg,images/train/run_000008_img_1057.jpg
train,1058,run_000008_img_1058,1064129,2048,1536,130746,images/run_000008/shard_0011/run_000008_img_1058.jpg,images/train/run_000008_img_1058.jpg
train,1059,run_000008_img_1059,1065125,2048,1536,130979,images/run_000008/shard_0011/run_000008_img_1059.jpg,images/train/run_000008_img_1059.jpg
train,1060,run_000008_img_1060,1066129,2048,1536,131126,images/run_000008/shard_0011/run_000008_img_1060.jpg,images/train/run_000008_img_1060.jpg
train,1061,run_000008_img_1061,1067125,2048,1536,131281,images/run_000008/shard_0011/run_000008_img_1061.jpg,images/train/run_000008_img_1061.jpg
train,1062,run_000008_img_1062,1068129,2048,1536,131438,images/run_000008/shard_0011/run_000008_img_1062.jpg,images/train/run_000008_img_1062.jpg
train,1063,run_000008_img_1063,1069128,2048,1536,131223,images/run_000008/shard_0011/run_000008_img_1063.jpg,images/train/run_000008_img_1063.jpg
train,1064,run_000008_img_1064,1070126,2048,1536,130605,images/run_000008/shard_0011/run_000008_img_1064.jpg,images/train/run_000008_img_1064.jpg
train,1065,run_000008_img_1065,1071515,2048,1536,130011,images/run_000008/shard_0011/run_000008_img_1065.jpg,images/train/run_000008_img_1065.jpg
train,1066,run_000008_img_1066,1072415,2048,1536,129973,images/run_000008/shard_0011/run_000008_img_1066.jpg,images/train/run_000008_img_1066.jpg
train,1067,run_000008_img_1067,1073314,2048,1536,129719,images/run_000008/shard_0011/run_000008_img_1067.jpg,images/train/run_000008_img_1067.jpg
train,1068,run_000008_img_1068,1074213,2048,1536,129512,images/run_000008/shard_0011/run_000008_img_1068.jpg,images/train/run_000008_img_1068.jpg
train,1069,run_000008_img_1069,1075125,2048,1536,129269,images/run_000008/shard_0011/run_000008_img_1069.jpg,images/train/run_000008_img_1069.jpg
train,1070,run_000008_img_1070,1076125,2048,1536,130425,images/run_000008/shard_0011/run_000008_img_1070.jpg,images/train/run_000008_img_1070.jpg
train,1071,run_000008_img_1071,1077129,2048,1536,130488,images/run_000008/shard_0011/run_000008_img_1071.jpg,images/train/run_000008_img_1071.jpg
train,1072,run_000008_img_1072,1078127,2048,1536,130554,images/run_000008/shard_0011/run_000008_img_1072.jpg,images/train/run_000008_img_1072.jpg
train,1073,run_000008_img_1073,1079125,2048,1536,130617,images/run_000008/shard_0011/run_000008_img_1073.jpg,images/train/run_000008_img_1073.jpg
train,1074,run_000008_img_1074,1080128,2048,1536,130788,images/run_000008/shard_0011/run_000008_img_1074.jpg,images/train/run_000008_img_1074.jpg
train,1075,run_000008_img_1075,1081588,2048,1536,130927,images/run_000008/shard_0011/run_000008_img_1075.jpg,images/train/run_000008_img_1075.jpg
train,1076,run_000008_img_1076,1082487,2048,1536,131435,images/run_000008/shard_0011/run_000008_img_1076.jpg,images/train/run_000008_img_1076.jpg
train,1077,run_000008_img_1077,1083386,2048,1536,131565,images/run_000008/shard_0011/run_000008_img_1077.jpg,images/train/run_000008_img_1077.jpg
train,1078,run_000008_img_1078,1084286,2048,1536,131784,images/run_000008/shard_0011/run_000008_img_1078.jpg,images/train/run_000008_img_1078.jpg
train,1079,run_000008_img_1079,1085185,2048,1536,131927,images/run_000008/shard_0011/run_000008_img_1079.jpg,images/train/run_000008_img_1079.jpg
train,1080,run_000008_img_1080,1086174,2048,1536,132107,images/run_000008/shard_0011/run_000008_img_1080.jpg,images/train/run_000008_img_1080.jpg
train,1081,run_000008_img_1081,1087163,2048,1536,131961,images/run_000008/shard_0011/run_000008_img_1081.jpg,images/train/run_000008_img_1081.jpg
train,1082,run_000008_img_1082,1088153,2048,1536,131290,images/run_000008/shard_0011/run_000008_img_1082.jpg,images/train/run_000008_img_1082.jpg
train,1083,run_000008_img_1083,1089129,2048,1536,130818,images/run_000008/shard_0011/run_000008_img_1083.jpg,images/train/run_000008_img_1083.jpg
train,1084,run_000008_img_1084,1090129,2048,1536,130189,images/run_000008/shard_0011/run_000008_img_1084.jpg,images/train/run_000008_img_1084.jpg
train,1085,run_000008_img_1085,1091129,2048,1536,129884,images/run_000008/shard_0011/run_000008_img_1085.jpg,images/train/run_000008_img_1085.jpg
train,1086,run_000008_img_1086,1092125,2048,1536,129694,images/run_000008/shard_0011/run_000008_img_1086.jpg,images/train/run_000008_img_1086.jpg
train,1087,run_000008_img_1087,1093125,2048,1536,129658,images/run_000008/shard_0011/run_000008_img_1087.jpg,images/train/run_000008_img_1087.jpg
train,1088,run_000008_img_1088,1094125,2048,1536,129671,images/run_000008/shard_0011/run_000008_img_1088.jpg,images/train/run_000008_img_1088.jpg
train,1089,run_000008_img_1089,1095128,2048,1536,129674,images/run_000008/shard_0011/run_000008_img_1089.jpg,images/train/run_000008_img_1089.jpg
train,1090,run_000008_img_1090,1096156,2048,1536,129722,images/run_000008/shard_0011/run_000008_img_1090.jpg,images/train/run_000008_img_1090.jpg
train,1091,run_000008_img_1091,1097145,2048,1536,129830,images/run_000008/shard_0011/run_000008_img_1091.jpg,images/train/run_000008_img_1091.jpg
train,1092,run_000008_img_1092,1098135,2048,1536,129807,images/run_000008/shard_0011/run_000008_img_1092.jpg,images/train/run_000008_img_1092.jpg
train,1093,run_000008_img_1093,1099126,2048,1536,129818,images/run_000008/shard_0011/run_000008_img_1093.jpg,images/train/run_000008_img_1093.jpg
train,1094,run_000008_img_1094,1100127,2048,1536,130136,images/run_000008/shard_0011/run_000008_img_1094.jpg,images/train/run_000008_img_1094.jpg
train,1095,run_000008_img_1095,1101128,2048,1536,130269,images/run_000008/shard_0011/run_000008_img_1095.jpg,images/train/run_000008_img_1095.jpg
train,1096,run_000008_img_1096,1102182,2048,1536,130821,images/run_000008/shard_0011/run_000008_img_1096.jpg,images/train/run_000008_img_1096.jpg
train,1097,run_000008_img_1097,1103171,2048,1536,131223,images/run_000008/shard_0011/run_000008_img_1097.jpg,images/train/run_000008_img_1097.jpg
train,1098,run_000008_img_1098,1104160,2048,1536,131898,images/run_000008/shard_0011/run_000008_img_1098.jpg,images/train/run_000008_img_1098.jpg
train,1099,run_000008_img_1099,1105689,2048,1536,132120,images/run_000008/shard_0011/run_000008_img_1099.jpg,images/train/run_000008_img_1099.jpg
train,1100,run_000008_img_1100,1106678,2048,1536,132262,images/run_000008/shard_0011/run_000008_img_1100.jpg,images/train/run_000008_img_1100.jpg
train,1101,run_000008_img_1101,1108266,2048,1536,132451,images/run_000008/shard_0012/run_000008_img_1101.jpg,images/train/run_000008_img_1101.jpg
train,1102,run_000008_img_1102,1109266,2048,1536,132745,images/run_000008/shard_0012/run_000008_img_1102.jpg,images/train/run_000008_img_1102.jpg
train,1103,run_000008_img_1103,1110266,2048,1536,132792,images/run_000008/shard_0012/run_000008_img_1103.jpg,images/train/run_000008_img_1103.jpg
train,1104,run_000008_img_1104,1111266,2048,1536,132691,images/run_000008/shard_0012/run_000008_img_1104.jpg,images/train/run_000008_img_1104.jpg
train,1105,run_000008_img_1105,1112269,2048,1536,132643,images/run_000008/shard_0012/run_000008_img_1105.jpg,images/train/run_000008_img_1105.jpg
train,1106,run_000008_img_1106,1113268,2048,1536,132771,images/run_000008/shard_0012/run_000008_img_1106.jpg,images/train/run_000008_img_1106.jpg
train,1107,run_000008_img_1107,1114269,2048,1536,132764,images/run_000008/shard_0012/run_000008_img_1107.jpg,images/train/run_000008_img_1107.jpg
train,1108,run_000008_img_1108,1115265,2048,1536,132937,images/run_000008/shard_0012/run_000008_img_1108.jpg,images/train/run_000008_img_1108.jpg
train,1109,run_000008_img_1109,1116266,2048,1536,132993,images/run_000008/shard_0012/run_000008_img_1109.jpg,images/train/run_000008_img_1109.jpg
train,1110,run_000008_img_1110,1117265,2048,1536,133047,images/run_000008/shard_0012/run_000008_img_1110.jpg,images/train/run_000008_img_1110.jpg
train,1111,run_000008_img_1111,1118549,2048,1536,132701,images/run_000008/shard_0012/run_000008_img_1111.jpg,images/train/run_000008_img_1111.jpg
train,1112,run_000008_img_1112,1119268,2048,1536,132653,images/run_000008/shard_0012/run_000008_img_1112.jpg,images/train/run_000008_img_1112.jpg
train,1113,run_000008_img_1113,1120265,2048,1536,132378,images/run_000008/shard_0012/run_000008_img_1113.jpg,images/train/run_000008_img_1113.jpg
train,1114,run_000008_img_1114,1121268,2048,1536,132348,images/run_000008/shard_0012/run_000008_img_1114.jpg,images/train/run_000008_img_1114.jpg
train,1115,run_000008_img_1115,1122268,2048,1536,132013,images/run_000008/shard_0012/run_000008_img_1115.jpg,images/train/run_000008_img_1115.jpg
train,1116,run_000008_img_1116,1123267,2048,1536,131653,images/run_000008/shard_0012/run_000008_img_1116.jpg,images/train/run_000008_img_1116.jpg
train,1117,run_000008_img_1117,1124268,2048,1536,131291,images/run_000008/shard_0012/run_000008_img_1117.jpg,images/train/run_000008_img_1117.jpg
train,1118,run_000008_img_1118,1125266,2048,1536,130833,images/run_000008/shard_0012/run_000008_img_1118.jpg,images/train/run_000008_img_1118.jpg
train,1119,run_000008_img_1119,1126267,2048,1536,130236,images/run_000008/shard_0012/run_000008_img_1119.jpg,images/train/run_000008_img_1119.jpg
train,1120,run_000008_img_1120,1127266,2048,1536,129634,images/run_000008/shard_0012/run_000008_img_1120.jpg,images/train/run_000008_img_1120.jpg
train,1121,run_000008_img_1121,1128266,2048,1536,129200,images/run_000008/shard_0012/run_000008_img_1121.jpg,images/train/run_000008_img_1121.jpg
train,1122,run_000008_img_1122,1129267,2048,1536,128876,images/run_000008/shard_0012/run_000008_img_1122.jpg,images/train/run_000008_img_1122.jpg
train,1123,run_000008_img_1123,1130269,2048,1536,128650,images/run_000008/shard_0012/run_000008_img_1123.jpg,images/train/run_000008_img_1123.jpg
train,1124,run_000008_img_1124,1131267,2048,1536,128563,images/run_000008/shard_0012/run_000008_img_1124.jpg,images/train/run_000008_img_1124.jpg
train,1125,run_000008_img_1125,1132266,2048,1536,129911,images/run_000008/shard_0012/run_000008_img_1125.jpg,images/train/run_000008_img_1125.jpg
train,1126,run_000008_img_1126,1133268,2048,1536,129951,images/run_000008/shard_0012/run_000008_img_1126.jpg,images/train/run_000008_img_1126.jpg
train,1127,run_000008_img_1127,1134352,2048,1536,129761,images/run_000008/shard_0012/run_000008_img_1127.jpg,images/train/run_000008_img_1127.jpg
train,1128,run_000008_img_1128,1135265,2048,1536,129758,images/run_000008/shard_0012/run_000008_img_1128.jpg,images/train/run_000008_img_1128.jpg
train,1129,run_000008_img_1129,1136266,2048,1536,129661,images/run_000008/shard_0012/run_000008_img_1129.jpg,images/train/run_000008_img_1129.jpg
train,1130,run_000008_img_1130,1137524,2048,1536,129254,images/run_000008/shard_0012/run_000008_img_1130.jpg,images/train/run_000008_img_1130.jpg
train,1131,run_000008_img_1131,1138270,2048,1536,129022,images/run_000008/shard_0012/run_000008_img_1131.jpg,images/train/run_000008_img_1131.jpg
train,1132,run_000008_img_1132,1139268,2048,1536,128986,images/run_000008/shard_0012/run_000008_img_1132.jpg,images/train/run_000008_img_1132.jpg
train,1133,run_000008_img_1133,1140266,2048,1536,128764,images/run_000008/shard_0012/run_000008_img_1133.jpg,images/train/run_000008_img_1133.jpg
train,1134,run_000008_img_1134,1141266,2048,1536,128523,images/run_000008/shard_0012/run_000008_img_1134.jpg,images/train/run_000008_img_1134.jpg
train,1135,run_000008_img_1135,1142269,2048,1536,128593,images/run_000008/shard_0012/run_000008_img_1135.jpg,images/train/run_000008_img_1135.jpg
train,1136,run_000008_img_1136,1143266,2048,1536,128837,images/run_000008/shard_0012/run_000008_img_1136.jpg,images/train/run_000008_img_1136.jpg
train,1137,run_000008_img_1137,1144267,2048,1536,129331,images/run_000008/shard_0012/run_000008_img_1137.jpg,images/train/run_000008_img_1137.jpg
train,1138,run_000008_img_1138,1145268,2048,1536,129837,images/run_000008/shard_0012/run_000008_img_1138.jpg,images/train/run_000008_img_1138.jpg
train,1139,run_000008_img_1139,1146267,2048,1536,131200,images/run_000008/shard_0012/run_000008_img_1139.jpg,images/train/run_000008_img_1139.jpg
train,1140,run_000008_img_1140,1147266,2048,1536,134144,images/run_000008/shard_0012/run_000008_img_1140.jpg,images/train/run_000008_img_1140.jpg
train,1141,run_000008_img_1141,1148266,2048,1536,131842,images/run_000008/shard_0012/run_000008_img_1141.jpg,images/train/run_000008_img_1141.jpg
train,1142,run_000008_img_1142,1149266,2048,1536,133769,images/run_000008/shard_0012/run_000008_img_1142.jpg,images/train/run_000008_img_1142.jpg
train,1143,run_000008_img_1143,1150267,2048,1536,137031,images/run_000008/shard_0012/run_000008_img_1143.jpg,images/train/run_000008_img_1143.jpg
train,1144,run_000008_img_1144,1151269,2048,1536,132188,images/run_000008/shard_0012/run_000008_img_1144.jpg,images/train/run_000008_img_1144.jpg
train,1145,run_000008_img_1145,1152268,2048,1536,131521,images/run_000008/shard_0012/run_000008_img_1145.jpg,images/train/run_000008_img_1145.jpg
train,1146,run_000008_img_1146,1153266,2048,1536,133765,images/run_000008/shard_0012/run_000008_img_1146.jpg,images/train/run_000008_img_1146.jpg
train,1147,run_000008_img_1147,1154266,2048,1536,135549,images/run_000008/shard_0012/run_000008_img_1147.jpg,images/train/run_000008_img_1147.jpg
train,1148,run_000008_img_1148,1155267,2048,1536,134829,images/run_000008/shard_0012/run_000008_img_1148.jpg,images/train/run_000008_img_1148.jpg
train,1149,run_000008_img_1149,1156267,2048,1536,132929,images/run_000008/shard_0012/run_000008_img_1149.jpg,images/train/run_000008_img_1149.jpg
train,1150,run_000008_img_1150,1157266,2048,1536,130391,images/run_000008/shard_0012/run_000008_img_1150.jpg,images/train/run_000008_img_1150.jpg
train,1151,run_000008_img_1151,1158269,2048,1536,130953,images/run_000008/shard_0012/run_000008_img_1151.jpg,images/train/run_000008_img_1151.jpg
train,1152,run_000008_img_1152,1159266,2048,1536,130156,images/run_000008/shard_0012/run_000008_img_1152.jpg,images/train/run_000008_img_1152.jpg
train,1153,run_000008_img_1153,1160269,2048,1536,130256,images/run_000008/shard_0012/run_000008_img_1153.jpg,images/train/run_000008_img_1153.jpg
train,1154,run_000008_img_1154,1161268,2048,1536,129293,images/run_000008/shard_0012/run_000008_img_1154.jpg,images/train/run_000008_img_1154.jpg
train,1155,run_000008_img_1155,1162270,2048,1536,130154,images/run_000008/shard_0012/run_000008_img_1155.jpg,images/train/run_000008_img_1155.jpg
train,1156,run_000008_img_1156,1163268,2048,1536,129633,images/run_000008/shard_0012/run_000008_img_1156.jpg,images/train/run_000008_img_1156.jpg
train,1157,run_000008_img_1157,1164593,2048,1536,128861,images/run_000008/shard_0012/run_000008_img_1157.jpg,images/train/run_000008_img_1157.jpg
train,1158,run_000008_img_1158,1165402,2048,1536,128768,images/run_000008/shard_0012/run_000008_img_1158.jpg,images/train/run_000008_img_1158.jpg
train,1159,run_000008_img_1159,1166267,2048,1536,130209,images/run_000008/shard_0012/run_000008_img_1159.jpg,images/train/run_000008_img_1159.jpg
train,1160,run_000008_img_1160,1167269,2048,1536,130157,images/run_000008/shard_0012/run_000008_img_1160.jpg,images/train/run_000008_img_1160.jpg
train,1161,run_000008_img_1161,1168267,2048,1536,129929,images/run_000008/shard_0012/run_000008_img_1161.jpg,images/train/run_000008_img_1161.jpg
train,1162,run_000008_img_1162,1169270,2048,1536,130155,images/run_000008/shard_0012/run_000008_img_1162.jpg,images/train/run_000008_img_1162.jpg
train,1163,run_000008_img_1163,1170269,2048,1536,130187,images/run_000008/shard_0012/run_000008_img_1163.jpg,images/train/run_000008_img_1163.jpg
train,1164,run_000008_img_1164,1171267,2048,1536,130289,images/run_000008/shard_0012/run_000008_img_1164.jpg,images/train/run_000008_img_1164.jpg
train,1165,run_000008_img_1165,1172266,2048,1536,130287,images/run_000008/shard_0012/run_000008_img_1165.jpg,images/train/run_000008_img_1165.jpg
train,1166,run_000008_img_1166,1173267,2048,1536,130246,images/run_000008/shard_0012/run_000008_img_1166.jpg,images/train/run_000008_img_1166.jpg
train,1167,run_000008_img_1167,1174267,2048,1536,130250,images/run_000008/shard_0012/run_000008_img_1167.jpg,images/train/run_000008_img_1167.jpg
train,1168,run_000008_img_1168,1175267,2048,1536,130264,images/run_000008/shard_0012/run_000008_img_1168.jpg,images/train/run_000008_img_1168.jpg
train,1169,run_000008_img_1169,1176267,2048,1536,130278,images/run_000008/shard_0012/run_000008_img_1169.jpg,images/train/run_000008_img_1169.jpg
train,1170,run_000008_img_1170,1177268,2048,1536,130360,images/run_000008/shard_0012/run_000008_img_1170.jpg,images/train/run_000008_img_1170.jpg
train,1171,run_000008_img_1171,1178267,2048,1536,130132,images/run_000008/shard_0012/run_000008_img_1171.jpg,images/train/run_000008_img_1171.jpg
train,1172,run_000008_img_1172,1179269,2048,1536,129891,images/run_000008/shard_0012/run_000008_img_1172.jpg,images/train/run_000008_img_1172.jpg
train,1173,run_000008_img_1173,1180267,2048,1536,129723,images/run_000008/shard_0012/run_000008_img_1173.jpg,images/train/run_000008_img_1173.jpg
train,1174,run_000008_img_1174,1181268,2048,1536,129631,images/run_000008/shard_0012/run_000008_img_1174.jpg,images/train/run_000008_img_1174.jpg
train,1175,run_000008_img_1175,1182267,2048,1536,129365,images/run_000008/shard_0012/run_000008_img_1175.jpg,images/train/run_000008_img_1175.jpg
train,1176,run_000008_img_1176,1183267,2048,1536,129392,images/run_000008/shard_0012/run_000008_img_1176.jpg,images/train/run_000008_img_1176.jpg
train,1177,run_000008_img_1177,1184266,2048,1536,129573,images/run_000008/shard_0012/run_000008_img_1177.jpg,images/train/run_000008_img_1177.jpg
train,1178,run_000008_img_1178,1185267,2048,1536,129524,images/run_000008/shard_0012/run_000008_img_1178.jpg,images/train/run_000008_img_1178.jpg
train,1179,run_000008_img_1179,1186267,2048,1536,129531,images/run_000008/shard_0012/run_000008_img_1179.jpg,images/train/run_000008_img_1179.jpg
train,1180,run_000008_img_1180,1187266,2048,1536,129340,images/run_000008/shard_0012/run_000008_img_1180.jpg,images/train/run_000008_img_1180.jpg
train,1181,run_000008_img_1181,1188268,2048,1536,129364,images/run_000008/shard_0012/run_000008_img_1181.jpg,images/train/run_000008_img_1181.jpg
train,1182,run_000008_img_1182,1189440,2048,1536,129633,images/run_000008/shard_0012/run_000008_img_1182.jpg,images/train/run_000008_img_1182.jpg
train,1183,run_000008_img_1183,1190493,2048,1536,130635,images/run_000008/shard_0012/run_000008_img_1183.jpg,images/train/run_000008_img_1183.jpg
train,1184,run_000008_img_1184,1191502,2048,1536,130472,images/run_000008/shard_0012/run_000008_img_1184.jpg,images/train/run_000008_img_1184.jpg
train,1185,run_000008_img_1185,1192831,2048,1536,130335,images/run_000008/shard_0012/run_000008_img_1185.jpg,images/train/run_000008_img_1185.jpg
train,1186,run_000008_img_1186,1193730,2048,1536,130499,images/run_000008/shard_0012/run_000008_img_1186.jpg,images/train/run_000008_img_1186.jpg
train,1187,run_000008_img_1187,1194630,2048,1536,130379,images/run_000008/shard_0012/run_000008_img_1187.jpg,images/train/run_000008_img_1187.jpg
train,1188,run_000008_img_1188,1195529,2048,1536,130214,images/run_000008/shard_0012/run_000008_img_1188.jpg,images/train/run_000008_img_1188.jpg
train,1189,run_000008_img_1189,1196428,2048,1536,130208,images/run_000008/shard_0012/run_000008_img_1189.jpg,images/train/run_000008_img_1189.jpg
train,1190,run_000008_img_1190,1197327,2048,1536,129946,images/run_000008/shard_0012/run_000008_img_1190.jpg,images/train/run_000008_img_1190.jpg
train,1191,run_000008_img_1191,1198317,2048,1536,129802,images/run_000008/shard_0012/run_000008_img_1191.jpg,images/train/run_000008_img_1191.jpg
train,1192,run_000008_img_1192,1199268,2048,1536,129763,images/run_000008/shard_0012/run_000008_img_1192.jpg,images/train/run_000008_img_1192.jpg
train,1193,run_000008_img_1193,1200265,2048,1536,129440,images/run_000008/shard_0012/run_000008_img_1193.jpg,images/train/run_000008_img_1193.jpg
train,1194,run_000008_img_1194,1201269,2048,1536,129440,images/run_000008/shard_0012/run_000008_img_1194.jpg,images/train/run_000008_img_1194.jpg
train,1195,run_000008_img_1195,1202267,2048,1536,130639,images/run_000008/shard_0012/run_000008_img_1195.jpg,images/train/run_000008_img_1195.jpg
train,1196,run_000008_img_1196,1203269,2048,1536,130475,images/run_000008/shard_0012/run_000008_img_1196.jpg,images/train/run_000008_img_1196.jpg
train,1197,run_000008_img_1197,1204267,2048,1536,130402,images/run_000008/shard_0012/run_000008_img_1197.jpg,images/train/run_000008_img_1197.jpg
train,1198,run_000008_img_1198,1205267,2048,1536,130430,images/run_000008/shard_0012/run_000008_img_1198.jpg,images/train/run_000008_img_1198.jpg
train,1199,run_000008_img_1199,1206268,2048,1536,130337,images/run_000008/shard_0012/run_000008_img_1199.jpg,images/train/run_000008_img_1199.jpg
train,1200,run_000008_img_1200,1207266,2048,1536,130209,images/run_000008/shard_0012/run_000008_img_1200.jpg,images/train/run_000008_img_1200.jpg
train,1201,run_000008_img_1201,1208804,2048,1536,130162,images/run_000008/shard_0013/run_000008_img_1201.jpg,images/train/run_000008_img_1201.jpg
train,1202,run_000008_img_1202,1209738,2048,1536,129979,images/run_000008/shard_0013/run_000008_img_1202.jpg,images/train/run_000008_img_1202.jpg
train,1203,run_000008_img_1203,1210367,2048,1536,129851,images/run_000008/shard_0013/run_000008_img_1203.jpg,images/train/run_000008_img_1203.jpg
train,1204,run_000008_img_1204,1211265,2048,1536,129826,images/run_000008/shard_0013/run_000008_img_1204.jpg,images/train/run_000008_img_1204.jpg
train,1205,run_000008_img_1205,1212268,2048,1536,129741,images/run_000008/shard_0013/run_000008_img_1205.jpg,images/train/run_000008_img_1205.jpg
train,1206,run_000008_img_1206,1213267,2048,1536,129822,images/run_000008/shard_0013/run_000008_img_1206.jpg,images/train/run_000008_img_1206.jpg
train,1207,run_000008_img_1207,1214367,2048,1536,129835,images/run_000008/shard_0013/run_000008_img_1207.jpg,images/train/run_000008_img_1207.jpg
train,1208,run_000008_img_1208,1215267,2048,1536,129873,images/run_000008/shard_0013/run_000008_img_1208.jpg,images/train/run_000008_img_1208.jpg
train,1209,run_000008_img_1209,1216270,2048,1536,130082,images/run_000008/shard_0013/run_000008_img_1209.jpg,images/train/run_000008_img_1209.jpg
train,1210,run_000008_img_1210,1217269,2048,1536,130240,images/run_000008/shard_0013/run_000008_img_1210.jpg,images/train/run_000008_img_1210.jpg
train,1211,run_000008_img_1211,1218268,2048,1536,130156,images/run_000008/shard_0013/run_000008_img_1211.jpg,images/train/run_000008_img_1211.jpg
train,1212,run_000008_img_1212,1219267,2048,1536,130207,images/run_000008/shard_0013/run_000008_img_1212.jpg,images/train/run_000008_img_1212.jpg
train,1213,run_000008_img_1213,1220270,2048,1536,130159,images/run_000008/shard_0013/run_000008_img_1213.jpg,images/train/run_000008_img_1213.jpg
train,1214,run_000008_img_1214,1221267,2048,1536,130101,images/run_000008/shard_0013/run_000008_img_1214.jpg,images/train/run_000008_img_1214.jpg
train,1215,run_000008_img_1215,1222265,2048,1536,129837,images/run_000008/shard_0013/run_000008_img_1215.jpg,images/train/run_000008_img_1215.jpg
train,1216,run_000008_img_1216,1223265,2048,1536,129884,images/run_000008/shard_0013/run_000008_img_1216.jpg,images/train/run_000008_img_1216.jpg
train,1217,run_000008_img_1217,1224266,2048,1536,131116,images/run_000008/shard_0013/run_000008_img_1217.jpg,images/train/run_000008_img_1217.jpg
train,1218,run_000008_img_1218,1225268,2048,1536,131138,images/run_000008/shard_0013/run_000008_img_1218.jpg,images/train/run_000008_img_1218.jpg
train,1219,run_000008_img_1219,1226266,2048,1536,131139,images/run_000008/shard_0013/run_000008_img_1219.jpg,images/train/run_000008_img_1219.jpg
train,1220,run_000008_img_1220,1227268,2048,1536,131260,images/run_000008/shard_0013/run_000008_img_1220.jpg,images/train/run_000008_img_1220.jpg
train,1221,run_000008_img_1221,1228268,2048,1536,131212,images/run_000008/shard_0013/run_000008_img_1221.jpg,images/train/run_000008_img_1221.jpg
train,1222,run_000008_img_1222,1229267,2048,1536,131536,images/run_000008/shard_0013/run_000008_img_1222.jpg,images/train/run_000008_img_1222.jpg
train,1223,run_000008_img_1223,1230422,2048,1536,132415,images/run_000008/shard_0013/run_000008_img_1223.jpg,images/train/run_000008_img_1223.jpg
train,1224,run_000008_img_1224,1231265,2048,1536,132642,images/run_000008/shard_0013/run_000008_img_1224.jpg,images/train/run_000008_img_1224.jpg
train,1225,run_000008_img_1225,1232265,2048,1536,132480,images/run_000008/shard_0013/run_000008_img_1225.jpg,images/train/run_000008_img_1225.jpg
train,1226,run_000008_img_1226,1233268,2048,1536,131637,images/run_000008/shard_0013/run_000008_img_1226.jpg,images/train/run_000008_img_1226.jpg
train,1227,run_000008_img_1227,1234266,2048,1536,131015,images/run_000008/shard_0013/run_000008_img_1227.jpg,images/train/run_000008_img_1227.jpg
train,1228,run_000008_img_1228,1235266,2048,1536,130356,images/run_000008/shard_0013/run_000008_img_1228.jpg,images/train/run_000008_img_1228.jpg
train,1229,run_000008_img_1229,1236266,2048,1536,129880,images/run_000008/shard_0013/run_000008_img_1229.jpg,images/train/run_000008_img_1229.jpg
train,1230,run_000008_img_1230,1237269,2048,1536,130765,images/run_000008/shard_0013/run_000008_img_1230.jpg,images/train/run_000008_img_1230.jpg
train,1231,run_000008_img_1231,1238267,2048,1536,130222,images/run_000008/shard_0013/run_000008_img_1231.jpg,images/train/run_000008_img_1231.jpg
train,1232,run_000008_img_1232,1239266,2048,1536,129799,images/run_000008/shard_0013/run_000008_img_1232.jpg,images/train/run_000008_img_1232.jpg
train,1233,run_000008_img_1233,1240267,2048,1536,131170,images/run_000008/shard_0013/run_000008_img_1233.jpg,images/train/run_000008_img_1233.jpg
train,1234,run_000008_img_1234,1241265,2048,1536,130581,images/run_000008/shard_0013/run_000008_img_1234.jpg,images/train/run_000008_img_1234.jpg
train,1235,run_000008_img_1235,1242269,2048,1536,130310,images/run_000008/shard_0013/run_000008_img_1235.jpg,images/train/run_000008_img_1235.jpg
train,1236,run_000008_img_1236,1243267,2048,1536,130158,images/run_000008/shard_0013/run_000008_img_1236.jpg,images/train/run_000008_img_1236.jpg
train,1237,run_000008_img_1237,1244270,2048,1536,130086,images/run_000008/shard_0013/run_000008_img_1237.jpg,images/train/run_000008_img_1237.jpg
train,1238,run_000008_img_1238,1245476,2048,1536,129912,images/run_000008/shard_0013/run_000008_img_1238.jpg,images/train/run_000008_img_1238.jpg
train,1239,run_000008_img_1239,1246265,2048,1536,129473,images/run_000008/shard_0013/run_000008_img_1239.jpg,images/train/run_000008_img_1239.jpg
train,1240,run_000008_img_1240,1247270,2048,1536,129020,images/run_000008/shard_0013/run_000008_img_1240.jpg,images/train/run_000008_img_1240.jpg
train,1241,run_000008_img_1241,1248268,2048,1536,130450,images/run_000008/shard_0013/run_000008_img_1241.jpg,images/train/run_000008_img_1241.jpg
train,1242,run_000008_img_1242,1249269,2048,1536,129881,images/run_000008/shard_0013/run_000008_img_1242.jpg,images/train/run_000008_img_1242.jpg
train,1243,run_000008_img_1243,1250265,2048,1536,129416,images/run_000008/shard_0013/run_000008_img_1243.jpg,images/train/run_000008_img_1243.jpg
train,1244,run_000008_img_1244,1251269,2048,1536,128945,images/run_000008/shard_0013/run_000008_img_1244.jpg,images/train/run_000008_img_1244.jpg
train,1245,run_000008_img_1245,1252268,2048,1536,128699,images/run_000008/shard_0013/run_000008_img_1245.jpg,images/train/run_000008_img_1245.jpg
train,1246,run_000008_img_1246,1253266,2048,1536,130027,images/run_000008/shard_0013/run_000008_img_1246.jpg,images/train/run_000008_img_1246.jpg
train,1247,run_000008_img_1247,1254269,2048,1536,129712,images/run_000008/shard_0013/run_000008_img_1247.jpg,images/train/run_000008_img_1247.jpg
train,1248,run_000008_img_1248,1255267,2048,1536,129738,images/run_000008/shard_0013/run_000008_img_1248.jpg,images/train/run_000008_img_1248.jpg
train,1249,run_000008_img_1249,1256268,2048,1536,129494,images/run_000008/shard_0013/run_000008_img_1249.jpg,images/train/run_000008_img_1249.jpg
train,1250,run_000008_img_1250,1257266,2048,1536,129227,images/run_000008/shard_0013/run_000008_img_1250.jpg,images/train/run_000008_img_1250.jpg
train,1251,run_000008_img_1251,1258570,2048,1536,129273,images/run_000008/shard_0013/run_000008_img_1251.jpg,images/train/run_000008_img_1251.jpg
train,1252,run_000008_img_1252,1259379,2048,1536,128961,images/run_000008/shard_0013/run_000008_img_1252.jpg,images/train/run_000008_img_1252.jpg
train,1253,run_000008_img_1253,1260268,2048,1536,128997,images/run_000008/shard_0013/run_000008_img_1253.jpg,images/train/run_000008_img_1253.jpg
train,1254,run_000008_img_1254,1261267,2048,1536,128858,images/run_000008/shard_0013/run_000008_img_1254.jpg,images/train/run_000008_img_1254.jpg
train,1255,run_000008_img_1255,1262268,2048,1536,128541,images/run_000008/shard_0013/run_000008_img_1255.jpg,images/train/run_000008_img_1255.jpg
train,1256,run_000008_img_1256,1263267,2048,1536,129939,images/run_000008/shard_0013/run_000008_img_1256.jpg,images/train/run_000008_img_1256.jpg
train,1257,run_000008_img_1257,1264267,2048,1536,129929,images/run_000008/shard_0013/run_000008_img_1257.jpg,images/train/run_000008_img_1257.jpg
train,1258,run_000008_img_1258,1265525,2048,1536,129688,images/run_000008/shard_0013/run_000008_img_1258.jpg,images/train/run_000008_img_1258.jpg
train,1259,run_000008_img_1259,1266484,2048,1536,129509,images/run_000008/shard_0013/run_000008_img_1259.jpg,images/train/run_000008_img_1259.jpg
train,1260,run_000008_img_1260,1267293,2048,1536,129597,images/run_000008/shard_0013/run_000008_img_1260.jpg,images/train/run_000008_img_1260.jpg
train,1261,run_000008_img_1261,1268266,2048,1536,129211,images/run_000008/shard_0013/run_000008_img_1261.jpg,images/train/run_000008_img_1261.jpg
train,1262,run_000008_img_1262,1269270,2048,1536,129079,images/run_000008/shard_0013/run_000008_img_1262.jpg,images/train/run_000008_img_1262.jpg
train,1263,run_000008_img_1263,1270269,2048,1536,128798,images/run_000008/shard_0013/run_000008_img_1263.jpg,images/train/run_000008_img_1263.jpg
train,1264,run_000008_img_1264,1271268,2048,1536,128659,images/run_000008/shard_0013/run_000008_img_1264.jpg,images/train/run_000008_img_1264.jpg
train,1265,run_000008_img_1265,1272266,2048,1536,128560,images/run_000008/shard_0013/run_000008_img_1265.jpg,images/train/run_000008_img_1265.jpg
train,1266,run_000008_img_1266,1273268,2048,1536,128499,images/run_000008/shard_0013/run_000008_img_1266.jpg,images/train/run_000008_img_1266.jpg
train,1267,run_000008_img_1267,1274265,2048,1536,128336,images/run_000008/shard_0013/run_000008_img_1267.jpg,images/train/run_000008_img_1267.jpg
train,1268,run_000008_img_1268,1275265,2048,1536,128422,images/run_000008/shard_0013/run_000008_img_1268.jpg,images/train/run_000008_img_1268.jpg
train,1269,run_000008_img_1269,1276269,2048,1536,128350,images/run_000008/shard_0013/run_000008_img_1269.jpg,images/train/run_000008_img_1269.jpg
train,1270,run_000008_img_1270,1277266,2048,1536,128358,images/run_000008/shard_0013/run_000008_img_1270.jpg,images/train/run_000008_img_1270.jpg
train,1271,run_000008_img_1271,1278267,2048,1536,128179,images/run_000008/shard_0013/run_000008_img_1271.jpg,images/train/run_000008_img_1271.jpg
train,1272,run_000008_img_1272,1279267,2048,1536,128036,images/run_000008/shard_0013/run_000008_img_1272.jpg,images/train/run_000008_img_1272.jpg
train,1273,run_000008_img_1273,1280266,2048,1536,127873,images/run_000008/shard_0013/run_000008_img_1273.jpg,images/train/run_000008_img_1273.jpg
train,1274,run_000008_img_1274,1281266,2048,1536,128927,images/run_000008/shard_0013/run_000008_img_1274.jpg,images/train/run_000008_img_1274.jpg
train,1275,run_000008_img_1275,1282266,2048,1536,128660,images/run_000008/shard_0013/run_000008_img_1275.jpg,images/train/run_000008_img_1275.jpg
train,1276,run_000008_img_1276,1283265,2048,1536,128457,images/run_000008/shard_0013/run_000008_img_1276.jpg,images/train/run_000008_img_1276.jpg
train,1277,run_000008_img_1277,1284266,2048,1536,128556,images/run_000008/shard_0013/run_000008_img_1277.jpg,images/train/run_000008_img_1277.jpg
train,1278,run_000008_img_1278,1285267,2048,1536,128485,images/run_000008/shard_0013/run_000008_img_1278.jpg,images/train/run_000008_img_1278.jpg
train,1279,run_000008_img_1279,1286628,2048,1536,128700,images/run_000008/shard_0013/run_000008_img_1279.jpg,images/train/run_000008_img_1279.jpg
train,1280,run_000008_img_1280,1287527,2048,1536,128668,images/run_000008/shard_0013/run_000008_img_1280.jpg,images/train/run_000008_img_1280.jpg
train,1281,run_000008_img_1281,1288427,2048,1536,128871,images/run_000008/shard_0013/run_000008_img_1281.jpg,images/train/run_000008_img_1281.jpg
train,1282,run_000008_img_1282,1289326,2048,1536,128710,images/run_000008/shard_0013/run_000008_img_1282.jpg,images/train/run_000008_img_1282.jpg
train,1283,run_000008_img_1283,1290265,2048,1536,128877,images/run_000008/shard_0013/run_000008_img_1283.jpg,images/train/run_000008_img_1283.jpg
train,1284,run_000008_img_1284,1291269,2048,1536,128939,images/run_000008/shard_0013/run_000008_img_1284.jpg,images/train/run_000008_img_1284.jpg
train,1285,run_000008_img_1285,1292268,2048,1536,128777,images/run_000008/shard_0013/run_000008_img_1285.jpg,images/train/run_000008_img_1285.jpg
train,1286,run_000008_img_1286,1293265,2048,1536,128903,images/run_000008/shard_0013/run_000008_img_1286.jpg,images/train/run_000008_img_1286.jpg
train,1287,run_000008_img_1287,1294266,2048,1536,128999,images/run_000008/shard_0013/run_000008_img_1287.jpg,images/train/run_000008_img_1287.jpg
train,1288,run_000008_img_1288,1295267,2048,1536,128743,images/run_000008/shard_0013/run_000008_img_1288.jpg,images/train/run_000008_img_1288.jpg
train,1289,run_000008_img_1289,1296268,2048,1536,128983,images/run_000008/shard_0013/run_000008_img_1289.jpg,images/train/run_000008_img_1289.jpg
train,1290,run_000008_img_1290,1297269,2048,1536,129092,images/run_000008/shard_0013/run_000008_img_1290.jpg,images/train/run_000008_img_1290.jpg
train,1291,run_000008_img_1291,1298270,2048,1536,129030,images/run_000008/shard_0013/run_000008_img_1291.jpg,images/train/run_000008_img_1291.jpg
train,1292,run_000008_img_1292,1299269,2048,1536,129154,images/run_000008/shard_0013/run_000008_img_1292.jpg,images/train/run_000008_img_1292.jpg
train,1293,run_000008_img_1293,1300267,2048,1536,128966,images/run_000008/shard_0013/run_000008_img_1293.jpg,images/train/run_000008_img_1293.jpg
train,1294,run_000008_img_1294,1301266,2048,1536,128702,images/run_000008/shard_0013/run_000008_img_1294.jpg,images/train/run_000008_img_1294.jpg
train,1295,run_000008_img_1295,1302268,2048,1536,128549,images/run_000008/shard_0013/run_000008_img_1295.jpg,images/train/run_000008_img_1295.jpg
train,1296,run_000008_img_1296,1303269,2048,1536,128359,images/run_000008/shard_0013/run_000008_img_1296.jpg,images/train/run_000008_img_1296.jpg
train,1297,run_000008_img_1297,1304268,2048,1536,128180,images/run_000008/shard_0013/run_000008_img_1297.jpg,images/train/run_000008_img_1297.jpg
train,1298,run_000008_img_1298,1305268,2048,1536,128017,images/run_000008/shard_0013/run_000008_img_1298.jpg,images/train/run_000008_img_1298.jpg
train,1299,run_000008_img_1299,1306266,2048,1536,127658,images/run_000008/shard_0013/run_000008_img_1299.jpg,images/train/run_000008_img_1299.jpg
train,1300,run_000008_img_1300,1307267,2048,1536,127412,images/run_000008/shard_0013/run_000008_img_1300.jpg,images/train/run_000008_img_1300.jpg
train,1301,run_000008_img_1301,1308792,2048,1536,127243,images/run_000008/shard_0014/run_000008_img_1301.jpg,images/train/run_000008_img_1301.jpg
train,1302,run_000008_img_1302,1310205,2048,1536,127288,images/run_000008/shard_0014/run_000008_img_1302.jpg,images/train/run_000008_img_1302.jpg
train,1303,run_000008_img_1303,1310819,2048,1536,127228,images/run_000008/shard_0014/run_000008_img_1303.jpg,images/train/run_000008_img_1303.jpg
train,1304,run_000008_img_1304,1311449,2048,1536,127345,images/run_000008/shard_0014/run_000008_img_1304.jpg,images/train/run_000008_img_1304.jpg
train,1305,run_000008_img_1305,1312268,2048,1536,127477,images/run_000008/shard_0014/run_000008_img_1305.jpg,images/train/run_000008_img_1305.jpg
train,1306,run_000008_img_1306,1313268,2048,1536,127735,images/run_000008/shard_0014/run_000008_img_1306.jpg,images/train/run_000008_img_1306.jpg
train,1307,run_000008_img_1307,1314265,2048,1536,127666,images/run_000008/shard_0014/run_000008_img_1307.jpg,images/train/run_000008_img_1307.jpg
train,1308,run_000008_img_1308,1315270,2048,1536,128119,images/run_000008/shard_0014/run_000008_img_1308.jpg,images/train/run_000008_img_1308.jpg
train,1309,run_000008_img_1309,1316266,2048,1536,128085,images/run_000008/shard_0014/run_000008_img_1309.jpg,images/train/run_000008_img_1309.jpg
train,1310,run_000008_img_1310,1317265,2048,1536,128276,images/run_000008/shard_0014/run_000008_img_1310.jpg,images/train/run_000008_img_1310.jpg
train,1311,run_000008_img_1311,1318267,2048,1536,128378,images/run_000008/shard_0014/run_000008_img_1311.jpg,images/train/run_000008_img_1311.jpg
train,1312,run_000008_img_1312,1319267,2048,1536,128290,images/run_000008/shard_0014/run_000008_img_1312.jpg,images/train/run_000008_img_1312.jpg
train,1313,run_000008_img_1313,1320266,2048,1536,128286,images/run_000008/shard_0014/run_000008_img_1313.jpg,images/train/run_000008_img_1313.jpg
train,1314,run_000008_img_1314,1321431,2048,1536,128193,images/run_000008/shard_0014/run_000008_img_1314.jpg,images/train/run_000008_img_1314.jpg
train,1315,run_000008_img_1315,1322266,2048,1536,130168,images/run_000008/shard_0014/run_000008_img_1315.jpg,images/train/run_000008_img_1315.jpg
train,1316,run_000008_img_1316,1323269,2048,1536,129978,images/run_000008/shard_0014/run_000008_img_1316.jpg,images/train/run_000008_img_1316.jpg
train,1317,run_000008_img_1317,1324266,2048,1536,129991,images/run_000008/shard_0014/run_000008_img_1317.jpg,images/train/run_000008_img_1317.jpg
train,1318,run_000008_img_1318,1325266,2048,1536,130051,images/run_000008/shard_0014/run_000008_img_1318.jpg,images/train/run_000008_img_1318.jpg
train,1319,run_000008_img_1319,1326265,2048,1536,129768,images/run_000008/shard_0014/run_000008_img_1319.jpg,images/train/run_000008_img_1319.jpg
train,1320,run_000008_img_1320,1327266,2048,1536,129755,images/run_000008/shard_0014/run_000008_img_1320.jpg,images/train/run_000008_img_1320.jpg
train,1321,run_000008_img_1321,1328269,2048,1536,129428,images/run_000008/shard_0014/run_000008_img_1321.jpg,images/train/run_000008_img_1321.jpg
train,1322,run_000008_img_1322,1329270,2048,1536,129130,images/run_000008/shard_0014/run_000008_img_1322.jpg,images/train/run_000008_img_1322.jpg
train,1323,run_000008_img_1323,1330269,2048,1536,128754,images/run_000008/shard_0014/run_000008_img_1323.jpg,images/train/run_000008_img_1323.jpg
train,1324,run_000008_img_1324,1331265,2048,1536,128487,images/run_000008/shard_0014/run_000008_img_1324.jpg,images/train/run_000008_img_1324.jpg
train,1325,run_000008_img_1325,1332268,2048,1536,128319,images/run_000008/shard_0014/run_000008_img_1325.jpg,images/train/run_000008_img_1325.jpg
train,1326,run_000008_img_1326,1333269,2048,1536,128322,images/run_000008/shard_0014/run_000008_img_1326.jpg,images/train/run_000008_img_1326.jpg
train,1327,run_000008_img_1327,1334266,2048,1536,128222,images/run_000008/shard_0014/run_000008_img_1327.jpg,images/train/run_000008_img_1327.jpg
train,1328,run_000008_img_1328,1335268,2048,1536,128223,images/run_000008/shard_0014/run_000008_img_1328.jpg,images/train/run_000008_img_1328.jpg
train,1329,run_000008_img_1329,1336266,2048,1536,128310,images/run_000008/shard_0014/run_000008_img_1329.jpg,images/train/run_000008_img_1329.jpg
train,1330,run_000008_img_1330,1337266,2048,1536,128384,images/run_000008/shard_0014/run_000008_img_1330.jpg,images/train/run_000008_img_1330.jpg
train,1331,run_000008_img_1331,1338266,2048,1536,128491,images/run_000008/shard_0014/run_000008_img_1331.jpg,images/train/run_000008_img_1331.jpg
train,1332,run_000008_img_1332,1339265,2048,1536,128497,images/run_000008/shard_0014/run_000008_img_1332.jpg,images/train/run_000008_img_1332.jpg
train,1333,run_000008_img_1333,1340265,2048,1536,128581,images/run_000008/shard_0014/run_000008_img_1333.jpg,images/train/run_000008_img_1333.jpg
train,1334,run_000008_img_1334,1341266,2048,1536,128709,images/run_000008/shard_0014/run_000008_img_1334.jpg,images/train/run_000008_img_1334.jpg
train,1335,run_000008_img_1335,1342268,2048,1536,128708,images/run_000008/shard_0014/run_000008_img_1335.jpg,images/train/run_000008_img_1335.jpg
train,1336,run_000008_img_1336,1343267,2048,1536,128596,images/run_000008/shard_0014/run_000008_img_1336.jpg,images/train/run_000008_img_1336.jpg
train,1337,run_000008_img_1337,1344266,2048,1536,128504,images/run_000008/shard_0014/run_000008_img_1337.jpg,images/train/run_000008_img_1337.jpg
train,1338,run_000008_img_1338,1345269,2048,1536,128497,images/run_000008/shard_0014/run_000008_img_1338.jpg,images/train/run_000008_img_1338.jpg
train,1339,run_000008_img_1339,1346265,2048,1536,128598,images/run_000008/shard_0014/run_000008_img_1339.jpg,images/train/run_000008_img_1339.jpg
train,1340,run_000008_img_1340,1347269,2048,1536,128691,images/run_000008/shard_0014/run_000008_img_1340.jpg,images/train/run_000008_img_1340.jpg
train,1341,run_000008_img_1341,1348463,2048,1536,128295,images/run_000008/shard_0014/run_000008_img_1341.jpg,images/train/run_000008_img_1341.jpg
train,1342,run_000008_img_1342,1349265,2048,1536,128508,images/run_000008/shard_0014/run_000008_img_1342.jpg,images/train/run_000008_img_1342.jpg
train,1343,run_000008_img_1343,1350265,2048,1536,128700,images/run_000008/shard_0014/run_000008_img_1343.jpg,images/train/run_000008_img_1343.jpg
train,1344,run_000008_img_1344,1351268,2048,1536,128712,images/run_000008/shard_0014/run_000008_img_1344.jpg,images/train/run_000008_img_1344.jpg
train,1345,run_000008_img_1345,1352269,2048,1536,128683,images/run_000008/shard_0014/run_000008_img_1345.jpg,images/train/run_000008_img_1345.jpg
train,1346,run_000008_img_1346,1353265,2048,1536,128678,images/run_000008/shard_0014/run_000008_img_1346.jpg,images/train/run_000008_img_1346.jpg
train,1347,run_000008_img_1347,1354266,2048,1536,128763,images/run_000008/shard_0014/run_000008_img_1347.jpg,images/train/run_000008_img_1347.jpg
train,1348,run_000008_img_1348,1355269,2048,1536,128841,images/run_000008/shard_0014/run_000008_img_1348.jpg,images/train/run_000008_img_1348.jpg
train,1349,run_000008_img_1349,1356265,2048,1536,128933,images/run_000008/shard_0014/run_000008_img_1349.jpg,images/train/run_000008_img_1349.jpg
train,1350,run_000008_img_1350,1357269,2048,1536,129000,images/run_000008/shard_0014/run_000008_img_1350.jpg,images/train/run_000008_img_1350.jpg
train,1351,run_000008_img_1351,1358269,2048,1536,129060,images/run_000008/shard_0014/run_000008_img_1351.jpg,images/train/run_000008_img_1351.jpg
train,1352,run_000008_img_1352,1359267,2048,1536,129076,images/run_000008/shard_0014/run_000008_img_1352.jpg,images/train/run_000008_img_1352.jpg
train,1353,run_000008_img_1353,1360267,2048,1536,129035,images/run_000008/shard_0014/run_000008_img_1353.jpg,images/train/run_000008_img_1353.jpg
train,1354,run_000008_img_1354,1361267,2048,1536,128862,images/run_000008/shard_0014/run_000008_img_1354.jpg,images/train/run_000008_img_1354.jpg
train,1355,run_000008_img_1355,1362265,2048,1536,128789,images/run_000008/shard_0014/run_000008_img_1355.jpg,images/train/run_000008_img_1355.jpg
train,1356,run_000008_img_1356,1363265,2048,1536,128683,images/run_000008/shard_0014/run_000008_img_1356.jpg,images/train/run_000008_img_1356.jpg
train,1357,run_000008_img_1357,1364265,2048,1536,128779,images/run_000008/shard_0014/run_000008_img_1357.jpg,images/train/run_000008_img_1357.jpg
train,1358,run_000008_img_1358,1365265,2048,1536,128750,images/run_000008/shard_0014/run_000008_img_1358.jpg,images/train/run_000008_img_1358.jpg
train,1359,run_000008_img_1359,1366268,2048,1536,128483,images/run_000008/shard_0014/run_000008_img_1359.jpg,images/train/run_000008_img_1359.jpg
train,1360,run_000008_img_1360,1367265,2048,1536,128367,images/run_000008/shard_0014/run_000008_img_1360.jpg,images/train/run_000008_img_1360.jpg
train,1361,run_000008_img_1361,1368267,2048,1536,128308,images/run_000008/shard_0014/run_000008_img_1361.jpg,images/train/run_000008_img_1361.jpg
train,1362,run_000008_img_1362,1369269,2048,1536,128234,images/run_000008/shard_0014/run_000008_img_1362.jpg,images/train/run_000008_img_1362.jpg
train,1363,run_000008_img_1363,1370268,2048,1536,128241,images/run_000008/shard_0014/run_000008_img_1363.jpg,images/train/run_000008_img_1363.jpg
train,1364,run_000008_img_1364,1371266,2048,1536,128240,images/run_000008/shard_0014/run_000008_img_1364.jpg,images/train/run_000008_img_1364.jpg
train,1365,run_000008_img_1365,1372267,2048,1536,128274,images/run_000008/shard_0014/run_000008_img_1365.jpg,images/train/run_000008_img_1365.jpg
train,1366,run_000008_img_1366,1373265,2048,1536,128371,images/run_000008/shard_0014/run_000008_img_1366.jpg,images/train/run_000008_img_1366.jpg
train,1367,run_000008_img_1367,1374265,2048,1536,128504,images/run_000008/shard_0014/run_000008_img_1367.jpg,images/train/run_000008_img_1367.jpg
train,1368,run_000008_img_1368,1375265,2048,1536,128341,images/run_000008/shard_0014/run_000008_img_1368.jpg,images/train/run_000008_img_1368.jpg
train,1369,run_000008_img_1369,1376548,2048,1536,128278,images/run_000008/shard_0014/run_000008_img_1369.jpg,images/train/run_000008_img_1369.jpg
train,1370,run_000008_img_1370,1377367,2048,1536,128327,images/run_000008/shard_0014/run_000008_img_1370.jpg,images/train/run_000008_img_1370.jpg
train,1371,run_000008_img_1371,1378269,2048,1536,128245,images/run_000008/shard_0014/run_000008_img_1371.jpg,images/train/run_000008_img_1371.jpg
train,1372,run_000008_img_1372,1379266,2048,1536,128212,images/run_000008/shard_0014/run_000008_img_1372.jpg,images/train/run_000008_img_1372.jpg
train,1373,run_000008_img_1373,1380270,2048,1536,128146,images/run_000008/shard_0014/run_000008_img_1373.jpg,images/train/run_000008_img_1373.jpg
train,1374,run_000008_img_1374,1381266,2048,1536,128143,images/run_000008/shard_0014/run_000008_img_1374.jpg,images/train/run_000008_img_1374.jpg
train,1375,run_000008_img_1375,1382269,2048,1536,128160,images/run_000008/shard_0014/run_000008_img_1375.jpg,images/train/run_000008_img_1375.jpg
train,1376,run_000008_img_1376,1383268,2048,1536,128191,images/run_000008/shard_0014/run_000008_img_1376.jpg,images/train/run_000008_img_1376.jpg
train,1377,run_000008_img_1377,1384266,2048,1536,128174,images/run_000008/shard_0014/run_000008_img_1377.jpg,images/train/run_000008_img_1377.jpg
train,1378,run_000008_img_1378,1385641,2048,1536,128267,images/run_000008/shard_0014/run_000008_img_1378.jpg,images/train/run_000008_img_1378.jpg
train,1379,run_000008_img_1379,1386540,2048,1536,128185,images/run_000008/shard_0014/run_000008_img_1379.jpg,images/train/run_000008_img_1379.jpg
train,1380,run_000008_img_1380,1387440,2048,1536,128369,images/run_000008/shard_0014/run_000008_img_1380.jpg,images/train/run_000008_img_1380.jpg
train,1381,run_000008_img_1381,1388339,2048,1536,128280,images/run_000008/shard_0014/run_000008_img_1381.jpg,images/train/run_000008_img_1381.jpg
train,1382,run_000008_img_1382,1389265,2048,1536,128545,images/run_000008/shard_0014/run_000008_img_1382.jpg,images/train/run_000008_img_1382.jpg
train,1383,run_000008_img_1383,1390269,2048,1536,128593,images/run_000008/shard_0014/run_000008_img_1383.jpg,images/train/run_000008_img_1383.jpg
train,1384,run_000008_img_1384,1391266,2048,1536,128673,images/run_000008/shard_0014/run_000008_img_1384.jpg,images/train/run_000008_img_1384.jpg
train,1385,run_000008_img_1385,1392266,2048,1536,128954,images/run_000008/shard_0014/run_000008_img_1385.jpg,images/train/run_000008_img_1385.jpg
train,1386,run_000008_img_1386,1393267,2048,1536,129198,images/run_000008/shard_0014/run_000008_img_1386.jpg,images/train/run_000008_img_1386.jpg
train,1387,run_000008_img_1387,1394267,2048,1536,129325,images/run_000008/shard_0014/run_000008_img_1387.jpg,images/train/run_000008_img_1387.jpg
train,1388,run_000008_img_1388,1395265,2048,1536,129520,images/run_000008/shard_0014/run_000008_img_1388.jpg,images/train/run_000008_img_1388.jpg
train,1389,run_000008_img_1389,1396269,2048,1536,129690,images/run_000008/shard_0014/run_000008_img_1389.jpg,images/train/run_000008_img_1389.jpg
train,1390,run_000008_img_1390,1397268,2048,1536,129697,images/run_000008/shard_0014/run_000008_img_1390.jpg,images/train/run_000008_img_1390.jpg
train,1391,run_000008_img_1391,1398267,2048,1536,129579,images/run_000008/shard_0014/run_000008_img_1391.jpg,images/train/run_000008_img_1391.jpg
train,1392,run_000008_img_1392,1399266,2048,1536,129530,images/run_000008/shard_0014/run_000008_img_1392.jpg,images/train/run_000008_img_1392.jpg
train,1393,run_000008_img_1393,1400269,2048,1536,129453,images/run_000008/shard_0014/run_000008_img_1393.jpg,images/train/run_000008_img_1393.jpg
train,1394,run_000008_img_1394,1401267,2048,1536,129432,images/run_000008/shard_0014/run_000008_img_1394.jpg,images/train/run_000008_img_1394.jpg
train,1395,run_000008_img_1395,1402268,2048,1536,129271,images/run_000008/shard_0014/run_000008_img_1395.jpg,images/train/run_000008_img_1395.jpg
train,1396,run_000008_img_1396,1403265,2048,1536,129437,images/run_000008/shard_0014/run_000008_img_1396.jpg,images/train/run_000008_img_1396.jpg
train,1397,run_000008_img_1397,1404267,2048,1536,129678,images/run_000008/shard_0014/run_000008_img_1397.jpg,images/train/run_000008_img_1397.jpg
train,1398,run_000008_img_1398,1405266,2048,1536,129423,images/run_000008/shard_0014/run_000008_img_1398.jpg,images/train/run_000008_img_1398.jpg
train,1399,run_000008_img_1399,1406265,2048,1536,129469,images/run_000008/shard_0014/run_000008_img_1399.jpg,images/train/run_000008_img_1399.jpg
train,1400,run_000008_img_1400,1407267,2048,1536,129240,images/run_000008/shard_0014/run_000008_img_1400.jpg,images/train/run_000008_img_1400.jpg
train,1401,run_000008_img_1401,1409260,2048,1536,129458,images/run_000008/shard_0015/run_000008_img_1401.jpg,images/train/run_000008_img_1401.jpg
train,1402,run_000008_img_1402,1410199,2048,1536,129518,images/run_000008/shard_0015/run_000008_img_1402.jpg,images/train/run_000008_img_1402.jpg
train,1403,run_000008_img_1403,1410821,2048,1536,129525,images/run_000008/shard_0015/run_000008_img_1403.jpg,images/train/run_000008_img_1403.jpg
train,1404,run_000008_img_1404,1411451,2048,1536,129547,images/run_000008/shard_0015/run_000008_img_1404.jpg,images/train/run_000008_img_1404.jpg
train,1405,run_000008_img_1405,1412267,2048,1536,129550,images/run_000008/shard_0015/run_000008_img_1405.jpg,images/train/run_000008_img_1405.jpg
train,1406,run_000008_img_1406,1413265,2048,1536,129346,images/run_000008/shard_0015/run_000008_img_1406.jpg,images/train/run_000008_img_1406.jpg
train,1407,run_000008_img_1407,1414266,2048,1536,129274,images/run_000008/shard_0015/run_000008_img_1407.jpg,images/train/run_000008_img_1407.jpg
train,1408,run_000008_img_1408,1415268,2048,1536,129266,images/run_000008/shard_0015/run_000008_img_1408.jpg,images/train/run_000008_img_1408.jpg
train,1409,run_000008_img_1409,1416269,2048,1536,129199,images/run_000008/shard_0015/run_000008_img_1409.jpg,images/train/run_000008_img_1409.jpg
train,1410,run_000008_img_1410,1417265,2048,1536,129280,images/run_000008/shard_0015/run_000008_img_1410.jpg,images/train/run_000008_img_1410.jpg
train,1411,run_000008_img_1411,1418269,2048,1536,129299,images/run_000008/shard_0015/run_000008_img_1411.jpg,images/train/run_000008_img_1411.jpg
train,1412,run_000008_img_1412,1419268,2048,1536,129379,images/run_000008/shard_0015/run_000008_img_1412.jpg,images/train/run_000008_img_1412.jpg
train,1413,run_000008_img_1413,1420269,2048,1536,129490,images/run_000008/shard_0015/run_000008_img_1413.jpg,images/train/run_000008_img_1413.jpg
train,1414,run_000008_img_1414,1421268,2048,1536,129656,images/run_000008/shard_0015/run_000008_img_1414.jpg,images/train/run_000008_img_1414.jpg
train,1415,run_000008_img_1415,1422398,2048,1536,129857,images/run_000008/shard_0015/run_000008_img_1415.jpg,images/train/run_000008_img_1415.jpg
train,1416,run_000008_img_1416,1423268,2048,1536,129924,images/run_000008/shard_0015/run_000008_img_1416.jpg,images/train/run_000008_img_1416.jpg
train,1417,run_000008_img_1417,1424267,2048,1536,130178,images/run_000008/shard_0015/run_000008_img_1417.jpg,images/train/run_000008_img_1417.jpg
train,1418,run_000008_img_1418,1425267,2048,1536,130293,images/run_000008/shard_0015/run_000008_img_1418.jpg,images/train/run_000008_img_1418.jpg
train,1419,run_000008_img_1419,1426269,2048,1536,130500,images/run_000008/shard_0015/run_000008_img_1419.jpg,images/train/run_000008_img_1419.jpg
train,1420,run_000008_img_1420,1427267,2048,1536,130581,images/run_000008/shard_0015/run_000008_img_1420.jpg,images/train/run_000008_img_1420.jpg
train,1421,run_000008_img_1421,1428266,2048,1536,130823,images/run_000008/shard_0015/run_000008_img_1421.jpg,images/train/run_000008_img_1421.jpg
train,1422,run_000008_img_1422,1429268,2048,1536,130822,images/run_000008/shard_0015/run_000008_img_1422.jpg,images/train/run_000008_img_1422.jpg
train,1423,run_000008_img_1423,1430266,2048,1536,130885,images/run_000008/shard_0015/run_000008_img_1423.jpg,images/train/run_000008_img_1423.jpg
train,1424,run_000008_img_1424,1431268,2048,1536,130892,images/run_000008/shard_0015/run_000008_img_1424.jpg,images/train/run_000008_img_1424.jpg
train,1425,run_000008_img_1425,1432268,2048,1536,130801,images/run_000008/shard_0015/run_000008_img_1425.jpg,images/train/run_000008_img_1425.jpg
train,1426,run_000008_img_1426,1433266,2048,1536,130921,images/run_000008/shard_0015/run_000008_img_1426.jpg,images/train/run_000008_img_1426.jpg
train,1427,run_000008_img_1427,1434266,2048,1536,131032,images/run_000008/shard_0015/run_000008_img_1427.jpg,images/train/run_000008_img_1427.jpg
train,1428,run_000008_img_1428,1435270,2048,1536,131092,images/run_000008/shard_0015/run_000008_img_1428.jpg,images/train/run_000008_img_1428.jpg
train,1429,run_000008_img_1429,1436267,2048,1536,131185,images/run_000008/shard_0015/run_000008_img_1429.jpg,images/train/run_000008_img_1429.jpg
train,1430,run_000008_img_1430,1437265,2048,1536,131034,images/run_000008/shard_0015/run_000008_img_1430.jpg,images/train/run_000008_img_1430.jpg
train,1431,run_000008_img_1431,1438267,2048,1536,131096,images/run_000008/shard_0015/run_000008_img_1431.jpg,images/train/run_000008_img_1431.jpg
train,1432,run_000008_img_1432,1439266,2048,1536,131251,images/run_000008/shard_0015/run_000008_img_1432.jpg,images/train/run_000008_img_1432.jpg
train,1433,run_000008_img_1433,1440318,2048,1536,131378,images/run_000008/shard_0015/run_000008_img_1433.jpg,images/train/run_000008_img_1433.jpg
train,1434,run_000008_img_1434,1441268,2048,1536,131370,images/run_000008/shard_0015/run_000008_img_1434.jpg,images/train/run_000008_img_1434.jpg
train,1435,run_000008_img_1435,1442268,2048,1536,131389,images/run_000008/shard_0015/run_000008_img_1435.jpg,images/train/run_000008_img_1435.jpg
train,1436,run_000008_img_1436,1443269,2048,1536,131349,images/run_000008/shard_0015/run_000008_img_1436.jpg,images/train/run_000008_img_1436.jpg
train,1437,run_000008_img_1437,1444268,2048,1536,131536,images/run_000008/shard_0015/run_000008_img_1437.jpg,images/train/run_000008_img_1437.jpg
train,1438,run_000008_img_1438,1445269,2048,1536,131590,images/run_000008/shard_0015/run_000008_img_1438.jpg,images/train/run_000008_img_1438.jpg
train,1439,run_000008_img_1439,1446524,2048,1536,131673,images/run_000008/shard_0015/run_000008_img_1439.jpg,images/train/run_000008_img_1439.jpg
train,1440,run_000008_img_1440,1447267,2048,1536,131760,images/run_000008/shard_0015/run_000008_img_1440.jpg,images/train/run_000008_img_1440.jpg
train,1441,run_000008_img_1441,1448267,2048,1536,131880,images/run_000008/shard_0015/run_000008_img_1441.jpg,images/train/run_000008_img_1441.jpg
train,1442,run_000008_img_1442,1449265,2048,1536,132067,images/run_000008/shard_0015/run_000008_img_1442.jpg,images/train/run_000008_img_1442.jpg
train,1443,run_000008_img_1443,1450269,2048,1536,132138,images/run_000008/shard_0015/run_000008_img_1443.jpg,images/train/run_000008_img_1443.jpg
train,1444,run_000008_img_1444,1451268,2048,1536,132264,images/run_000008/shard_0015/run_000008_img_1444.jpg,images/train/run_000008_img_1444.jpg
train,1445,run_000008_img_1445,1452265,2048,1536,132390,images/run_000008/shard_0015/run_000008_img_1445.jpg,images/train/run_000008_img_1445.jpg
train,1446,run_000008_img_1446,1453265,2048,1536,132611,images/run_000008/shard_0015/run_000008_img_1446.jpg,images/train/run_000008_img_1446.jpg
train,1447,run_000008_img_1447,1454265,2048,1536,132844,images/run_000008/shard_0015/run_000008_img_1447.jpg,images/train/run_000008_img_1447.jpg
train,1448,run_000008_img_1448,1455267,2048,1536,132956,images/run_000008/shard_0015/run_000008_img_1448.jpg,images/train/run_000008_img_1448.jpg
train,1449,run_000008_img_1449,1456269,2048,1536,133087,images/run_000008/shard_0015/run_000008_img_1449.jpg,images/train/run_000008_img_1449.jpg
train,1450,run_000008_img_1450,1457270,2048,1536,133134,images/run_000008/shard_0015/run_000008_img_1450.jpg,images/train/run_000008_img_1450.jpg
train,1451,run_000008_img_1451,1458268,2048,1536,133489,images/run_000008/shard_0015/run_000008_img_1451.jpg,images/train/run_000008_img_1451.jpg
train,1452,run_000008_img_1452,1459269,2048,1536,133617,images/run_000008/shard_0015/run_000008_img_1452.jpg,images/train/run_000008_img_1452.jpg
train,1453,run_000008_img_1453,1460268,2048,1536,134034,images/run_000008/shard_0015/run_000008_img_1453.jpg,images/train/run_000008_img_1453.jpg
train,1454,run_000008_img_1454,1461270,2048,1536,130237,images/run_000008/shard_0015/run_000008_img_1454.jpg,images/train/run_000008_img_1454.jpg
train,1455,run_000008_img_1455,1462268,2048,1536,130602,images/run_000008/shard_0015/run_000008_img_1455.jpg,images/train/run_000008_img_1455.jpg
train,1456,run_000008_img_1456,1463267,2048,1536,131178,images/run_000008/shard_0015/run_000008_img_1456.jpg,images/train/run_000008_img_1456.jpg
train,1457,run_000008_img_1457,1464266,2048,1536,131578,images/run_000008/shard_0015/run_000008_img_1457.jpg,images/train/run_000008_img_1457.jpg
train,1458,run_000008_img_1458,1465268,2048,1536,131915,images/run_000008/shard_0015/run_000008_img_1458.jpg,images/train/run_000008_img_1458.jpg
train,1459,run_000008_img_1459,1466267,2048,1536,132174,images/run_000008/shard_0015/run_000008_img_1459.jpg,images/train/run_000008_img_1459.jpg
train,1460,run_000008_img_1460,1467265,2048,1536,132809,images/run_000008/shard_0015/run_000008_img_1460.jpg,images/train/run_000008_img_1460.jpg
train,1461,run_000008_img_1461,1468269,2048,1536,133480,images/run_000008/shard_0015/run_000008_img_1461.jpg,images/train/run_000008_img_1461.jpg
train,1462,run_000008_img_1462,1469269,2048,1536,134191,images/run_000008/shard_0015/run_000008_img_1462.jpg,images/train/run_000008_img_1462.jpg
train,1463,run_000008_img_1463,1470267,2048,1536,130548,images/run_000008/shard_0015/run_000008_img_1463.jpg,images/train/run_000008_img_1463.jpg
train,1464,run_000008_img_1464,1471614,2048,1536,134021,images/run_000008/shard_0015/run_000008_img_1464.jpg,images/train/run_000008_img_1464.jpg
train,1465,run_000008_img_1465,1472424,2048,1536,132209,images/run_000008/shard_0015/run_000008_img_1465.jpg,images/train/run_000008_img_1465.jpg
train,1466,run_000008_img_1466,1473721,2048,1536,135398,images/run_000008/shard_0015/run_000008_img_1466.jpg,images/train/run_000008_img_1466.jpg
train,1467,run_000008_img_1467,1474582,2048,1536,135385,images/run_000008/shard_0015/run_000008_img_1467.jpg,images/train/run_000008_img_1467.jpg
train,1468,run_000008_img_1468,1475481,2048,1536,135788,images/run_000008/shard_0015/run_000008_img_1468.jpg,images/train/run_000008_img_1468.jpg
train,1469,run_000008_img_1469,1476380,2048,1536,136951,images/run_000008/shard_0015/run_000008_img_1469.jpg,images/train/run_000008_img_1469.jpg
train,1470,run_000008_img_1470,1477280,2048,1536,132898,images/run_000008/shard_0015/run_000008_img_1470.jpg,images/train/run_000008_img_1470.jpg
train,1471,run_000008_img_1471,1478267,2048,1536,133183,images/run_000008/shard_0015/run_000008_img_1471.jpg,images/train/run_000008_img_1471.jpg
train,1472,run_000008_img_1472,1479268,2048,1536,135791,images/run_000008/shard_0015/run_000008_img_1472.jpg,images/train/run_000008_img_1472.jpg
train,1473,run_000008_img_1473,1480265,2048,1536,138666,images/run_000008/shard_0015/run_000008_img_1473.jpg,images/train/run_000008_img_1473.jpg
train,1474,run_000008_img_1474,1481267,2048,1536,135258,images/run_000008/shard_0015/run_000008_img_1474.jpg,images/train/run_000008_img_1474.jpg
train,1475,run_000008_img_1475,1482266,2048,1536,134919,images/run_000008/shard_0015/run_000008_img_1475.jpg,images/train/run_000008_img_1475.jpg
train,1476,run_000008_img_1476,1483270,2048,1536,135330,images/run_000008/shard_0015/run_000008_img_1476.jpg,images/train/run_000008_img_1476.jpg
train,1477,run_000008_img_1477,1484268,2048,1536,134539,images/run_000008/shard_0015/run_000008_img_1477.jpg,images/train/run_000008_img_1477.jpg
train,1478,run_000008_img_1478,1485266,2048,1536,132314,images/run_000008/shard_0015/run_000008_img_1478.jpg,images/train/run_000008_img_1478.jpg
train,1479,run_000008_img_1479,1486267,2048,1536,131266,images/run_000008/shard_0015/run_000008_img_1479.jpg,images/train/run_000008_img_1479.jpg
train,1480,run_000008_img_1480,1487268,2048,1536,132840,images/run_000008/shard_0015/run_000008_img_1480.jpg,images/train/run_000008_img_1480.jpg
train,1481,run_000008_img_1481,1488269,2048,1536,133240,images/run_000008/shard_0015/run_000008_img_1481.jpg,images/train/run_000008_img_1481.jpg
train,1482,run_000008_img_1482,1489267,2048,1536,132438,images/run_000008/shard_0015/run_000008_img_1482.jpg,images/train/run_000008_img_1482.jpg
train,1483,run_000008_img_1483,1490267,2048,1536,130568,images/run_000008/shard_0015/run_000008_img_1483.jpg,images/train/run_000008_img_1483.jpg
train,1484,run_000008_img_1484,1491265,2048,1536,130277,images/run_000008/shard_0015/run_000008_img_1484.jpg,images/train/run_000008_img_1484.jpg
train,1485,run_000008_img_1485,1492268,2048,1536,128835,images/run_000008/shard_0015/run_000008_img_1485.jpg,images/train/run_000008_img_1485.jpg
train,1486,run_000008_img_1486,1493265,2048,1536,128700,images/run_000008/shard_0015/run_000008_img_1486.jpg,images/train/run_000008_img_1486.jpg
train,1487,run_000008_img_1487,1494267,2048,1536,128428,images/run_000008/shard_0015/run_000008_img_1487.jpg,images/train/run_000008_img_1487.jpg
train,1488,run_000008_img_1488,1495269,2048,1536,129088,images/run_000008/shard_0015/run_000008_img_1488.jpg,images/train/run_000008_img_1488.jpg
train,1489,run_000008_img_1489,1496795,2048,1536,128072,images/run_000008/shard_0015/run_000008_img_1489.jpg,images/train/run_000008_img_1489.jpg
train,1490,run_000008_img_1490,1497694,2048,1536,129164,images/run_000008/shard_0015/run_000008_img_1490.jpg,images/train/run_000008_img_1490.jpg
train,1491,run_000008_img_1491,1498593,2048,1536,128957,images/run_000008/shard_0015/run_000008_img_1491.jpg,images/train/run_000008_img_1491.jpg
train,1492,run_000008_img_1492,1500032,2048,1536,128391,images/run_000008/shard_0015/run_000008_img_1492.jpg,images/train/run_000008_img_1492.jpg
train,1493,run_000008_img_1493,1500931,2048,1536,128196,images/run_000008/shard_0015/run_000008_img_1493.jpg,images/train/run_000008_img_1493.jpg
train,1494,run_000008_img_1494,1501830,2048,1536,127777,images/run_000008/shard_0015/run_000008_img_1494.jpg,images/train/run_000008_img_1494.jpg
train,1495,run_000008_img_1495,1502730,2048,1536,127395,images/run_000008/shard_0015/run_000008_img_1495.jpg,images/train/run_000008_img_1495.jpg
train,1496,run_000008_img_1496,1503629,2048,1536,127091,images/run_000008/shard_0015/run_000008_img_1496.jpg,images/train/run_000008_img_1496.jpg
train,1497,run_000008_img_1497,1504528,2048,1536,128549,images/run_000008/shard_0015/run_000008_img_1497.jpg,images/train/run_000008_img_1497.jpg
train,1498,run_000008_img_1498,1505428,2048,1536,128472,images/run_000008/shard_0015/run_000008_img_1498.jpg,images/train/run_000008_img_1498.jpg
train,1499,run_000008_img_1499,1506327,2048,1536,128485,images/run_000008/shard_0015/run_000008_img_1499.jpg,images/train/run_000008_img_1499.jpg
train,1500,run_000008_img_1500,1507267,2048,1536,128536,images/run_000008/shard_0015/run_000008_img_1500.jpg,images/train/run_000008_img_1500.jpg
train,1501,run_000008_img_1501,1508777,2048,1536,128225,images/run_000008/shard_0016/run_000008_img_1501.jpg,images/train/run_000008_img_1501.jpg
train,1502,run_000008_img_1502,1509744,2048,1536,128312,images/run_000008/shard_0016/run_000008_img_1502.jpg,images/train/run_000008_img_1502.jpg
train,1503,run_000008_img_1503,1510374,2048,1536,128398,images/run_000008/shard_0016/run_000008_img_1503.jpg,images/train/run_000008_img_1503.jpg
train,1504,run_000008_img_1504,1511269,2048,1536,128440,images/run_000008/shard_0016/run_000008_img_1504.jpg,images/train/run_000008_img_1504.jpg
train,1505,run_000008_img_1505,1512269,2048,1536,128575,images/run_000008/shard_0016/run_000008_img_1505.jpg,images/train/run_000008_img_1505.jpg
train,1506,run_000008_img_1506,1513268,2048,1536,128475,images/run_000008/shard_0016/run_000008_img_1506.jpg,images/train/run_000008_img_1506.jpg
train,1507,run_000008_img_1507,1514267,2048,1536,128540,images/run_000008/shard_0016/run_000008_img_1507.jpg,images/train/run_000008_img_1507.jpg
train,1508,run_000008_img_1508,1515410,2048,1536,128183,images/run_000008/shard_0016/run_000008_img_1508.jpg,images/train/run_000008_img_1508.jpg
train,1509,run_000008_img_1509,1516266,2048,1536,128359,images/run_000008/shard_0016/run_000008_img_1509.jpg,images/train/run_000008_img_1509.jpg
train,1510,run_000008_img_1510,1517266,2048,1536,128357,images/run_000008/shard_0016/run_000008_img_1510.jpg,images/train/run_000008_img_1510.jpg
train,1511,run_000008_img_1511,1518265,2048,1536,128331,images/run_000008/shard_0016/run_000008_img_1511.jpg,images/train/run_000008_img_1511.jpg
train,1512,run_000008_img_1512,1519266,2048,1536,128121,images/run_000008/shard_0016/run_000008_img_1512.jpg,images/train/run_000008_img_1512.jpg
train,1513,run_000008_img_1513,1520266,2048,1536,128129,images/run_000008/shard_0016/run_000008_img_1513.jpg,images/train/run_000008_img_1513.jpg
train,1514,run_000008_img_1514,1521269,2048,1536,128117,images/run_000008/shard_0016/run_000008_img_1514.jpg,images/train/run_000008_img_1514.jpg
train,1515,run_000008_img_1515,1522269,2048,1536,128049,images/run_000008/shard_0016/run_000008_img_1515.jpg,images/train/run_000008_img_1515.jpg
train,1516,run_000008_img_1516,1523266,2048,1536,128008,images/run_000008/shard_0016/run_000008_img_1516.jpg,images/train/run_000008_img_1516.jpg
train,1517,run_000008_img_1517,1524268,2048,1536,127862,images/run_000008/shard_0016/run_000008_img_1517.jpg,images/train/run_000008_img_1517.jpg
train,1518,run_000008_img_1518,1525268,2048,1536,127720,images/run_000008/shard_0016/run_000008_img_1518.jpg,images/train/run_000008_img_1518.jpg
train,1519,run_000008_img_1519,1526268,2048,1536,127655,images/run_000008/shard_0016/run_000008_img_1519.jpg,images/train/run_000008_img_1519.jpg
train,1520,run_000008_img_1520,1527268,2048,1536,127632,images/run_000008/shard_0016/run_000008_img_1520.jpg,images/train/run_000008_img_1520.jpg
train,1521,run_000008_img_1521,1528267,2048,1536,127709,images/run_000008/shard_0016/run_000008_img_1521.jpg,images/train/run_000008_img_1521.jpg
train,1522,run_000008_img_1522,1529268,2048,1536,127851,images/run_000008/shard_0016/run_000008_img_1522.jpg,images/train/run_000008_img_1522.jpg
train,1523,run_000008_img_1523,1530265,2048,1536,127840,images/run_000008/shard_0016/run_000008_img_1523.jpg,images/train/run_000008_img_1523.jpg
train,1524,run_000008_img_1524,1531269,2048,1536,127861,images/run_000008/shard_0016/run_000008_img_1524.jpg,images/train/run_000008_img_1524.jpg
train,1525,run_000008_img_1525,1532497,2048,1536,127668,images/run_000008/shard_0016/run_000008_img_1525.jpg,images/train/run_000008_img_1525.jpg
train,1526,run_000008_img_1526,1533268,2048,1536,127716,images/run_000008/shard_0016/run_000008_img_1526.jpg,images/train/run_000008_img_1526.jpg
train,1527,run_000008_img_1527,1534266,2048,1536,127671,images/run_000008/shard_0016/run_000008_img_1527.jpg,images/train/run_000008_img_1527.jpg
train,1528,run_000008_img_1528,1535267,2048,1536,129165,images/run_000008/shard_0016/run_000008_img_1528.jpg,images/train/run_000008_img_1528.jpg
train,1529,run_000008_img_1529,1536266,2048,1536,129069,images/run_000008/shard_0016/run_000008_img_1529.jpg,images/train/run_000008_img_1529.jpg
train,1530,run_000008_img_1530,1537269,2048,1536,129046,images/run_000008/shard_0016/run_000008_img_1530.jpg,images/train/run_000008_img_1530.jpg
train,1531,run_000008_img_1531,1538267,2048,1536,129011,images/run_000008/shard_0016/run_000008_img_1531.jpg,images/train/run_000008_img_1531.jpg
train,1532,run_000008_img_1532,1539269,2048,1536,128973,images/run_000008/shard_0016/run_000008_img_1532.jpg,images/train/run_000008_img_1532.jpg
train,1533,run_000008_img_1533,1540268,2048,1536,128731,images/run_000008/shard_0016/run_000008_img_1533.jpg,images/train/run_000008_img_1533.jpg
train,1534,run_000008_img_1534,1541268,2048,1536,128707,images/run_000008/shard_0016/run_000008_img_1534.jpg,images/train/run_000008_img_1534.jpg
train,1535,run_000008_img_1535,1542268,2048,1536,128536,images/run_000008/shard_0016/run_000008_img_1535.jpg,images/train/run_000008_img_1535.jpg
train,1536,run_000008_img_1536,1543265,2048,1536,128354,images/run_000008/shard_0016/run_000008_img_1536.jpg,images/train/run_000008_img_1536.jpg
train,1537,run_000008_img_1537,1544265,2048,1536,128244,images/run_000008/shard_0016/run_000008_img_1537.jpg,images/train/run_000008_img_1537.jpg
train,1538,run_000008_img_1538,1545266,2048,1536,128122,images/run_000008/shard_0016/run_000008_img_1538.jpg,images/train/run_000008_img_1538.jpg
train,1539,run_000008_img_1539,1546268,2048,1536,128129,images/run_000008/shard_0016/run_000008_img_1539.jpg,images/train/run_000008_img_1539.jpg
train,1540,run_000008_img_1540,1547268,2048,1536,128016,images/run_000008/shard_0016/run_000008_img_1540.jpg,images/train/run_000008_img_1540.jpg
train,1541,run_000008_img_1541,1548267,2048,1536,127922,images/run_000008/shard_0016/run_000008_img_1541.jpg,images/train/run_000008_img_1541.jpg
train,1542,run_000008_img_1542,1549583,2048,1536,127940,images/run_000008/shard_0016/run_000008_img_1542.jpg,images/train/run_000008_img_1542.jpg
train,1543,run_000008_img_1543,1550393,2048,1536,128088,images/run_000008/shard_0016/run_000008_img_1543.jpg,images/train/run_000008_img_1543.jpg
train,1544,run_000008_img_1544,1551268,2048,1536,128129,images/run_000008/shard_0016/run_000008_img_1544.jpg,images/train/run_000008_img_1544.jpg
train,1545,run_000008_img_1545,1552266,2048,1536,128176,images/run_000008/shard_0016/run_000008_img_1545.jpg,images/train/run_000008_img_1545.jpg
train,1546,run_000008_img_1546,1553268,2048,1536,128278,images/run_000008/shard_0016/run_000008_img_1546.jpg,images/train/run_000008_img_1546.jpg
train,1547,run_000008_img_1547,1554266,2048,1536,128355,images/run_000008/shard_0016/run_000008_img_1547.jpg,images/train/run_000008_img_1547.jpg
train,1548,run_000008_img_1548,1555267,2048,1536,128601,images/run_000008/shard_0016/run_000008_img_1548.jpg,images/train/run_000008_img_1548.jpg
train,1549,run_000008_img_1549,1556267,2048,1536,128765,images/run_000008/shard_0016/run_000008_img_1549.jpg,images/train/run_000008_img_1549.jpg
train,1550,run_000008_img_1550,1557268,2048,1536,128721,images/run_000008/shard_0016/run_000008_img_1550.jpg,images/train/run_000008_img_1550.jpg
train,1551,run_000008_img_1551,1558269,2048,1536,128840,images/run_000008/shard_0016/run_000008_img_1551.jpg,images/train/run_000008_img_1551.jpg
train,1552,run_000008_img_1552,1559269,2048,1536,128860,images/run_000008/shard_0016/run_000008_img_1552.jpg,images/train/run_000008_img_1552.jpg
train,1553,run_000008_img_1553,1560268,2048,1536,128963,images/run_000008/shard_0016/run_000008_img_1553.jpg,images/train/run_000008_img_1553.jpg
train,1554,run_000008_img_1554,1561634,2048,1536,129053,images/run_000008/shard_0016/run_000008_img_1554.jpg,images/train/run_000008_img_1554.jpg
train,1555,run_000008_img_1555,1562443,2048,1536,128977,images/run_000008/shard_0016/run_000008_img_1555.jpg,images/train/run_000008_img_1555.jpg
train,1556,run_000008_img_1556,1563267,2048,1536,129066,images/run_000008/shard_0016/run_000008_img_1556.jpg,images/train/run_000008_img_1556.jpg
train,1557,run_000008_img_1557,1564267,2048,1536,129051,images/run_000008/shard_0016/run_000008_img_1557.jpg,images/train/run_000008_img_1557.jpg
train,1558,run_000008_img_1558,1565270,2048,1536,129147,images/run_000008/shard_0016/run_000008_img_1558.jpg,images/train/run_000008_img_1558.jpg
train,1559,run_000008_img_1559,1566267,2048,1536,129102,images/run_000008/shard_0016/run_000008_img_1559.jpg,images/train/run_000008_img_1559.jpg
train,1560,run_000008_img_1560,1567265,2048,1536,129004,images/run_000008/shard_0016/run_000008_img_1560.jpg,images/train/run_000008_img_1560.jpg
train,1561,run_000008_img_1561,1568267,2048,1536,129108,images/run_000008/shard_0016/run_000008_img_1561.jpg,images/train/run_000008_img_1561.jpg
train,1562,run_000008_img_1562,1569638,2048,1536,129009,images/run_000008/shard_0016/run_000008_img_1562.jpg,images/train/run_000008_img_1562.jpg
train,1563,run_000008_img_1563,1570537,2048,1536,128979,images/run_000008/shard_0016/run_000008_img_1563.jpg,images/train/run_000008_img_1563.jpg
train,1564,run_000008_img_1564,1571437,2048,1536,129051,images/run_000008/shard_0016/run_000008_img_1564.jpg,images/train/run_000008_img_1564.jpg
train,1565,run_000008_img_1565,1572336,2048,1536,129182,images/run_000008/shard_0016/run_000008_img_1565.jpg,images/train/run_000008_img_1565.jpg
train,1566,run_000008_img_1566,1573266,2048,1536,129161,images/run_000008/shard_0016/run_000008_img_1566.jpg,images/train/run_000008_img_1566.jpg
train,1567,run_000008_img_1567,1574269,2048,1536,129139,images/run_000008/shard_0016/run_000008_img_1567.jpg,images/train/run_000008_img_1567.jpg
train,1568,run_000008_img_1568,1575266,2048,1536,129012,images/run_000008/shard_0016/run_000008_img_1568.jpg,images/train/run_000008_img_1568.jpg
train,1569,run_000008_img_1569,1576266,2048,1536,128927,images/run_000008/shard_0016/run_000008_img_1569.jpg,images/train/run_000008_img_1569.jpg
train,1570,run_000008_img_1570,1577269,2048,1536,128907,images/run_000008/shard_0016/run_000008_img_1570.jpg,images/train/run_000008_img_1570.jpg
train,1571,run_000008_img_1571,1578267,2048,1536,128986,images/run_000008/shard_0016/run_000008_img_1571.jpg,images/train/run_000008_img_1571.jpg
train,1572,run_000008_img_1572,1579269,2048,1536,128972,images/run_000008/shard_0016/run_000008_img_1572.jpg,images/train/run_000008_img_1572.jpg
train,1573,run_000008_img_1573,1580267,2048,1536,128982,images/run_000008/shard_0016/run_000008_img_1573.jpg,images/train/run_000008_img_1573.jpg
train,1574,run_000008_img_1574,1581270,2048,1536,129063,images/run_000008/shard_0016/run_000008_img_1574.jpg,images/train/run_000008_img_1574.jpg
train,1575,run_000008_img_1575,1582268,2048,1536,129023,images/run_000008/shard_0016/run_000008_img_1575.jpg,images/train/run_000008_img_1575.jpg
train,1576,run_000008_img_1576,1583266,2048,1536,128977,images/run_000008/shard_0016/run_000008_img_1576.jpg,images/train/run_000008_img_1576.jpg
train,1577,run_000008_img_1577,1584267,2048,1536,128902,images/run_000008/shard_0016/run_000008_img_1577.jpg,images/train/run_000008_img_1577.jpg
train,1578,run_000008_img_1578,1585268,2048,1536,128820,images/run_000008/shard_0016/run_000008_img_1578.jpg,images/train/run_000008_img_1578.jpg
train,1579,run_000008_img_1579,1586266,2048,1536,128830,images/run_000008/shard_0016/run_000008_img_1579.jpg,images/train/run_000008_img_1579.jpg
train,1580,run_000008_img_1580,1587268,2048,1536,128705,images/run_000008/shard_0016/run_000008_img_1580.jpg,images/train/run_000008_img_1580.jpg
train,1581,run_000008_img_1581,1588265,2048,1536,128605,images/run_000008/shard_0016/run_000008_img_1581.jpg,images/train/run_000008_img_1581.jpg
train,1582,run_000008_img_1582,1589692,2048,1536,128775,images/run_000008/shard_0016/run_000008_img_1582.jpg,images/train/run_000008_img_1582.jpg
train,1583,run_000008_img_1583,1590591,2048,1536,128797,images/run_000008/shard_0016/run_000008_img_1583.jpg,images/train/run_000008_img_1583.jpg
train,1584,run_000008_img_1584,1591491,2048,1536,128727,images/run_000008/shard_0016/run_000008_img_1584.jpg,images/train/run_000008_img_1584.jpg
train,1585,run_000008_img_1585,1592390,2048,1536,128939,images/run_000008/shard_0016/run_000008_img_1585.jpg,images/train/run_000008_img_1585.jpg
train,1586,run_000008_img_1586,1593289,2048,1536,128900,images/run_000008/shard_0016/run_000008_img_1586.jpg,images/train/run_000008_img_1586.jpg
train,1587,run_000008_img_1587,1594267,2048,1536,129056,images/run_000008/shard_0016/run_000008_img_1587.jpg,images/train/run_000008_img_1587.jpg
train,1588,run_000008_img_1588,1595265,2048,1536,128999,images/run_000008/shard_0016/run_000008_img_1588.jpg,images/train/run_000008_img_1588.jpg
train,1589,run_000008_img_1589,1596268,2048,1536,129114,images/run_000008/shard_0016/run_000008_img_1589.jpg,images/train/run_000008_img_1589.jpg
train,1590,run_000008_img_1590,1597270,2048,1536,129178,images/run_000008/shard_0016/run_000008_img_1590.jpg,images/train/run_000008_img_1590.jpg
train,1591,run_000008_img_1591,1598269,2048,1536,129334,images/run_000008/shard_0016/run_000008_img_1591.jpg,images/train/run_000008_img_1591.jpg
train,1592,run_000008_img_1592,1599270,2048,1536,129195,images/run_000008/shard_0016/run_000008_img_1592.jpg,images/train/run_000008_img_1592.jpg
train,1593,run_000008_img_1593,1600270,2048,1536,129162,images/run_000008/shard_0016/run_000008_img_1593.jpg,images/train/run_000008_img_1593.jpg
train,1594,run_000008_img_1594,1601266,2048,1536,129146,images/run_000008/shard_0016/run_000008_img_1594.jpg,images/train/run_000008_img_1594.jpg
train,1595,run_000008_img_1595,1602269,2048,1536,129098,images/run_000008/shard_0016/run_000008_img_1595.jpg,images/train/run_000008_img_1595.jpg
train,1596,run_000008_img_1596,1603268,2048,1536,129159,images/run_000008/shard_0016/run_000008_img_1596.jpg,images/train/run_000008_img_1596.jpg
train,1597,run_000008_img_1597,1604269,2048,1536,129266,images/run_000008/shard_0016/run_000008_img_1597.jpg,images/train/run_000008_img_1597.jpg
train,1598,run_000008_img_1598,1605266,2048,1536,129240,images/run_000008/shard_0016/run_000008_img_1598.jpg,images/train/run_000008_img_1598.jpg
train,1599,run_000008_img_1599,1606267,2048,1536,129374,images/run_000008/shard_0016/run_000008_img_1599.jpg,images/train/run_000008_img_1599.jpg
train,1600,run_000008_img_1600,1607267,2048,1536,129363,images/run_000008/shard_0016/run_000008_img_1600.jpg,images/train/run_000008_img_1600.jpg
train,1601,run_000008_img_1601,1608796,2048,1536,129338,images/run_000008/shard_0017/run_000008_img_1601.jpg,images/train/run_000008_img_1601.jpg
train,1602,run_000008_img_1602,1610261,2048,1536,129539,images/run_000008/shard_0017/run_000008_img_1602.jpg,images/train/run_000008_img_1602.jpg
train,1603,run_000008_img_1603,1610916,2048,1536,129459,images/run_000008/shard_0017/run_000008_img_1603.jpg,images/train/run_000008_img_1603.jpg
train,1604,run_000008_img_1604,1611545,2048,1536,129456,images/run_000008/shard_0017/run_000008_img_1604.jpg,images/train/run_000008_img_1604.jpg
train,1605,run_000008_img_1605,1612269,2048,1536,129410,images/run_000008/shard_0017/run_000008_img_1605.jpg,images/train/run_000008_img_1605.jpg
train,1606,run_000008_img_1606,1613269,2048,1536,129362,images/run_000008/shard_0017/run_000008_img_1606.jpg,images/train/run_000008_img_1606.jpg
train,1607,run_000008_img_1607,1614265,2048,1536,129438,images/run_000008/shard_0017/run_000008_img_1607.jpg,images/train/run_000008_img_1607.jpg
train,1608,run_000008_img_1608,1615267,2048,1536,129428,images/run_000008/shard_0017/run_000008_img_1608.jpg,images/train/run_000008_img_1608.jpg
train,1609,run_000008_img_1609,1616265,2048,1536,129434,images/run_000008/shard_0017/run_000008_img_1609.jpg,images/train/run_000008_img_1609.jpg
train,1610,run_000008_img_1610,1617267,2048,1536,129413,images/run_000008/shard_0017/run_000008_img_1610.jpg,images/train/run_000008_img_1610.jpg
train,1611,run_000008_img_1611,1618267,2048,1536,129267,images/run_000008/shard_0017/run_000008_img_1611.jpg,images/train/run_000008_img_1611.jpg
train,1612,run_000008_img_1612,1619266,2048,1536,129031,images/run_000008/shard_0017/run_000008_img_1612.jpg,images/train/run_000008_img_1612.jpg
train,1613,run_000008_img_1613,1620270,2048,1536,129102,images/run_000008/shard_0017/run_000008_img_1613.jpg,images/train/run_000008_img_1613.jpg
train,1614,run_000008_img_1614,1621269,2048,1536,129230,images/run_000008/shard_0017/run_000008_img_1614.jpg,images/train/run_000008_img_1614.jpg
train,1615,run_000008_img_1615,1622266,2048,1536,129181,images/run_000008/shard_0017/run_000008_img_1615.jpg,images/train/run_000008_img_1615.jpg
train,1616,run_000008_img_1616,1623270,2048,1536,129048,images/run_000008/shard_0017/run_000008_img_1616.jpg,images/train/run_000008_img_1616.jpg
train,1617,run_000008_img_1617,1624495,2048,1536,128825,images/run_000008/shard_0017/run_000008_img_1617.jpg,images/train/run_000008_img_1617.jpg
train,1618,run_000008_img_1618,1625267,2048,1536,128580,images/run_000008/shard_0017/run_000008_img_1618.jpg,images/train/run_000008_img_1618.jpg
train,1619,run_000008_img_1619,1626267,2048,1536,128367,images/run_000008/shard_0017/run_000008_img_1619.jpg,images/train/run_000008_img_1619.jpg
train,1620,run_000008_img_1620,1627267,2048,1536,128155,images/run_000008/shard_0017/run_000008_img_1620.jpg,images/train/run_000008_img_1620.jpg
train,1621,run_000008_img_1621,1628362,2048,1536,128014,images/run_000008/shard_0017/run_000008_img_1621.jpg,images/train/run_000008_img_1621.jpg
train,1622,run_000008_img_1622,1629266,2048,1536,128088,images/run_000008/shard_0017/run_000008_img_1622.jpg,images/train/run_000008_img_1622.jpg
train,1623,run_000008_img_1623,1630266,2048,1536,127975,images/run_000008/shard_0017/run_000008_img_1623.jpg,images/train/run_000008_img_1623.jpg
train,1624,run_000008_img_1624,1631265,2048,1536,128247,images/run_000008/shard_0017/run_000008_img_1624.jpg,images/train/run_000008_img_1624.jpg
train,1625,run_000008_img_1625,1632266,2048,1536,128314,images/run_000008/shard_0017/run_000008_img_1625.jpg,images/train/run_000008_img_1625.jpg
train,1626,run_000008_img_1626,1633267,2048,1536,128500,images/run_000008/shard_0017/run_000008_img_1626.jpg,images/train/run_000008_img_1626.jpg
train,1627,run_000008_img_1627,1634267,2048,1536,128566,images/run_000008/shard_0017/run_000008_img_1627.jpg,images/train/run_000008_img_1627.jpg
train,1628,run_000008_img_1628,1635265,2048,1536,128614,images/run_000008/shard_0017/run_000008_img_1628.jpg,images/train/run_000008_img_1628.jpg
train,1629,run_000008_img_1629,1636267,2048,1536,128743,images/run_000008/shard_0017/run_000008_img_1629.jpg,images/train/run_000008_img_1629.jpg
train,1630,run_000008_img_1630,1637268,2048,1536,128745,images/run_000008/shard_0017/run_000008_img_1630.jpg,images/train/run_000008_img_1630.jpg
train,1631,run_000008_img_1631,1638265,2048,1536,128961,images/run_000008/shard_0017/run_000008_img_1631.jpg,images/train/run_000008_img_1631.jpg
train,1632,run_000008_img_1632,1639265,2048,1536,128836,images/run_000008/shard_0017/run_000008_img_1632.jpg,images/train/run_000008_img_1632.jpg
train,1633,run_000008_img_1633,1640269,2048,1536,128832,images/run_000008/shard_0017/run_000008_img_1633.jpg,images/train/run_000008_img_1633.jpg
train,1634,run_000008_img_1634,1641268,2048,1536,128573,images/run_000008/shard_0017/run_000008_img_1634.jpg,images/train/run_000008_img_1634.jpg
train,1635,run_000008_img_1635,1642265,2048,1536,128392,images/run_000008/shard_0017/run_000008_img_1635.jpg,images/train/run_000008_img_1635.jpg
train,1636,run_000008_img_1636,1643269,2048,1536,128421,images/run_000008/shard_0017/run_000008_img_1636.jpg,images/train/run_000008_img_1636.jpg
train,1637,run_000008_img_1637,1644265,2048,1536,128386,images/run_000008/shard_0017/run_000008_img_1637.jpg,images/train/run_000008_img_1637.jpg
train,1638,run_000008_img_1638,1645269,2048,1536,128501,images/run_000008/shard_0017/run_000008_img_1638.jpg,images/train/run_000008_img_1638.jpg
train,1639,run_000008_img_1639,1646269,2048,1536,128603,images/run_000008/shard_0017/run_000008_img_1639.jpg,images/train/run_000008_img_1639.jpg
train,1640,run_000008_img_1640,1647269,2048,1536,128692,images/run_000008/shard_0017/run_000008_img_1640.jpg,images/train/run_000008_img_1640.jpg
train,1641,run_000008_img_1641,1648265,2048,1536,128995,images/run_000008/shard_0017/run_000008_img_1641.jpg,images/train/run_000008_img_1641.jpg
train,1642,run_000008_img_1642,1649267,2048,1536,128992,images/run_000008/shard_0017/run_000008_img_1642.jpg,images/train/run_000008_img_1642.jpg
train,1643,run_000008_img_1643,1650269,2048,1536,129143,images/run_000008/shard_0017/run_000008_img_1643.jpg,images/train/run_000008_img_1643.jpg
train,1644,run_000008_img_1644,1651509,2048,1536,129312,images/run_000008/shard_0017/run_000008_img_1644.jpg,images/train/run_000008_img_1644.jpg
train,1645,run_000008_img_1645,1652284,2048,1536,129345,images/run_000008/shard_0017/run_000008_img_1645.jpg,images/train/run_000008_img_1645.jpg
train,1646,run_000008_img_1646,1653266,2048,1536,129412,images/run_000008/shard_0017/run_000008_img_1646.jpg,images/train/run_000008_img_1646.jpg
train,1647,run_000008_img_1647,1654267,2048,1536,129297,images/run_000008/shard_0017/run_000008_img_1647.jpg,images/train/run_000008_img_1647.jpg
train,1648,run_000008_img_1648,1655265,2048,1536,129383,images/run_000008/shard_0017/run_000008_img_1648.jpg,images/train/run_000008_img_1648.jpg
train,1649,run_000008_img_1649,1656267,2048,1536,129384,images/run_000008/shard_0017/run_000008_img_1649.jpg,images/train/run_000008_img_1649.jpg
train,1650,run_000008_img_1650,1657267,2048,1536,129202,images/run_000008/shard_0017/run_000008_img_1650.jpg,images/train/run_000008_img_1650.jpg
train,1651,run_000008_img_1651,1658267,2048,1536,129115,images/run_000008/shard_0017/run_000008_img_1651.jpg,images/train/run_000008_img_1651.jpg
train,1652,run_000008_img_1652,1659267,2048,1536,129067,images/run_000008/shard_0017/run_000008_img_1652.jpg,images/train/run_000008_img_1652.jpg
train,1653,run_000008_img_1653,1660266,2048,1536,129234,images/run_000008/shard_0017/run_000008_img_1653.jpg,images/train/run_000008_img_1653.jpg
train,1654,run_000008_img_1654,1661270,2048,1536,129128,images/run_000008/shard_0017/run_000008_img_1654.jpg,images/train/run_000008_img_1654.jpg
train,1655,run_000008_img_1655,1662269,2048,1536,129141,images/run_000008/shard_0017/run_000008_img_1655.jpg,images/train/run_000008_img_1655.jpg
train,1656,run_000008_img_1656,1663267,2048,1536,129135,images/run_000008/shard_0017/run_000008_img_1656.jpg,images/train/run_000008_img_1656.jpg
train,1657,run_000008_img_1657,1664268,2048,1536,129037,images/run_000008/shard_0017/run_000008_img_1657.jpg,images/train/run_000008_img_1657.jpg
train,1658,run_000008_img_1658,1665266,2048,1536,129028,images/run_000008/shard_0017/run_000008_img_1658.jpg,images/train/run_000008_img_1658.jpg
train,1659,run_000008_img_1659,1666269,2048,1536,129147,images/run_000008/shard_0017/run_000008_img_1659.jpg,images/train/run_000008_img_1659.jpg
train,1660,run_000008_img_1660,1667269,2048,1536,128933,images/run_000008/shard_0017/run_000008_img_1660.jpg,images/train/run_000008_img_1660.jpg
train,1661,run_000008_img_1661,1668268,2048,1536,128917,images/run_000008/shard_0017/run_000008_img_1661.jpg,images/train/run_000008_img_1661.jpg
train,1662,run_000008_img_1662,1669268,2048,1536,128786,images/run_000008/shard_0017/run_000008_img_1662.jpg,images/train/run_000008_img_1662.jpg
train,1663,run_000008_img_1663,1670268,2048,1536,130223,images/run_000008/shard_0017/run_000008_img_1663.jpg,images/train/run_000008_img_1663.jpg
train,1664,run_000008_img_1664,1671267,2048,1536,130199,images/run_000008/shard_0017/run_000008_img_1664.jpg,images/train/run_000008_img_1664.jpg
train,1665,run_000008_img_1665,1672265,2048,1536,129909,images/run_000008/shard_0017/run_000008_img_1665.jpg,images/train/run_000008_img_1665.jpg
train,1666,run_000008_img_1666,1673268,2048,1536,129777,images/run_000008/shard_0017/run_000008_img_1666.jpg,images/train/run_000008_img_1666.jpg
train,1667,run_000008_img_1667,1674266,2048,1536,129541,images/run_000008/shard_0017/run_000008_img_1667.jpg,images/train/run_000008_img_1667.jpg
train,1668,run_000008_img_1668,1675267,2048,1536,129445,images/run_000008/shard_0017/run_000008_img_1668.jpg,images/train/run_000008_img_1668.jpg
train,1669,run_000008_img_1669,1676267,2048,1536,129327,images/run_000008/shard_0017/run_000008_img_1669.jpg,images/train/run_000008_img_1669.jpg
train,1670,run_000008_img_1670,1677265,2048,1536,129221,images/run_000008/shard_0017/run_000008_img_1670.jpg,images/train/run_000008_img_1670.jpg
train,1671,run_000008_img_1671,1678265,2048,1536,129223,images/run_000008/shard_0017/run_000008_img_1671.jpg,images/train/run_000008_img_1671.jpg
train,1672,run_000008_img_1672,1679587,2048,1536,129130,images/run_000008/shard_0017/run_000008_img_1672.jpg,images/train/run_000008_img_1672.jpg
train,1673,run_000008_img_1673,1680432,2048,1536,129166,images/run_000008/shard_0017/run_000008_img_1673.jpg,images/train/run_000008_img_1673.jpg
train,1674,run_000008_img_1674,1681331,2048,1536,129105,images/run_000008/shard_0017/run_000008_img_1674.jpg,images/train/run_000008_img_1674.jpg
train,1675,run_000008_img_1675,1682269,2048,1536,129253,images/run_000008/shard_0017/run_000008_img_1675.jpg,images/train/run_000008_img_1675.jpg
train,1676,run_000008_img_1676,1683267,2048,1536,129157,images/run_000008/shard_0017/run_000008_img_1676.jpg,images/train/run_000008_img_1676.jpg
train,1677,run_000008_img_1677,1684269,2048,1536,129035,images/run_000008/shard_0017/run_000008_img_1677.jpg,images/train/run_000008_img_1677.jpg
train,1678,run_000008_img_1678,1685269,2048,1536,129041,images/run_000008/shard_0017/run_000008_img_1678.jpg,images/train/run_000008_img_1678.jpg
train,1679,run_000008_img_1679,1686268,2048,1536,128844,images/run_000008/shard_0017/run_000008_img_1679.jpg,images/train/run_000008_img_1679.jpg
train,1680,run_000008_img_1680,1687265,2048,1536,128776,images/run_000008/shard_0017/run_000008_img_1680.jpg,images/train/run_000008_img_1680.jpg
train,1681,run_000008_img_1681,1688705,2048,1536,128726,images/run_000008/shard_0017/run_000008_img_1681.jpg,images/train/run_000008_img_1681.jpg
train,1682,run_000008_img_1682,1689604,2048,1536,128697,images/run_000008/shard_0017/run_000008_img_1682.jpg,images/train/run_000008_img_1682.jpg
train,1683,run_000008_img_1683,1690504,2048,1536,128679,images/run_000008/shard_0017/run_000008_img_1683.jpg,images/train/run_000008_img_1683.jpg
train,1684,run_000008_img_1684,1691403,2048,1536,128596,images/run_000008/shard_0017/run_000008_img_1684.jpg,images/train/run_000008_img_1684.jpg
train,1685,run_000008_img_1685,1692302,2048,1536,128594,images/run_000008/shard_0017/run_000008_img_1685.jpg,images/train/run_000008_img_1685.jpg
train,1686,run_000008_img_1686,1693267,2048,1536,128607,images/run_000008/shard_0017/run_000008_img_1686.jpg,images/train/run_000008_img_1686.jpg
train,1687,run_000008_img_1687,1694268,2048,1536,128442,images/run_000008/shard_0017/run_000008_img_1687.jpg,images/train/run_000008_img_1687.jpg
train,1688,run_000008_img_1688,1695266,2048,1536,128433,images/run_000008/shard_0017/run_000008_img_1688.jpg,images/train/run_000008_img_1688.jpg
train,1689,run_000008_img_1689,1696268,2048,1536,128124,images/run_000008/shard_0017/run_000008_img_1689.jpg,images/train/run_000008_img_1689.jpg
train,1690,run_000008_img_1690,1697266,2048,1536,128318,images/run_000008/shard_0017/run_000008_img_1690.jpg,images/train/run_000008_img_1690.jpg
train,1691,run_000008_img_1691,1698266,2048,1536,128283,images/run_000008/shard_0017/run_000008_img_1691.jpg,images/train/run_000008_img_1691.jpg
train,1692,run_000008_img_1692,1699266,2048,1536,128137,images/run_000008/shard_0017/run_000008_img_1692.jpg,images/train/run_000008_img_1692.jpg
train,1693,run_000008_img_1693,1700267,2048,1536,128014,images/run_000008/shard_0017/run_000008_img_1693.jpg,images/train/run_000008_img_1693.jpg
train,1694,run_000008_img_1694,1701267,2048,1536,128162,images/run_000008/shard_0017/run_000008_img_1694.jpg,images/train/run_000008_img_1694.jpg
train,1695,run_000008_img_1695,1702268,2048,1536,128085,images/run_000008/shard_0017/run_000008_img_1695.jpg,images/train/run_000008_img_1695.jpg
train,1696,run_000008_img_1696,1703266,2048,1536,127761,images/run_000008/shard_0017/run_000008_img_1696.jpg,images/train/run_000008_img_1696.jpg
train,1697,run_000008_img_1697,1704268,2048,1536,127904,images/run_000008/shard_0017/run_000008_img_1697.jpg,images/train/run_000008_img_1697.jpg
train,1698,run_000008_img_1698,1705342,2048,1536,128101,images/run_000008/shard_0017/run_000008_img_1698.jpg,images/train/run_000008_img_1698.jpg
train,1699,run_000008_img_1699,1706331,2048,1536,128275,images/run_000008/shard_0017/run_000008_img_1699.jpg,images/train/run_000008_img_1699.jpg
train,1700,run_000008_img_1700,1707321,2048,1536,128287,images/run_000008/shard_0017/run_000008_img_1700.jpg,images/train/run_000008_img_1700.jpg
train,1701,run_000008_img_1701,1708836,2048,1536,128408,images/run_000008/shard_0018/run_000008_img_1701.jpg,images/train/run_000008_img_1701.jpg
train,1702,run_000008_img_1702,1710303,2048,1536,128369,images/run_000008/shard_0018/run_000008_img_1702.jpg,images/train/run_000008_img_1702.jpg
train,1703,run_000008_img_1703,1711304,2048,1536,128104,images/run_000008/shard_0018/run_000008_img_1703.jpg,images/train/run_000008_img_1703.jpg
train,1704,run_000008_img_1704,1712305,2048,1536,128188,images/run_000008/shard_0018/run_000008_img_1704.jpg,images/train/run_000008_img_1704.jpg
train,1705,run_000008_img_1705,1713306,2048,1536,127959,images/run_000008/shard_0018/run_000008_img_1705.jpg,images/train/run_000008_img_1705.jpg
train,1706,run_000008_img_1706,1714303,2048,1536,128079,images/run_000008/shard_0018/run_000008_img_1706.jpg,images/train/run_000008_img_1706.jpg
train,1707,run_000008_img_1707,1715303,2048,1536,127896,images/run_000008/shard_0018/run_000008_img_1707.jpg,images/train/run_000008_img_1707.jpg
train,1708,run_000008_img_1708,1716304,2048,1536,128065,images/run_000008/shard_0018/run_000008_img_1708.jpg,images/train/run_000008_img_1708.jpg
train,1709,run_000008_img_1709,1717304,2048,1536,128034,images/run_000008/shard_0018/run_000008_img_1709.jpg,images/train/run_000008_img_1709.jpg
train,1710,run_000008_img_1710,1718307,2048,1536,128098,images/run_000008/shard_0018/run_000008_img_1710.jpg,images/train/run_000008_img_1710.jpg
train,1711,run_000008_img_1711,1719304,2048,1536,128241,images/run_000008/shard_0018/run_000008_img_1711.jpg,images/train/run_000008_img_1711.jpg
train,1712,run_000008_img_1712,1720303,2048,1536,128390,images/run_000008/shard_0018/run_000008_img_1712.jpg,images/train/run_000008_img_1712.jpg
train,1713,run_000008_img_1713,1721304,2048,1536,128408,images/run_000008/shard_0018/run_000008_img_1713.jpg,images/train/run_000008_img_1713.jpg
train,1714,run_000008_img_1714,1722303,2048,1536,128362,images/run_000008/shard_0018/run_000008_img_1714.jpg,images/train/run_000008_img_1714.jpg
train,1715,run_000008_img_1715,1723303,2048,1536,128423,images/run_000008/shard_0018/run_000008_img_1715.jpg,images/train/run_000008_img_1715.jpg
train,1716,run_000008_img_1716,1724306,2048,1536,130101,images/run_000008/shard_0018/run_000008_img_1716.jpg,images/train/run_000008_img_1716.jpg
train,1717,run_000008_img_1717,1725486,2048,1536,129928,images/run_000008/shard_0018/run_000008_img_1717.jpg,images/train/run_000008_img_1717.jpg
train,1718,run_000008_img_1718,1726305,2048,1536,129721,images/run_000008/shard_0018/run_000008_img_1718.jpg,images/train/run_000008_img_1718.jpg
train,1719,run_000008_img_1719,1727306,2048,1536,129821,images/run_000008/shard_0018/run_000008_img_1719.jpg,images/train/run_000008_img_1719.jpg
train,1720,run_000008_img_1720,1728302,2048,1536,129630,images/run_000008/shard_0018/run_000008_img_1720.jpg,images/train/run_000008_img_1720.jpg
train,1721,run_000008_img_1721,1729304,2048,1536,129839,images/run_000008/shard_0018/run_000008_img_1721.jpg,images/train/run_000008_img_1721.jpg
train,1722,run_000008_img_1722,1730304,2048,1536,129770,images/run_000008/shard_0018/run_000008_img_1722.jpg,images/train/run_000008_img_1722.jpg
train,1723,run_000008_img_1723,1731306,2048,1536,129757,images/run_000008/shard_0018/run_000008_img_1723.jpg,images/train/run_000008_img_1723.jpg
train,1724,run_000008_img_1724,1732303,2048,1536,130028,images/run_000008/shard_0018/run_000008_img_1724.jpg,images/train/run_000008_img_1724.jpg
train,1725,run_000008_img_1725,1733304,2048,1536,129996,images/run_000008/shard_0018/run_000008_img_1725.jpg,images/train/run_000008_img_1725.jpg
train,1726,run_000008_img_1726,1734303,2048,1536,129935,images/run_000008/shard_0018/run_000008_img_1726.jpg,images/train/run_000008_img_1726.jpg
train,1727,run_000008_img_1727,1735305,2048,1536,129867,images/run_000008/shard_0018/run_000008_img_1727.jpg,images/train/run_000008_img_1727.jpg
train,1728,run_000008_img_1728,1736306,2048,1536,129809,images/run_000008/shard_0018/run_000008_img_1728.jpg,images/train/run_000008_img_1728.jpg
train,1729,run_000008_img_1729,1737305,2048,1536,129629,images/run_000008/shard_0018/run_000008_img_1729.jpg,images/train/run_000008_img_1729.jpg
train,1730,run_000008_img_1730,1738305,2048,1536,129604,images/run_000008/shard_0018/run_000008_img_1730.jpg,images/train/run_000008_img_1730.jpg
train,1731,run_000008_img_1731,1739303,2048,1536,129707,images/run_000008/shard_0018/run_000008_img_1731.jpg,images/train/run_000008_img_1731.jpg
train,1732,run_000008_img_1732,1740505,2048,1536,129568,images/run_000008/shard_0018/run_000008_img_1732.jpg,images/train/run_000008_img_1732.jpg
train,1733,run_000008_img_1733,1741304,2048,1536,129355,images/run_000008/shard_0018/run_000008_img_1733.jpg,images/train/run_000008_img_1733.jpg
train,1734,run_000008_img_1734,1742306,2048,1536,129369,images/run_000008/shard_0018/run_000008_img_1734.jpg,images/train/run_000008_img_1734.jpg
train,1735,run_000008_img_1735,1743305,2048,1536,129181,images/run_000008/shard_0018/run_000008_img_1735.jpg,images/train/run_000008_img_1735.jpg
train,1736,run_000008_img_1736,1744303,2048,1536,129072,images/run_000008/shard_0018/run_000008_img_1736.jpg,images/train/run_000008_img_1736.jpg
train,1737,run_000008_img_1737,1745302,2048,1536,128953,images/run_000008/shard_0018/run_000008_img_1737.jpg,images/train/run_000008_img_1737.jpg
train,1738,run_000008_img_1738,1746304,2048,1536,128958,images/run_000008/shard_0018/run_000008_img_1738.jpg,images/train/run_000008_img_1738.jpg
train,1739,run_000008_img_1739,1747306,2048,1536,129035,images/run_000008/shard_0018/run_000008_img_1739.jpg,images/train/run_000008_img_1739.jpg
train,1740,run_000008_img_1740,1748304,2048,1536,128970,images/run_000008/shard_0018/run_000008_img_1740.jpg,images/train/run_000008_img_1740.jpg
train,1741,run_000008_img_1741,1749303,2048,1536,129183,images/run_000008/shard_0018/run_000008_img_1741.jpg,images/train/run_000008_img_1741.jpg
train,1742,run_000008_img_1742,1750304,2048,1536,129185,images/run_000008/shard_0018/run_000008_img_1742.jpg,images/train/run_000008_img_1742.jpg
train,1743,run_000008_img_1743,1751566,2048,1536,129115,images/run_000008/shard_0018/run_000008_img_1743.jpg,images/train/run_000008_img_1743.jpg
train,1744,run_000008_img_1744,1752375,2048,1536,128963,images/run_000008/shard_0018/run_000008_img_1744.jpg,images/train/run_000008_img_1744.jpg
train,1745,run_000008_img_1745,1753304,2048,1536,129047,images/run_000008/shard_0018/run_000008_img_1745.jpg,images/train/run_000008_img_1745.jpg
train,1746,run_000008_img_1746,1754305,2048,1536,128980,images/run_000008/shard_0018/run_000008_img_1746.jpg,images/train/run_000008_img_1746.jpg
train,1747,run_000008_img_1747,1755305,2048,1536,128854,images/run_000008/shard_0018/run_000008_img_1747.jpg,images/train/run_000008_img_1747.jpg
train,1748,run_000008_img_1748,1756304,2048,1536,128755,images/run_000008/shard_0018/run_000008_img_1748.jpg,images/train/run_000008_img_1748.jpg
train,1749,run_000008_img_1749,1757306,2048,1536,128655,images/run_000008/shard_0018/run_000008_img_1749.jpg,images/train/run_000008_img_1749.jpg
train,1750,run_000008_img_1750,1758302,2048,1536,128492,images/run_000008/shard_0018/run_000008_img_1750.jpg,images/train/run_000008_img_1750.jpg
train,1751,run_000008_img_1751,1759303,2048,1536,128454,images/run_000008/shard_0018/run_000008_img_1751.jpg,images/train/run_000008_img_1751.jpg
train,1752,run_000008_img_1752,1760306,2048,1536,128691,images/run_000008/shard_0018/run_000008_img_1752.jpg,images/train/run_000008_img_1752.jpg
train,1753,run_000008_img_1753,1761305,2048,1536,128735,images/run_000008/shard_0018/run_000008_img_1753.jpg,images/train/run_000008_img_1753.jpg
train,1754,run_000008_img_1754,1762305,2048,1536,128690,images/run_000008/shard_0018/run_000008_img_1754.jpg,images/train/run_000008_img_1754.jpg
train,1755,run_000008_img_1755,1763437,2048,1536,128733,images/run_000008/shard_0018/run_000008_img_1755.jpg,images/train/run_000008_img_1755.jpg
train,1756,run_000008_img_1756,1764305,2048,1536,128629,images/run_000008/shard_0018/run_000008_img_1756.jpg,images/train/run_000008_img_1756.jpg
train,1757,run_000008_img_1757,1765304,2048,1536,128580,images/run_000008/shard_0018/run_000008_img_1757.jpg,images/train/run_000008_img_1757.jpg
train,1758,run_000008_img_1758,1766305,2048,1536,128566,images/run_000008/shard_0018/run_000008_img_1758.jpg,images/train/run_000008_img_1758.jpg
train,1759,run_000008_img_1759,1767302,2048,1536,128591,images/run_000008/shard_0018/run_000008_img_1759.jpg,images/train/run_000008_img_1759.jpg
train,1760,run_000008_img_1760,1768303,2048,1536,128621,images/run_000008/shard_0018/run_000008_img_1760.jpg,images/train/run_000008_img_1760.jpg
train,1761,run_000008_img_1761,1769302,2048,1536,128613,images/run_000008/shard_0018/run_000008_img_1761.jpg,images/train/run_000008_img_1761.jpg
train,1762,run_000008_img_1762,1770305,2048,1536,128573,images/run_000008/shard_0018/run_000008_img_1762.jpg,images/train/run_000008_img_1762.jpg
train,1763,run_000008_img_1763,1771303,2048,1536,128612,images/run_000008/shard_0018/run_000008_img_1763.jpg,images/train/run_000008_img_1763.jpg
train,1764,run_000008_img_1764,1772306,2048,1536,128443,images/run_000008/shard_0018/run_000008_img_1764.jpg,images/train/run_000008_img_1764.jpg
train,1765,run_000008_img_1765,1773302,2048,1536,128646,images/run_000008/shard_0018/run_000008_img_1765.jpg,images/train/run_000008_img_1765.jpg
train,1766,run_000008_img_1766,1774303,2048,1536,128667,images/run_000008/shard_0018/run_000008_img_1766.jpg,images/train/run_000008_img_1766.jpg
train,1767,run_000008_img_1767,1775302,2048,1536,128776,images/run_000008/shard_0018/run_000008_img_1767.jpg,images/train/run_000008_img_1767.jpg
train,1768,run_000008_img_1768,1776305,2048,1536,128865,images/run_000008/shard_0018/run_000008_img_1768.jpg,images/train/run_000008_img_1768.jpg
train,1769,run_000008_img_1769,1777304,2048,1536,129012,images/run_000008/shard_0018/run_000008_img_1769.jpg,images/train/run_000008_img_1769.jpg
train,1770,run_000008_img_1770,1778304,2048,1536,129152,images/run_000008/shard_0018/run_000008_img_1770.jpg,images/train/run_000008_img_1770.jpg
train,1771,run_000008_img_1771,1779714,2048,1536,129273,images/run_000008/shard_0018/run_000008_img_1771.jpg,images/train/run_000008_img_1771.jpg
train,1772,run_000008_img_1772,1780614,2048,1536,129205,images/run_000008/shard_0018/run_000008_img_1772.jpg,images/train/run_000008_img_1772.jpg
train,1773,run_000008_img_1773,1781513,2048,1536,129181,images/run_000008/shard_0018/run_000008_img_1773.jpg,images/train/run_000008_img_1773.jpg
train,1774,run_000008_img_1774,1782412,2048,1536,129171,images/run_000008/shard_0018/run_000008_img_1774.jpg,images/train/run_000008_img_1774.jpg
train,1775,run_000008_img_1775,1783312,2048,1536,129052,images/run_000008/shard_0018/run_000008_img_1775.jpg,images/train/run_000008_img_1775.jpg
train,1776,run_000008_img_1776,1784304,2048,1536,129059,images/run_000008/shard_0018/run_000008_img_1776.jpg,images/train/run_000008_img_1776.jpg
train,1777,run_000008_img_1777,1785304,2048,1536,128878,images/run_000008/shard_0018/run_000008_img_1777.jpg,images/train/run_000008_img_1777.jpg
train,1778,run_000008_img_1778,1786305,2048,1536,128891,images/run_000008/shard_0018/run_000008_img_1778.jpg,images/train/run_000008_img_1778.jpg
train,1779,run_000008_img_1779,1787306,2048,1536,128820,images/run_000008/shard_0018/run_000008_img_1779.jpg,images/train/run_000008_img_1779.jpg
train,1780,run_000008_img_1780,1788302,2048,1536,128628,images/run_000008/shard_0018/run_000008_img_1780.jpg,images/train/run_000008_img_1780.jpg
train,1781,run_000008_img_1781,1789305,2048,1536,128613,images/run_000008/shard_0018/run_000008_img_1781.jpg,images/train/run_000008_img_1781.jpg
train,1782,run_000008_img_1782,1790305,2048,1536,128818,images/run_000008/shard_0018/run_000008_img_1782.jpg,images/train/run_000008_img_1782.jpg
train,1783,run_000008_img_1783,1791305,2048,1536,128845,images/run_000008/shard_0018/run_000008_img_1783.jpg,images/train/run_000008_img_1783.jpg
train,1784,run_000008_img_1784,1792307,2048,1536,129064,images/run_000008/shard_0018/run_000008_img_1784.jpg,images/train/run_000008_img_1784.jpg
train,1785,run_000008_img_1785,1793304,2048,1536,129292,images/run_000008/shard_0018/run_000008_img_1785.jpg,images/train/run_000008_img_1785.jpg
train,1786,run_000008_img_1786,1794303,2048,1536,129308,images/run_000008/shard_0018/run_000008_img_1786.jpg,images/train/run_000008_img_1786.jpg
train,1787,run_000008_img_1787,1795303,2048,1536,129522,images/run_000008/shard_0018/run_000008_img_1787.jpg,images/train/run_000008_img_1787.jpg
train,1788,run_000008_img_1788,1796304,2048,1536,129522,images/run_000008/shard_0018/run_000008_img_1788.jpg,images/train/run_000008_img_1788.jpg
train,1789,run_000008_img_1789,1797302,2048,1536,129568,images/run_000008/shard_0018/run_000008_img_1789.jpg,images/train/run_000008_img_1789.jpg
train,1790,run_000008_img_1790,1798302,2048,1536,129409,images/run_000008/shard_0018/run_000008_img_1790.jpg,images/train/run_000008_img_1790.jpg
train,1791,run_000008_img_1791,1799302,2048,1536,129447,images/run_000008/shard_0018/run_000008_img_1791.jpg,images/train/run_000008_img_1791.jpg
train,1792,run_000008_img_1792,1800304,2048,1536,129518,images/run_000008/shard_0018/run_000008_img_1792.jpg,images/train/run_000008_img_1792.jpg
train,1793,run_000008_img_1793,1801302,2048,1536,129622,images/run_000008/shard_0018/run_000008_img_1793.jpg,images/train/run_000008_img_1793.jpg
train,1794,run_000008_img_1794,1802304,2048,1536,129521,images/run_000008/shard_0018/run_000008_img_1794.jpg,images/train/run_000008_img_1794.jpg
train,1795,run_000008_img_1795,1803304,2048,1536,129389,images/run_000008/shard_0018/run_000008_img_1795.jpg,images/train/run_000008_img_1795.jpg
train,1796,run_000008_img_1796,1804726,2048,1536,129125,images/run_000008/shard_0018/run_000008_img_1796.jpg,images/train/run_000008_img_1796.jpg
train,1797,run_000008_img_1797,1805704,2048,1536,128929,images/run_000008/shard_0018/run_000008_img_1797.jpg,images/train/run_000008_img_1797.jpg
train,1798,run_000008_img_1798,1806693,2048,1536,128676,images/run_000008/shard_0018/run_000008_img_1798.jpg,images/train/run_000008_img_1798.jpg
train,1799,run_000008_img_1799,1807683,2048,1536,128492,images/run_000008/shard_0018/run_000008_img_1799.jpg,images/train/run_000008_img_1799.jpg
train,1800,run_000008_img_1800,1808672,2048,1536,128504,images/run_000008/shard_0018/run_000008_img_1800.jpg,images/train/run_000008_img_1800.jpg
train,1801,run_000008_img_1801,1810192,2048,1536,128493,images/run_000008/shard_0019/run_000008_img_1801.jpg,images/train/run_000008_img_1801.jpg
train,1802,run_000008_img_1802,1811150,2048,1536,128746,images/run_000008/shard_0019/run_000008_img_1802.jpg,images/train/run_000008_img_1802.jpg
train,1803,run_000008_img_1803,1811729,2048,1536,128769,images/run_000008/shard_0019/run_000008_img_1803.jpg,images/train/run_000008_img_1803.jpg
train,1804,run_000008_img_1804,1812359,2048,1536,128655,images/run_000008/shard_0019/run_000008_img_1804.jpg,images/train/run_000008_img_1804.jpg
train,1805,run_000008_img_1805,1813528,2048,1536,128874,images/run_000008/shard_0019/run_000008_img_1805.jpg,images/train/run_000008_img_1805.jpg
train,1806,run_000008_img_1806,1814306,2048,1536,128850,images/run_000008/shard_0019/run_000008_img_1806.jpg,images/train/run_000008_img_1806.jpg
train,1807,run_000008_img_1807,1815306,2048,1536,129118,images/run_000008/shard_0019/run_000008_img_1807.jpg,images/train/run_000008_img_1807.jpg
train,1808,run_000008_img_1808,1816305,2048,1536,129239,images/run_000008/shard_0019/run_000008_img_1808.jpg,images/train/run_000008_img_1808.jpg
train,1809,run_000008_img_1809,1817302,2048,1536,129355,images/run_000008/shard_0019/run_000008_img_1809.jpg,images/train/run_000008_img_1809.jpg
train,1810,run_000008_img_1810,1818305,2048,1536,129534,images/run_000008/shard_0019/run_000008_img_1810.jpg,images/train/run_000008_img_1810.jpg
train,1811,run_000008_img_1811,1819306,2048,1536,129594,images/run_000008/shard_0019/run_000008_img_1811.jpg,images/train/run_000008_img_1811.jpg
train,1812,run_000008_img_1812,1820304,2048,1536,129685,images/run_000008/shard_0019/run_000008_img_1812.jpg,images/train/run_000008_img_1812.jpg
train,1813,run_000008_img_1813,1821302,2048,1536,129724,images/run_000008/shard_0019/run_000008_img_1813.jpg,images/train/run_000008_img_1813.jpg
train,1814,run_000008_img_1814,1822304,2048,1536,129596,images/run_000008/shard_0019/run_000008_img_1814.jpg,images/train/run_000008_img_1814.jpg
train,1815,run_000008_img_1815,1823302,2048,1536,129735,images/run_000008/shard_0019/run_000008_img_1815.jpg,images/train/run_000008_img_1815.jpg
train,1816,run_000008_img_1816,1824303,2048,1536,129679,images/run_000008/shard_0019/run_000008_img_1816.jpg,images/train/run_000008_img_1816.jpg
train,1817,run_000008_img_1817,1825489,2048,1536,129623,images/run_000008/shard_0019/run_000008_img_1817.jpg,images/train/run_000008_img_1817.jpg
train,1818,run_000008_img_1818,1826302,2048,1536,129451,images/run_000008/shard_0019/run_000008_img_1818.jpg,images/train/run_000008_img_1818.jpg
train,1819,run_000008_img_1819,1827305,2048,1536,129419,images/run_000008/shard_0019/run_000008_img_1819.jpg,images/train/run_000008_img_1819.jpg
train,1820,run_000008_img_1820,1828305,2048,1536,129469,images/run_000008/shard_0019/run_000008_img_1820.jpg,images/train/run_000008_img_1820.jpg
train,1821,run_000008_img_1821,1829303,2048,1536,129331,images/run_000008/shard_0019/run_000008_img_1821.jpg,images/train/run_000008_img_1821.jpg
train,1822,run_000008_img_1822,1830304,2048,1536,129503,images/run_000008/shard_0019/run_000008_img_1822.jpg,images/train/run_000008_img_1822.jpg
train,1823,run_000008_img_1823,1831302,2048,1536,129455,images/run_000008/shard_0019/run_000008_img_1823.jpg,images/train/run_000008_img_1823.jpg
train,1824,run_000008_img_1824,1832306,2048,1536,129612,images/run_000008/shard_0019/run_000008_img_1824.jpg,images/train/run_000008_img_1824.jpg
train,1825,run_000008_img_1825,1833304,2048,1536,129618,images/run_000008/shard_0019/run_000008_img_1825.jpg,images/train/run_000008_img_1825.jpg
train,1826,run_000008_img_1826,1834303,2048,1536,129565,images/run_000008/shard_0019/run_000008_img_1826.jpg,images/train/run_000008_img_1826.jpg
train,1827,run_000008_img_1827,1835304,2048,1536,129510,images/run_000008/shard_0019/run_000008_img_1827.jpg,images/train/run_000008_img_1827.jpg
train,1828,run_000008_img_1828,1836306,2048,1536,129410,images/run_000008/shard_0019/run_000008_img_1828.jpg,images/train/run_000008_img_1828.jpg
train,1829,run_000008_img_1829,1837304,2048,1536,129519,images/run_000008/shard_0019/run_000008_img_1829.jpg,images/train/run_000008_img_1829.jpg
train,1830,run_000008_img_1830,1838302,2048,1536,129480,images/run_000008/shard_0019/run_000008_img_1830.jpg,images/train/run_000008_img_1830.jpg
train,1831,run_000008_img_1831,1839305,2048,1536,129279,images/run_000008/shard_0019/run_000008_img_1831.jpg,images/train/run_000008_img_1831.jpg
train,1832,run_000008_img_1832,1840303,2048,1536,129222,images/run_000008/shard_0019/run_000008_img_1832.jpg,images/train/run_000008_img_1832.jpg
train,1833,run_000008_img_1833,1841586,2048,1536,129111,images/run_000008/shard_0019/run_000008_img_1833.jpg,images/train/run_000008_img_1833.jpg
train,1834,run_000008_img_1834,1842306,2048,1536,129292,images/run_000008/shard_0019/run_000008_img_1834.jpg,images/train/run_000008_img_1834.jpg
train,1835,run_000008_img_1835,1843306,2048,1536,129234,images/run_000008/shard_0019/run_000008_img_1835.jpg,images/train/run_000008_img_1835.jpg
train,1836,run_000008_img_1836,1844307,2048,1536,129111,images/run_000008/shard_0019/run_000008_img_1836.jpg,images/train/run_000008_img_1836.jpg
train,1837,run_000008_img_1837,1845304,2048,1536,128963,images/run_000008/shard_0019/run_000008_img_1837.jpg,images/train/run_000008_img_1837.jpg
train,1838,run_000008_img_1838,1846306,2048,1536,129052,images/run_000008/shard_0019/run_000008_img_1838.jpg,images/train/run_000008_img_1838.jpg
train,1839,run_000008_img_1839,1847303,2048,1536,129097,images/run_000008/shard_0019/run_000008_img_1839.jpg,images/train/run_000008_img_1839.jpg
train,1840,run_000008_img_1840,1848307,2048,1536,129090,images/run_000008/shard_0019/run_000008_img_1840.jpg,images/train/run_000008_img_1840.jpg
train,1841,run_000008_img_1841,1849302,2048,1536,128942,images/run_000008/shard_0019/run_000008_img_1841.jpg,images/train/run_000008_img_1841.jpg
train,1842,run_000008_img_1842,1850305,2048,1536,128989,images/run_000008/shard_0019/run_000008_img_1842.jpg,images/train/run_000008_img_1842.jpg
train,1843,run_000008_img_1843,1851304,2048,1536,128957,images/run_000008/shard_0019/run_000008_img_1843.jpg,images/train/run_000008_img_1843.jpg
train,1844,run_000008_img_1844,1852303,2048,1536,129056,images/run_000008/shard_0019/run_000008_img_1844.jpg,images/train/run_000008_img_1844.jpg
train,1845,run_000008_img_1845,1853302,2048,1536,129217,images/run_000008/shard_0019/run_000008_img_1845.jpg,images/train/run_000008_img_1845.jpg
train,1846,run_000008_img_1846,1854303,2048,1536,129361,images/run_000008/shard_0019/run_000008_img_1846.jpg,images/train/run_000008_img_1846.jpg
train,1847,run_000008_img_1847,1855304,2048,1536,129336,images/run_000008/shard_0019/run_000008_img_1847.jpg,images/train/run_000008_img_1847.jpg
train,1848,run_000008_img_1848,1856303,2048,1536,129513,images/run_000008/shard_0019/run_000008_img_1848.jpg,images/train/run_000008_img_1848.jpg
train,1849,run_000008_img_1849,1857303,2048,1536,129649,images/run_000008/shard_0019/run_000008_img_1849.jpg,images/train/run_000008_img_1849.jpg
train,1850,run_000008_img_1850,1858302,2048,1536,129894,images/run_000008/shard_0019/run_000008_img_1850.jpg,images/train/run_000008_img_1850.jpg
train,1851,run_000008_img_1851,1859302,2048,1536,129975,images/run_000008/shard_0019/run_000008_img_1851.jpg,images/train/run_000008_img_1851.jpg
train,1852,run_000008_img_1852,1860306,2048,1536,129825,images/run_000008/shard_0019/run_000008_img_1852.jpg,images/train/run_000008_img_1852.jpg
train,1853,run_000008_img_1853,1861303,2048,1536,129713,images/run_000008/shard_0019/run_000008_img_1853.jpg,images/train/run_000008_img_1853.jpg
train,1854,run_000008_img_1854,1862304,2048,1536,129626,images/run_000008/shard_0019/run_000008_img_1854.jpg,images/train/run_000008_img_1854.jpg
train,1855,run_000008_img_1855,1863306,2048,1536,129636,images/run_000008/shard_0019/run_000008_img_1855.jpg,images/train/run_000008_img_1855.jpg
train,1856,run_000008_img_1856,1864302,2048,1536,129600,images/run_000008/shard_0019/run_000008_img_1856.jpg,images/train/run_000008_img_1856.jpg
train,1857,run_000008_img_1857,1865302,2048,1536,129638,images/run_000008/shard_0019/run_000008_img_1857.jpg,images/train/run_000008_img_1857.jpg
train,1858,run_000008_img_1858,1866302,2048,1536,129701,images/run_000008/shard_0019/run_000008_img_1858.jpg,images/train/run_000008_img_1858.jpg
train,1859,run_000008_img_1859,1867304,2048,1536,129572,images/run_000008/shard_0019/run_000008_img_1859.jpg,images/train/run_000008_img_1859.jpg
train,1860,run_000008_img_1860,1868305,2048,1536,129631,images/run_000008/shard_0019/run_000008_img_1860.jpg,images/train/run_000008_img_1860.jpg
train,1861,run_000008_img_1861,1869644,2048,1536,129448,images/run_000008/shard_0019/run_000008_img_1861.jpg,images/train/run_000008_img_1861.jpg
train,1862,run_000008_img_1862,1870454,2048,1536,129569,images/run_000008/shard_0019/run_000008_img_1862.jpg,images/train/run_000008_img_1862.jpg
train,1863,run_000008_img_1863,1871303,2048,1536,129689,images/run_000008/shard_0019/run_000008_img_1863.jpg,images/train/run_000008_img_1863.jpg
train,1864,run_000008_img_1864,1872303,2048,1536,129661,images/run_000008/shard_0019/run_000008_img_1864.jpg,images/train/run_000008_img_1864.jpg
train,1865,run_000008_img_1865,1873305,2048,1536,129551,images/run_000008/shard_0019/run_000008_img_1865.jpg,images/train/run_000008_img_1865.jpg
train,1866,run_000008_img_1866,1874305,2048,1536,129585,images/run_000008/shard_0019/run_000008_img_1866.jpg,images/train/run_000008_img_1866.jpg
train,1867,run_000008_img_1867,1875306,2048,1536,129677,images/run_000008/shard_0019/run_000008_img_1867.jpg,images/train/run_000008_img_1867.jpg
train,1868,run_000008_img_1868,1876304,2048,1536,129737,images/run_000008/shard_0019/run_000008_img_1868.jpg,images/train/run_000008_img_1868.jpg
train,1869,run_000008_img_1869,1877648,2048,1536,129568,images/run_000008/shard_0019/run_000008_img_1869.jpg,images/train/run_000008_img_1869.jpg
train,1870,run_000008_img_1870,1878547,2048,1536,129623,images/run_000008/shard_0019/run_000008_img_1870.jpg,images/train/run_000008_img_1870.jpg
train,1871,run_000008_img_1871,1879447,2048,1536,129516,images/run_000008/shard_0019/run_000008_img_1871.jpg,images/train/run_000008_img_1871.jpg
train,1872,run_000008_img_1872,1880346,2048,1536,129398,images/run_000008/shard_0019/run_000008_img_1872.jpg,images/train/run_000008_img_1872.jpg
train,1873,run_000008_img_1873,1881303,2048,1536,129299,images/run_000008/shard_0019/run_000008_img_1873.jpg,images/train/run_000008_img_1873.jpg
train,1874,run_000008_img_1874,1882302,2048,1536,129386,images/run_000008/shard_0019/run_000008_img_1874.jpg,images/train/run_000008_img_1874.jpg
train,1875,run_000008_img_1875,1883303,2048,1536,129607,images/run_000008/shard_0019/run_000008_img_1875.jpg,images/train/run_000008_img_1875.jpg
train,1876,run_000008_img_1876,1884304,2048,1536,129572,images/run_000008/shard_0019/run_000008_img_1876.jpg,images/train/run_000008_img_1876.jpg
train,1877,run_000008_img_1877,1885303,2048,1536,129761,images/run_000008/shard_0019/run_000008_img_1877.jpg,images/train/run_000008_img_1877.jpg
train,1878,run_000008_img_1878,1886303,2048,1536,130108,images/run_000008/shard_0019/run_000008_img_1878.jpg,images/train/run_000008_img_1878.jpg
train,1879,run_000008_img_1879,1887304,2048,1536,129918,images/run_000008/shard_0019/run_000008_img_1879.jpg,images/train/run_000008_img_1879.jpg
train,1880,run_000008_img_1880,1888305,2048,1536,130209,images/run_000008/shard_0019/run_000008_img_1880.jpg,images/train/run_000008_img_1880.jpg
train,1881,run_000008_img_1881,1889304,2048,1536,129953,images/run_000008/shard_0019/run_000008_img_1881.jpg,images/train/run_000008_img_1881.jpg
train,1882,run_000008_img_1882,1890303,2048,1536,130110,images/run_000008/shard_0019/run_000008_img_1882.jpg,images/train/run_000008_img_1882.jpg
train,1883,run_000008_img_1883,1891306,2048,1536,129793,images/run_000008/shard_0019/run_000008_img_1883.jpg,images/train/run_000008_img_1883.jpg
train,1884,run_000008_img_1884,1892302,2048,1536,129762,images/run_000008/shard_0019/run_000008_img_1884.jpg,images/train/run_000008_img_1884.jpg
train,1885,run_000008_img_1885,1893303,2048,1536,129752,images/run_000008/shard_0019/run_000008_img_1885.jpg,images/train/run_000008_img_1885.jpg
train,1886,run_000008_img_1886,1894303,2048,1536,129852,images/run_000008/shard_0019/run_000008_img_1886.jpg,images/train/run_000008_img_1886.jpg
train,1887,run_000008_img_1887,1895306,2048,1536,129916,images/run_000008/shard_0019/run_000008_img_1887.jpg,images/train/run_000008_img_1887.jpg
train,1888,run_000008_img_1888,1896302,2048,1536,129946,images/run_000008/shard_0019/run_000008_img_1888.jpg,images/train/run_000008_img_1888.jpg
train,1889,run_000008_img_1889,1897307,2048,1536,130036,images/run_000008/shard_0019/run_000008_img_1889.jpg,images/train/run_000008_img_1889.jpg
train,1890,run_000008_img_1890,1898305,2048,1536,130280,images/run_000008/shard_0019/run_000008_img_1890.jpg,images/train/run_000008_img_1890.jpg
train,1891,run_000008_img_1891,1899304,2048,1536,130039,images/run_000008/shard_0019/run_000008_img_1891.jpg,images/train/run_000008_img_1891.jpg
train,1892,run_000008_img_1892,1900307,2048,1536,130047,images/run_000008/shard_0019/run_000008_img_1892.jpg,images/train/run_000008_img_1892.jpg
train,1893,run_000008_img_1893,1901304,2048,1536,129841,images/run_000008/shard_0019/run_000008_img_1893.jpg,images/train/run_000008_img_1893.jpg
train,1894,run_000008_img_1894,1902738,2048,1536,129611,images/run_000008/shard_0019/run_000008_img_1894.jpg,images/train/run_000008_img_1894.jpg
train,1895,run_000008_img_1895,1903638,2048,1536,129548,images/run_000008/shard_0019/run_000008_img_1895.jpg,images/train/run_000008_img_1895.jpg
train,1896,run_000008_img_1896,1904627,2048,1536,129434,images/run_000008/shard_0019/run_000008_img_1896.jpg,images/train/run_000008_img_1896.jpg
train,1897,run_000008_img_1897,1905616,2048,1536,129208,images/run_000008/shard_0019/run_000008_img_1897.jpg,images/train/run_000008_img_1897.jpg
train,1898,run_000008_img_1898,1906606,2048,1536,129344,images/run_000008/shard_0019/run_000008_img_1898.jpg,images/train/run_000008_img_1898.jpg
train,1899,run_000008_img_1899,1907595,2048,1536,129360,images/run_000008/shard_0019/run_000008_img_1899.jpg,images/train/run_000008_img_1899.jpg
train,1900,run_000008_img_1900,1908584,2048,1536,129297,images/run_000008/shard_0019/run_000008_img_1900.jpg,images/train/run_000008_img_1900.jpg
train,1901,run_000008_img_1901,1910138,2048,1536,129269,images/run_000008/shard_0020/run_000008_img_1901.jpg,images/train/run_000008_img_1901.jpg
train,1902,run_000008_img_1902,1911102,2048,1536,129529,images/run_000008/shard_0020/run_000008_img_1902.jpg,images/train/run_000008_img_1902.jpg
train,1903,run_000008_img_1903,1911732,2048,1536,129379,images/run_000008/shard_0020/run_000008_img_1903.jpg,images/train/run_000008_img_1903.jpg
train,1904,run_000008_img_1904,1912361,2048,1536,129547,images/run_000008/shard_0020/run_000008_img_1904.jpg,images/train/run_000008_img_1904.jpg
train,1905,run_000008_img_1905,1913305,2048,1536,129529,images/run_000008/shard_0020/run_000008_img_1905.jpg,images/train/run_000008_img_1905.jpg
train,1906,run_000008_img_1906,1914305,2048,1536,129717,images/run_000008/shard_0020/run_000008_img_1906.jpg,images/train/run_000008_img_1906.jpg
train,1907,run_000008_img_1907,1915509,2048,1536,130076,images/run_000008/shard_0020/run_000008_img_1907.jpg,images/train/run_000008_img_1907.jpg
train,1908,run_000008_img_1908,1916307,2048,1536,130089,images/run_000008/shard_0020/run_000008_img_1908.jpg,images/train/run_000008_img_1908.jpg
train,1909,run_000008_img_1909,1917305,2048,1536,130286,images/run_000008/shard_0020/run_000008_img_1909.jpg,images/train/run_000008_img_1909.jpg
train,1910,run_000008_img_1910,1918303,2048,1536,130294,images/run_000008/shard_0020/run_000008_img_1910.jpg,images/train/run_000008_img_1910.jpg
train,1911,run_000008_img_1911,1919304,2048,1536,130322,images/run_000008/shard_0020/run_000008_img_1911.jpg,images/train/run_000008_img_1911.jpg
train,1912,run_000008_img_1912,1920305,2048,1536,130236,images/run_000008/shard_0020/run_000008_img_1912.jpg,images/train/run_000008_img_1912.jpg
train,1913,run_000008_img_1913,1921305,2048,1536,130149,images/run_000008/shard_0020/run_000008_img_1913.jpg,images/train/run_000008_img_1913.jpg
train,1914,run_000008_img_1914,1922307,2048,1536,130049,images/run_000008/shard_0020/run_000008_img_1914.jpg,images/train/run_000008_img_1914.jpg
train,1915,run_000008_img_1915,1923304,2048,1536,130046,images/run_000008/shard_0020/run_000008_img_1915.jpg,images/train/run_000008_img_1915.jpg
train,1916,run_000008_img_1916,1924305,2048,1536,129875,images/run_000008/shard_0020/run_000008_img_1916.jpg,images/train/run_000008_img_1916.jpg
train,1917,run_000008_img_1917,1925305,2048,1536,129862,images/run_000008/shard_0020/run_000008_img_1917.jpg,images/train/run_000008_img_1917.jpg
train,1918,run_000008_img_1918,1926303,2048,1536,129935,images/run_000008/shard_0020/run_000008_img_1918.jpg,images/train/run_000008_img_1918.jpg
train,1919,run_000008_img_1919,1927304,2048,1536,129947,images/run_000008/shard_0020/run_000008_img_1919.jpg,images/train/run_000008_img_1919.jpg
train,1920,run_000008_img_1920,1928303,2048,1536,129948,images/run_000008/shard_0020/run_000008_img_1920.jpg,images/train/run_000008_img_1920.jpg
train,1921,run_000008_img_1921,1929304,2048,1536,130032,images/run_000008/shard_0020/run_000008_img_1921.jpg,images/train/run_000008_img_1921.jpg
train,1922,run_000008_img_1922,1930308,2048,1536,129954,images/run_000008/shard_0020/run_000008_img_1922.jpg,images/train/run_000008_img_1922.jpg
train,1923,run_000008_img_1923,1931304,2048,1536,129890,images/run_000008/shard_0020/run_000008_img_1923.jpg,images/train/run_000008_img_1923.jpg
train,1924,run_000008_img_1924,1932302,2048,1536,129795,images/run_000008/shard_0020/run_000008_img_1924.jpg,images/train/run_000008_img_1924.jpg
train,1925,run_000008_img_1925,1933303,2048,1536,129756,images/run_000008/shard_0020/run_000008_img_1925.jpg,images/train/run_000008_img_1925.jpg
train,1926,run_000008_img_1926,1934302,2048,1536,129724,images/run_000008/shard_0020/run_000008_img_1926.jpg,images/train/run_000008_img_1926.jpg
train,1927,run_000008_img_1927,1935305,2048,1536,129602,images/run_000008/shard_0020/run_000008_img_1927.jpg,images/train/run_000008_img_1927.jpg
train,1928,run_000008_img_1928,1936302,2048,1536,129583,images/run_000008/shard_0020/run_000008_img_1928.jpg,images/train/run_000008_img_1928.jpg
train,1929,run_000008_img_1929,1937304,2048,1536,129524,images/run_000008/shard_0020/run_000008_img_1929.jpg,images/train/run_000008_img_1929.jpg
train,1930,run_000008_img_1930,1938304,2048,1536,129520,images/run_000008/shard_0020/run_000008_img_1930.jpg,images/train/run_000008_img_1930.jpg
train,1931,run_000008_img_1931,1939303,2048,1536,129536,images/run_000008/shard_0020/run_000008_img_1931.jpg,images/train/run_000008_img_1931.jpg
train,1932,run_000008_img_1932,1940512,2048,1536,129623,images/run_000008/shard_0020/run_000008_img_1932.jpg,images/train/run_000008_img_1932.jpg
train,1933,run_000008_img_1933,1941302,2048,1536,129583,images/run_000008/shard_0020/run_000008_img_1933.jpg,images/train/run_000008_img_1933.jpg
train,1934,run_000008_img_1934,1942303,2048,1536,129768,images/run_000008/shard_0020/run_000008_img_1934.jpg,images/train/run_000008_img_1934.jpg
train,1935,run_000008_img_1935,1943302,2048,1536,129742,images/run_000008/shard_0020/run_000008_img_1935.jpg,images/train/run_000008_img_1935.jpg
train,1936,run_000008_img_1936,1944303,2048,1536,129528,images/run_000008/shard_0020/run_000008_img_1936.jpg,images/train/run_000008_img_1936.jpg
train,1937,run_000008_img_1937,1945306,2048,1536,129601,images/run_000008/shard_0020/run_000008_img_1937.jpg,images/train/run_000008_img_1937.jpg
train,1938,run_000008_img_1938,1946302,2048,1536,129544,images/run_000008/shard_0020/run_000008_img_1938.jpg,images/train/run_000008_img_1938.jpg
train,1939,run_000008_img_1939,1947302,2048,1536,129807,images/run_000008/shard_0020/run_000008_img_1939.jpg,images/train/run_000008_img_1939.jpg
train,1940,run_000008_img_1940,1948303,2048,1536,129858,images/run_000008/shard_0020/run_000008_img_1940.jpg,images/train/run_000008_img_1940.jpg
train,1941,run_000008_img_1941,1949307,2048,1536,130039,images/run_000008/shard_0020/run_000008_img_1941.jpg,images/train/run_000008_img_1941.jpg
train,1942,run_000008_img_1942,1950306,2048,1536,130104,images/run_000008/shard_0020/run_000008_img_1942.jpg,images/train/run_000008_img_1942.jpg
train,1943,run_000008_img_1943,1951303,2048,1536,129962,images/run_000008/shard_0020/run_000008_img_1943.jpg,images/train/run_000008_img_1943.jpg
train,1944,run_000008_img_1944,1952303,2048,1536,129942,images/run_000008/shard_0020/run_000008_img_1944.jpg,images/train/run_000008_img_1944.jpg
train,1945,run_000008_img_1945,1953307,2048,1536,130095,images/run_000008/shard_0020/run_000008_img_1945.jpg,images/train/run_000008_img_1945.jpg
train,1946,run_000008_img_1946,1954572,2048,1536,130036,images/run_000008/shard_0020/run_000008_img_1946.jpg,images/train/run_000008_img_1946.jpg
train,1947,run_000008_img_1947,1955347,2048,1536,130000,images/run_000008/shard_0020/run_000008_img_1947.jpg,images/train/run_000008_img_1947.jpg
train,1948,run_000008_img_1948,1956304,2048,1536,130041,images/run_000008/shard_0020/run_000008_img_1948.jpg,images/train/run_000008_img_1948.jpg
train,1949,run_000008_img_1949,1957306,2048,1536,130218,images/run_000008/shard_0020/run_000008_img_1949.jpg,images/train/run_000008_img_1949.jpg
train,1950,run_000008_img_1950,1958304,2048,1536,129971,images/run_000008/shard_0020/run_000008_img_1950.jpg,images/train/run_000008_img_1950.jpg
train,1951,run_000008_img_1951,1959303,2048,1536,130005,images/run_000008/shard_0020/run_000008_img_1951.jpg,images/train/run_000008_img_1951.jpg
train,1952,run_000008_img_1952,1960304,2048,1536,130315,images/run_000008/shard_0020/run_000008_img_1952.jpg,images/train/run_000008_img_1952.jpg
train,1953,run_000008_img_1953,1961306,2048,1536,130207,images/run_000008/shard_0020/run_000008_img_1953.jpg,images/train/run_000008_img_1953.jpg
train,1954,run_000008_img_1954,1962304,2048,1536,130520,images/run_000008/shard_0020/run_000008_img_1954.jpg,images/train/run_000008_img_1954.jpg
train,1955,run_000008_img_1955,1963304,2048,1536,130368,images/run_000008/shard_0020/run_000008_img_1955.jpg,images/train/run_000008_img_1955.jpg
train,1956,run_000008_img_1956,1964302,2048,1536,130227,images/run_000008/shard_0020/run_000008_img_1956.jpg,images/train/run_000008_img_1956.jpg
train,1957,run_000008_img_1957,1965304,2048,1536,130155,images/run_000008/shard_0020/run_000008_img_1957.jpg,images/train/run_000008_img_1957.jpg
train,1958,run_000008_img_1958,1966303,2048,1536,130050,images/run_000008/shard_0020/run_000008_img_1958.jpg,images/train/run_000008_img_1958.jpg
train,1959,run_000008_img_1959,1967303,2048,1536,130189,images/run_000008/shard_0020/run_000008_img_1959.jpg,images/train/run_000008_img_1959.jpg
train,1960,run_000008_img_1960,1968657,2048,1536,130201,images/run_000008/shard_0020/run_000008_img_1960.jpg,images/train/run_000008_img_1960.jpg
train,1961,run_000008_img_1961,1969467,2048,1536,130257,images/run_000008/shard_0020/run_000008_img_1961.jpg,images/train/run_000008_img_1961.jpg
train,1962,run_000008_img_1962,1970303,2048,1536,130232,images/run_000008/shard_0020/run_000008_img_1962.jpg,images/train/run_000008_img_1962.jpg
train,1963,run_000008_img_1963,1971302,2048,1536,130350,images/run_000008/shard_0020/run_000008_img_1963.jpg,images/train/run_000008_img_1963.jpg
train,1964,run_000008_img_1964,1972303,2048,1536,130310,images/run_000008/shard_0020/run_000008_img_1964.jpg,images/train/run_000008_img_1964.jpg
train,1965,run_000008_img_1965,1973302,2048,1536,130378,images/run_000008/shard_0020/run_000008_img_1965.jpg,images/train/run_000008_img_1965.jpg
train,1966,run_000008_img_1966,1974306,2048,1536,130332,images/run_000008/shard_0020/run_000008_img_1966.jpg,images/train/run_000008_img_1966.jpg
train,1967,run_000008_img_1967,1975306,2048,1536,130457,images/run_000008/shard_0020/run_000008_img_1967.jpg,images/train/run_000008_img_1967.jpg
train,1968,run_000008_img_1968,1976305,2048,1536,130583,images/run_000008/shard_0020/run_000008_img_1968.jpg,images/train/run_000008_img_1968.jpg
train,1969,run_000008_img_1969,1977303,2048,1536,130332,images/run_000008/shard_0020/run_000008_img_1969.jpg,images/train/run_000008_img_1969.jpg
train,1970,run_000008_img_1970,1978307,2048,1536,130232,images/run_000008/shard_0020/run_000008_img_1970.jpg,images/train/run_000008_img_1970.jpg
train,1971,run_000008_img_1971,1979306,2048,1536,130244,images/run_000008/shard_0020/run_000008_img_1971.jpg,images/train/run_000008_img_1971.jpg
train,1972,run_000008_img_1972,1980307,2048,1536,130210,images/run_000008/shard_0020/run_000008_img_1972.jpg,images/train/run_000008_img_1972.jpg
train,1973,run_000008_img_1973,1981302,2048,1536,130391,images/run_000008/shard_0020/run_000008_img_1973.jpg,images/train/run_000008_img_1973.jpg
train,1974,run_000008_img_1974,1982306,2048,1536,130411,images/run_000008/shard_0020/run_000008_img_1974.jpg,images/train/run_000008_img_1974.jpg
train,1975,run_000008_img_1975,1983306,2048,1536,130513,images/run_000008/shard_0020/run_000008_img_1975.jpg,images/train/run_000008_img_1975.jpg
train,1976,run_000008_img_1976,1984303,2048,1536,130646,images/run_000008/shard_0020/run_000008_img_1976.jpg,images/train/run_000008_img_1976.jpg
train,1977,run_000008_img_1977,1985304,2048,1536,130771,images/run_000008/shard_0020/run_000008_img_1977.jpg,images/train/run_000008_img_1977.jpg
train,1978,run_000008_img_1978,1986305,2048,1536,130916,images/run_000008/shard_0020/run_000008_img_1978.jpg,images/train/run_000008_img_1978.jpg
train,1979,run_000008_img_1979,1987303,2048,1536,131222,images/run_000008/shard_0020/run_000008_img_1979.jpg,images/train/run_000008_img_1979.jpg
train,1980,run_000008_img_1980,1988306,2048,1536,131222,images/run_000008/shard_0020/run_000008_img_1980.jpg,images/train/run_000008_img_1980.jpg
train,1981,run_000008_img_1981,1989303,2048,1536,131281,images/run_000008/shard_0020/run_000008_img_1981.jpg,images/train/run_000008_img_1981.jpg
train,1982,run_000008_img_1982,1990304,2048,1536,131489,images/run_000008/shard_0020/run_000008_img_1982.jpg,images/train/run_000008_img_1982.jpg
train,1983,run_000008_img_1983,1991302,2048,1536,131719,images/run_000008/shard_0020/run_000008_img_1983.jpg,images/train/run_000008_img_1983.jpg
train,1984,run_000008_img_1984,1992304,2048,1536,131714,images/run_000008/shard_0020/run_000008_img_1984.jpg,images/train/run_000008_img_1984.jpg
train,1985,run_000008_img_1985,1993305,2048,1536,132025,images/run_000008/shard_0020/run_000008_img_1985.jpg,images/train/run_000008_img_1985.jpg
train,1986,run_000008_img_1986,1994686,2048,1536,132378,images/run_000008/shard_0020/run_000008_img_1986.jpg,images/train/run_000008_img_1986.jpg
train,1987,run_000008_img_1987,1995636,2048,1536,132396,images/run_000008/shard_0020/run_000008_img_1987.jpg,images/train/run_000008_img_1987.jpg
train,1988,run_000008_img_1988,1996536,2048,1536,132402,images/run_000008/shard_0020/run_000008_img_1988.jpg,images/train/run_000008_img_1988.jpg
train,1989,run_000008_img_1989,1997435,2048,1536,132731,images/run_000008/shard_0020/run_000008_img_1989.jpg,images/train/run_000008_img_1989.jpg
train,1990,run_000008_img_1990,1998334,2048,1536,132895,images/run_000008/shard_0020/run_000008_img_1990.jpg,images/train/run_000008_img_1990.jpg
train,1991,run_000008_img_1991,1999306,2048,1536,133153,images/run_000008/shard_0020/run_000008_img_1991.jpg,images/train/run_000008_img_1991.jpg
train,1992,run_000008_img_1992,2000852,2048,1536,133302,images/run_000008/shard_0020/run_000008_img_1992.jpg,images/train/run_000008_img_1992.jpg
train,1993,run_000008_img_1993,2001756,2048,1536,133633,images/run_000008/shard_0020/run_000008_img_1993.jpg,images/train/run_000008_img_1993.jpg
train,1994,run_000008_img_1994,2002741,2048,1536,133638,images/run_000008/shard_0020/run_000008_img_1994.jpg,images/train/run_000008_img_1994.jpg
train,1995,run_000008_img_1995,2003646,2048,1536,133715,images/run_000008/shard_0020/run_000008_img_1995.jpg,images/train/run_000008_img_1995.jpg
train,1996,run_000008_img_1996,2004629,2048,1536,129491,images/run_000008/shard_0020/run_000008_img_1996.jpg,images/train/run_000008_img_1996.jpg
train,1997,run_000008_img_1997,2005618,2048,1536,129526,images/run_000008/shard_0020/run_000008_img_1997.jpg,images/train/run_000008_img_1997.jpg
train,1998,run_000008_img_1998,2006608,2048,1536,129648,images/run_000008/shard_0020/run_000008_img_1998.jpg,images/train/run_000008_img_1998.jpg
train,1999,run_000008_img_1999,2007597,2048,1536,129739,images/run_000008/shard_0020/run_000008_img_1999.jpg,images/train/run_000008_img_1999.jpg
train,2000,run_000008_img_2000,2008586,2048,1536,129739,images/run_000008/shard_0020/run_000008_img_2000.jpg,images/train/run_000008_img_2000.jpg
train,2001,run_000008_img_2001,2010119,2048,1536,130150,images/run_000008/shard_0021/run_000008_img_2001.jpg,images/train/run_000008_img_2001.jpg
train,2002,run_000008_img_2002,2011088,2048,1536,130374,images/run_000008/shard_0021/run_000008_img_2002.jpg,images/train/run_000008_img_2002.jpg
train,2003,run_000008_img_2003,2011734,2048,1536,130479,images/run_000008/shard_0021/run_000008_img_2003.jpg,images/train/run_000008_img_2003.jpg
train,2004,run_000008_img_2004,2012363,2048,1536,130632,images/run_000008/shard_0021/run_000008_img_2004.jpg,images/train/run_000008_img_2004.jpg
train,2005,run_000008_img_2005,2013303,2048,1536,130786,images/run_000008/shard_0021/run_000008_img_2005.jpg,images/train/run_000008_img_2005.jpg
train,2006,run_000008_img_2006,2014303,2048,1536,130806,images/run_000008/shard_0021/run_000008_img_2006.jpg,images/train/run_000008_img_2006.jpg
train,2007,run_000008_img_2007,2015303,2048,1536,130878,images/run_000008/shard_0021/run_000008_img_2007.jpg,images/train/run_000008_img_2007.jpg
train,2008,run_000008_img_2008,2016500,2048,1536,130918,images/run_000008/shard_0021/run_000008_img_2008.jpg,images/train/run_000008_img_2008.jpg
train,2009,run_000008_img_2009,2017304,2048,1536,130759,images/run_000008/shard_0021/run_000008_img_2009.jpg,images/train/run_000008_img_2009.jpg
train,2010,run_000008_img_2010,2018305,2048,1536,130645,images/run_000008/shard_0021/run_000008_img_2010.jpg,images/train/run_000008_img_2010.jpg
train,2011,run_000008_img_2011,2019306,2048,1536,130630,images/run_000008/shard_0021/run_000008_img_2011.jpg,images/train/run_000008_img_2011.jpg
train,2012,run_000008_img_2012,2020305,2048,1536,130367,images/run_000008/shard_0021/run_000008_img_2012.jpg,images/train/run_000008_img_2012.jpg
train,2013,run_000008_img_2013,2021304,2048,1536,130300,images/run_000008/shard_0021/run_000008_img_2013.jpg,images/train/run_000008_img_2013.jpg
train,2014,run_000008_img_2014,2022305,2048,1536,130009,images/run_000008/shard_0021/run_000008_img_2014.jpg,images/train/run_000008_img_2014.jpg
train,2015,run_000008_img_2015,2023303,2048,1536,129973,images/run_000008/shard_0021/run_000008_img_2015.jpg,images/train/run_000008_img_2015.jpg
train,2016,run_000008_img_2016,2024306,2048,1536,129649,images/run_000008/shard_0021/run_000008_img_2016.jpg,images/train/run_000008_img_2016.jpg
train,2017,run_000008_img_2017,2025305,2048,1536,129584,images/run_000008/shard_0021/run_000008_img_2017.jpg,images/train/run_000008_img_2017.jpg
train,2018,run_000008_img_2018,2026306,2048,1536,129594,images/run_000008/shard_0021/run_000008_img_2018.jpg,images/train/run_000008_img_2018.jpg
train,2019,run_000008_img_2019,2027303,2048,1536,129568,images/run_000008/shard_0021/run_000008_img_2019.jpg,images/train/run_000008_img_2019.jpg
train,2020,run_000008_img_2020,2028305,2048,1536,129604,images/run_000008/shard_0021/run_000008_img_2020.jpg,images/train/run_000008_img_2020.jpg
train,2021,run_000008_img_2021,2029304,2048,1536,129649,images/run_000008/shard_0021/run_000008_img_2021.jpg,images/train/run_000008_img_2021.jpg
train,2022,run_000008_img_2022,2030305,2048,1536,129623,images/run_000008/shard_0021/run_000008_img_2022.jpg,images/train/run_000008_img_2022.jpg
train,2023,run_000008_img_2023,2031303,2048,1536,129581,images/run_000008/shard_0021/run_000008_img_2023.jpg,images/train/run_000008_img_2023.jpg
train,2024,run_000008_img_2024,2032303,2048,1536,129403,images/run_000008/shard_0021/run_000008_img_2024.jpg,images/train/run_000008_img_2024.jpg
train,2025,run_000008_img_2025,2033497,2048,1536,129443,images/run_000008/shard_0021/run_000008_img_2025.jpg,images/train/run_000008_img_2025.jpg
train,2026,run_000008_img_2026,2034302,2048,1536,129356,images/run_000008/shard_0021/run_000008_img_2026.jpg,images/train/run_000008_img_2026.jpg
train,2027,run_000008_img_2027,2035305,2048,1536,129387,images/run_000008/shard_0021/run_000008_img_2027.jpg,images/train/run_000008_img_2027.jpg
train,2028,run_000008_img_2028,2036302,2048,1536,129393,images/run_000008/shard_0021/run_000008_img_2028.jpg,images/train/run_000008_img_2028.jpg
train,2029,run_000008_img_2029,2037302,2048,1536,129461,images/run_000008/shard_0021/run_000008_img_2029.jpg,images/train/run_000008_img_2029.jpg
train,2030,run_000008_img_2030,2038306,2048,1536,129672,images/run_000008/shard_0021/run_000008_img_2030.jpg,images/train/run_000008_img_2030.jpg
train,2031,run_000008_img_2031,2039306,2048,1536,129983,images/run_000008/shard_0021/run_000008_img_2031.jpg,images/train/run_000008_img_2031.jpg
train,2032,run_000008_img_2032,2040303,2048,1536,130045,images/run_000008/shard_0021/run_000008_img_2032.jpg,images/train/run_000008_img_2032.jpg
train,2033,run_000008_img_2033,2041302,2048,1536,130309,images/run_000008/shard_0021/run_000008_img_2033.jpg,images/train/run_000008_img_2033.jpg
train,2034,run_000008_img_2034,2042305,2048,1536,130525,images/run_000008/shard_0021/run_000008_img_2034.jpg,images/train/run_000008_img_2034.jpg
train,2035,run_000008_img_2035,2043306,2048,1536,130672,images/run_000008/shard_0021/run_000008_img_2035.jpg,images/train/run_000008_img_2035.jpg
train,2036,run_000008_img_2036,2044306,2048,1536,130898,images/run_000008/shard_0021/run_000008_img_2036.jpg,images/train/run_000008_img_2036.jpg
train,2037,run_000008_img_2037,2045306,2048,1536,131204,images/run_000008/shard_0021/run_000008_img_2037.jpg,images/train/run_000008_img_2037.jpg
train,2038,run_000008_img_2038,2046305,2048,1536,131205,images/run_000008/shard_0021/run_000008_img_2038.jpg,images/train/run_000008_img_2038.jpg
train,2039,run_000008_img_2039,2047302,2048,1536,131515,images/run_000008/shard_0021/run_000008_img_2039.jpg,images/train/run_000008_img_2039.jpg
train,2040,run_000008_img_2040,2048305,2048,1536,131726,images/run_000008/shard_0021/run_000008_img_2040.jpg,images/train/run_000008_img_2040.jpg
train,2041,run_000008_img_2041,2049303,2048,1536,131823,images/run_000008/shard_0021/run_000008_img_2041.jpg,images/train/run_000008_img_2041.jpg
train,2042,run_000008_img_2042,2050584,2048,1536,132083,images/run_000008/shard_0021/run_000008_img_2042.jpg,images/train/run_000008_img_2042.jpg
train,2043,run_000008_img_2043,2051393,2048,1536,132378,images/run_000008/shard_0021/run_000008_img_2043.jpg,images/train/run_000008_img_2043.jpg
train,2044,run_000008_img_2044,2052302,2048,1536,132503,images/run_000008/shard_0021/run_000008_img_2044.jpg,images/train/run_000008_img_2044.jpg
train,2045,run_000008_img_2045,2053305,2048,1536,132723,images/run_000008/shard_0021/run_000008_img_2045.jpg,images/train/run_000008_img_2045.jpg
train,2046,run_000008_img_2046,2054306,2048,1536,132731,images/run_000008/shard_0021/run_000008_img_2046.jpg,images/train/run_000008_img_2046.jpg
train,2047,run_000008_img_2047,2055303,2048,1536,132777,images/run_000008/shard_0021/run_000008_img_2047.jpg,images/train/run_000008_img_2047.jpg
train,2048,run_000008_img_2048,2056303,2048,1536,132816,images/run_000008/shard_0021/run_000008_img_2048.jpg,images/train/run_000008_img_2048.jpg
train,2049,run_000008_img_2049,2057302,2048,1536,132819,images/run_000008/shard_0021/run_000008_img_2049.jpg,images/train/run_000008_img_2049.jpg
train,2050,run_000008_img_2050,2058302,2048,1536,132705,images/run_000008/shard_0021/run_000008_img_2050.jpg,images/train/run_000008_img_2050.jpg
train,2051,run_000008_img_2051,2059579,2048,1536,132617,images/run_000008/shard_0021/run_000008_img_2051.jpg,images/train/run_000008_img_2051.jpg
train,2052,run_000008_img_2052,2060386,2048,1536,132692,images/run_000008/shard_0021/run_000008_img_2052.jpg,images/train/run_000008_img_2052.jpg
train,2053,run_000008_img_2053,2061303,2048,1536,132558,images/run_000008/shard_0021/run_000008_img_2053.jpg,images/train/run_000008_img_2053.jpg
train,2054,run_000008_img_2054,2062302,2048,1536,132420,images/run_000008/shard_0021/run_000008_img_2054.jpg,images/train/run_000008_img_2054.jpg
train,2055,run_000008_img_2055,2063305,2048,1536,132307,images/run_000008/shard_0021/run_000008_img_2055.jpg,images/train/run_000008_img_2055.jpg
train,2056,run_000008_img_2056,2064305,2048,1536,132139,images/run_000008/shard_0021/run_000008_img_2056.jpg,images/train/run_000008_img_2056.jpg
train,2057,run_000008_img_2057,2065305,2048,1536,132024,images/run_000008/shard_0021/run_000008_img_2057.jpg,images/train/run_000008_img_2057.jpg
train,2058,run_000008_img_2058,2066304,2048,1536,131934,images/run_000008/shard_0021/run_000008_img_2058.jpg,images/train/run_000008_img_2058.jpg
train,2059,run_000008_img_2059,2067302,2048,1536,131852,images/run_000008/shard_0021/run_000008_img_2059.jpg,images/train/run_000008_img_2059.jpg
train,2060,run_000008_img_2060,2068304,2048,1536,131739,images/run_000008/shard_0021/run_000008_img_2060.jpg,images/train/run_000008_img_2060.jpg
train,2061,run_000008_img_2061,2069305,2048,1536,131707,images/run_000008/shard_0021/run_000008_img_2061.jpg,images/train/run_000008_img_2061.jpg
train,2062,run_000008_img_2062,2070305,2048,1536,131649,images/run_000008/shard_0021/run_000008_img_2062.jpg,images/train/run_000008_img_2062.jpg
train,2063,run_000008_img_2063,2071305,2048,1536,131681,images/run_000008/shard_0021/run_000008_img_2063.jpg,images/train/run_000008_img_2063.jpg
train,2064,run_000008_img_2064,2072304,2048,1536,131651,images/run_000008/shard_0021/run_000008_img_2064.jpg,images/train/run_000008_img_2064.jpg
train,2065,run_000008_img_2065,2073304,2048,1536,131654,images/run_000008/shard_0021/run_000008_img_2065.jpg,images/train/run_000008_img_2065.jpg
train,2066,run_000008_img_2066,2074303,2048,1536,131638,images/run_000008/shard_0021/run_000008_img_2066.jpg,images/train/run_000008_img_2066.jpg
train,2067,run_000008_img_2067,2075304,2048,1536,131838,images/run_000008/shard_0021/run_000008_img_2067.jpg,images/train/run_000008_img_2067.jpg
train,2068,run_000008_img_2068,2076304,2048,1536,131636,images/run_000008/shard_0021/run_000008_img_2068.jpg,images/train/run_000008_img_2068.jpg
train,2069,run_000008_img_2069,2077631,2048,1536,131718,images/run_000008/shard_0021/run_000008_img_2069.jpg,images/train/run_000008_img_2069.jpg
train,2070,run_000008_img_2070,2078552,2048,1536,131665,images/run_000008/shard_0021/run_000008_img_2070.jpg,images/train/run_000008_img_2070.jpg
train,2071,run_000008_img_2071,2079451,2048,1536,131591,images/run_000008/shard_0021/run_000008_img_2071.jpg,images/train/run_000008_img_2071.jpg
train,2072,run_000008_img_2072,2080350,2048,1536,131598,images/run_000008/shard_0021/run_000008_img_2072.jpg,images/train/run_000008_img_2072.jpg
train,2073,run_000008_img_2073,2081302,2048,1536,131531,images/run_000008/shard_0021/run_000008_img_2073.jpg,images/train/run_000008_img_2073.jpg
train,2074,run_000008_img_2074,2082688,2048,1536,131572,images/run_000008/shard_0021/run_000008_img_2074.jpg,images/train/run_000008_img_2074.jpg
train,2075,run_000008_img_2075,2083588,2048,1536,131421,images/run_000008/shard_0021/run_000008_img_2075.jpg,images/train/run_000008_img_2075.jpg
train,2076,run_000008_img_2076,2084487,2048,1536,131539,images/run_000008/shard_0021/run_000008_img_2076.jpg,images/train/run_000008_img_2076.jpg
train,2077,run_000008_img_2077,2085386,2048,1536,131419,images/run_000008/shard_0021/run_000008_img_2077.jpg,images/train/run_000008_img_2077.jpg
train,2078,run_000008_img_2078,2086302,2048,1536,131494,images/run_000008/shard_0021/run_000008_img_2078.jpg,images/train/run_000008_img_2078.jpg
train,2079,run_000008_img_2079,2087306,2048,1536,131436,images/run_000008/shard_0021/run_000008_img_2079.jpg,images/train/run_000008_img_2079.jpg
train,2080,run_000008_img_2080,2088302,2048,1536,131379,images/run_000008/shard_0021/run_000008_img_2080.jpg,images/train/run_000008_img_2080.jpg
train,2081,run_000008_img_2081,2089303,2048,1536,131412,images/run_000008/shard_0021/run_000008_img_2081.jpg,images/train/run_000008_img_2081.jpg
train,2082,run_000008_img_2082,2090305,2048,1536,131253,images/run_000008/shard_0021/run_000008_img_2082.jpg,images/train/run_000008_img_2082.jpg
train,2083,run_000008_img_2083,2091302,2048,1536,131288,images/run_000008/shard_0021/run_000008_img_2083.jpg,images/train/run_000008_img_2083.jpg
train,2084,run_000008_img_2084,2092306,2048,1536,131242,images/run_000008/shard_0021/run_000008_img_2084.jpg,images/train/run_000008_img_2084.jpg
train,2085,run_000008_img_2085,2093305,2048,1536,131235,images/run_000008/shard_0021/run_000008_img_2085.jpg,images/train/run_000008_img_2085.jpg
train,2086,run_000008_img_2086,2094305,2048,1536,131251,images/run_000008/shard_0021/run_000008_img_2086.jpg,images/train/run_000008_img_2086.jpg
train,2087,run_000008_img_2087,2095307,2048,1536,131204,images/run_000008/shard_0021/run_000008_img_2087.jpg,images/train/run_000008_img_2087.jpg
train,2088,run_000008_img_2088,2096303,2048,1536,131141,images/run_000008/shard_0021/run_000008_img_2088.jpg,images/train/run_000008_img_2088.jpg
train,2089,run_000008_img_2089,2097303,2048,1536,131149,images/run_000008/shard_0021/run_000008_img_2089.jpg,images/train/run_000008_img_2089.jpg
train,2090,run_000008_img_2090,2098304,2048,1536,131044,images/run_000008/shard_0021/run_000008_img_2090.jpg,images/train/run_000008_img_2090.jpg
train,2091,run_000008_img_2091,2099325,2048,1536,130824,images/run_000008/shard_0021/run_000008_img_2091.jpg,images/train/run_000008_img_2091.jpg
train,2092,run_000008_img_2092,2100315,2048,1536,131044,images/run_000008/shard_0021/run_000008_img_2092.jpg,images/train/run_000008_img_2092.jpg
train,2093,run_000008_img_2093,2101304,2048,1536,131090,images/run_000008/shard_0021/run_000008_img_2093.jpg,images/train/run_000008_img_2093.jpg
train,2094,run_000008_img_2094,2102306,2048,1536,130993,images/run_000008/shard_0021/run_000008_img_2094.jpg,images/train/run_000008_img_2094.jpg
train,2095,run_000008_img_2095,2103429,2048,1536,131132,images/run_000008/shard_0021/run_000008_img_2095.jpg,images/train/run_000008_img_2095.jpg
train,2096,run_000008_img_2096,2104733,2048,1536,131033,images/run_000008/shard_0021/run_000008_img_2096.jpg,images/train/run_000008_img_2096.jpg
train,2097,run_000008_img_2097,2105711,2048,1536,131152,images/run_000008/shard_0021/run_000008_img_2097.jpg,images/train/run_000008_img_2097.jpg
train,2098,run_000008_img_2098,2106700,2048,1536,131288,images/run_000008/shard_0021/run_000008_img_2098.jpg,images/train/run_000008_img_2098.jpg
train,2099,run_000008_img_2099,2107689,2048,1536,131501,images/run_000008/shard_0021/run_000008_img_2099.jpg,images/train/run_000008_img_2099.jpg
train,2100,run_000008_img_2100,2108678,2048,1536,131597,images/run_000008/shard_0021/run_000008_img_2100.jpg,images/train/run_000008_img_2100.jpg
train,2101,run_000008_img_2101,2110278,2048,1536,131681,images/run_000008/shard_0022/run_000008_img_2101.jpg,images/train/run_000008_img_2101.jpg
train,2102,run_000008_img_2102,2111264,2048,1536,131608,images/run_000008/shard_0022/run_000008_img_2102.jpg,images/train/run_000008_img_2102.jpg
train,2103,run_000008_img_2103,2111916,2048,1536,131622,images/run_000008/shard_0022/run_000008_img_2103.jpg,images/train/run_000008_img_2103.jpg
train,2104,run_000008_img_2104,2112545,2048,1536,131676,images/run_000008/shard_0022/run_000008_img_2104.jpg,images/train/run_000008_img_2104.jpg
train,2105,run_000008_img_2105,2113303,2048,1536,131623,images/run_000008/shard_0022/run_000008_img_2105.jpg,images/train/run_000008_img_2105.jpg
train,2106,run_000008_img_2106,2114304,2048,1536,131744,images/run_000008/shard_0022/run_000008_img_2106.jpg,images/train/run_000008_img_2106.jpg
train,2107,run_000008_img_2107,2115302,2048,1536,131710,images/run_000008/shard_0022/run_000008_img_2107.jpg,images/train/run_000008_img_2107.jpg
train,2108,run_000008_img_2108,2116302,2048,1536,131604,images/run_000008/shard_0022/run_000008_img_2108.jpg,images/train/run_000008_img_2108.jpg
train,2109,run_000008_img_2109,2117306,2048,1536,131639,images/run_000008/shard_0022/run_000008_img_2109.jpg,images/train/run_000008_img_2109.jpg
train,2110,run_000008_img_2110,2118305,2048,1536,131711,images/run_000008/shard_0022/run_000008_img_2110.jpg,images/train/run_000008_img_2110.jpg
train,2111,run_000008_img_2111,2119302,2048,1536,131592,images/run_000008/shard_0022/run_000008_img_2111.jpg,images/train/run_000008_img_2111.jpg
train,2112,run_000008_img_2112,2120304,2048,1536,131771,images/run_000008/shard_0022/run_000008_img_2112.jpg,images/train/run_000008_img_2112.jpg
train,2113,run_000008_img_2113,2121306,2048,1536,131713,images/run_000008/shard_0022/run_000008_img_2113.jpg,images/train/run_000008_img_2113.jpg
train,2114,run_000008_img_2114,2122303,2048,1536,131782,images/run_000008/shard_0022/run_000008_img_2114.jpg,images/train/run_000008_img_2114.jpg
train,2115,run_000008_img_2115,2123306,2048,1536,131810,images/run_000008/shard_0022/run_000008_img_2115.jpg,images/train/run_000008_img_2115.jpg
train,2116,run_000008_img_2116,2124302,2048,1536,131820,images/run_000008/shard_0022/run_000008_img_2116.jpg,images/train/run_000008_img_2116.jpg
train,2117,run_000008_img_2117,2125302,2048,1536,132008,images/run_000008/shard_0022/run_000008_img_2117.jpg,images/train/run_000008_img_2117.jpg
train,2118,run_000008_img_2118,2126306,2048,1536,131883,images/run_000008/shard_0022/run_000008_img_2118.jpg,images/train/run_000008_img_2118.jpg
train,2119,run_000008_img_2119,2127306,2048,1536,132018,images/run_000008/shard_0022/run_000008_img_2119.jpg,images/train/run_000008_img_2119.jpg
train,2120,run_000008_img_2120,2128304,2048,1536,132073,images/run_000008/shard_0022/run_000008_img_2120.jpg,images/train/run_000008_img_2120.jpg
train,2121,run_000008_img_2121,2129302,2048,1536,132009,images/run_000008/shard_0022/run_000008_img_2121.jpg,images/train/run_000008_img_2121.jpg
train,2122,run_000008_img_2122,2130531,2048,1536,132460,images/run_000008/shard_0022/run_000008_img_2122.jpg,images/train/run_000008_img_2122.jpg
train,2123,run_000008_img_2123,2131790,2048,1536,132630,images/run_000008/shard_0022/run_000008_img_2123.jpg,images/train/run_000008_img_2123.jpg
train,2124,run_000008_img_2124,2132510,2048,1536,132615,images/run_000008/shard_0022/run_000008_img_2124.jpg,images/train/run_000008_img_2124.jpg
train,2125,run_000008_img_2125,2133306,2048,1536,132947,images/run_000008/shard_0022/run_000008_img_2125.jpg,images/train/run_000008_img_2125.jpg
train,2126,run_000008_img_2126,2134304,2048,1536,132771,images/run_000008/shard_0022/run_000008_img_2126.jpg,images/train/run_000008_img_2126.jpg
train,2127,run_000008_img_2127,2135302,2048,1536,132789,images/run_000008/shard_0022/run_000008_img_2127.jpg,images/train/run_000008_img_2127.jpg
train,2128,run_000008_img_2128,2136305,2048,1536,132870,images/run_000008/shard_0022/run_000008_img_2128.jpg,images/train/run_000008_img_2128.jpg
train,2129,run_000008_img_2129,2137304,2048,1536,132825,images/run_000008/shard_0022/run_000008_img_2129.jpg,images/train/run_000008_img_2129.jpg
train,2130,run_000008_img_2130,2138306,2048,1536,132939,images/run_000008/shard_0022/run_000008_img_2130.jpg,images/train/run_000008_img_2130.jpg
train,2131,run_000008_img_2131,2139305,2048,1536,132785,images/run_000008/shard_0022/run_000008_img_2131.jpg,images/train/run_000008_img_2131.jpg
train,2132,run_000008_img_2132,2140304,2048,1536,132581,images/run_000008/shard_0022/run_000008_img_2132.jpg,images/train/run_000008_img_2132.jpg
train,2133,run_000008_img_2133,2141303,2048,1536,132579,images/run_000008/shard_0022/run_000008_img_2133.jpg,images/train/run_000008_img_2133.jpg
train,2134,run_000008_img_2134,2142303,2048,1536,132440,images/run_000008/shard_0022/run_000008_img_2134.jpg,images/train/run_000008_img_2134.jpg
train,2135,run_000008_img_2135,2143304,2048,1536,132549,images/run_000008/shard_0022/run_000008_img_2135.jpg,images/train/run_000008_img_2135.jpg
train,2136,run_000008_img_2136,2144302,2048,1536,132355,images/run_000008/shard_0022/run_000008_img_2136.jpg,images/train/run_000008_img_2136.jpg
train,2137,run_000008_img_2137,2145302,2048,1536,132343,images/run_000008/shard_0022/run_000008_img_2137.jpg,images/train/run_000008_img_2137.jpg
train,2138,run_000008_img_2138,2146305,2048,1536,132390,images/run_000008/shard_0022/run_000008_img_2138.jpg,images/train/run_000008_img_2138.jpg
train,2139,run_000008_img_2139,2147304,2048,1536,132424,images/run_000008/shard_0022/run_000008_img_2139.jpg,images/train/run_000008_img_2139.jpg
train,2140,run_000008_img_2140,2148303,2048,1536,132457,images/run_000008/shard_0022/run_000008_img_2140.jpg,images/train/run_000008_img_2140.jpg
train,2141,run_000008_img_2141,2149305,2048,1536,132556,images/run_000008/shard_0022/run_000008_img_2141.jpg,images/train/run_000008_img_2141.jpg
train,2142,run_000008_img_2142,2150305,2048,1536,133002,images/run_000008/shard_0022/run_000008_img_2142.jpg,images/train/run_000008_img_2142.jpg
train,2143,run_000008_img_2143,2151304,2048,1536,133002,images/run_000008/shard_0022/run_000008_img_2143.jpg,images/train/run_000008_img_2143.jpg
train,2144,run_000008_img_2144,2152564,2048,1536,133183,images/run_000008/shard_0022/run_000008_img_2144.jpg,images/train/run_000008_img_2144.jpg
train,2145,run_000008_img_2145,2153373,2048,1536,133412,images/run_000008/shard_0022/run_000008_img_2145.jpg,images/train/run_000008_img_2145.jpg
train,2146,run_000008_img_2146,2154305,2048,1536,133471,images/run_000008/shard_0022/run_000008_img_2146.jpg,images/train/run_000008_img_2146.jpg
train,2147,run_000008_img_2147,2155302,2048,1536,133571,images/run_000008/shard_0022/run_000008_img_2147.jpg,images/train/run_000008_img_2147.jpg
train,2148,run_000008_img_2148,2156305,2048,1536,133612,images/run_000008/shard_0022/run_000008_img_2148.jpg,images/train/run_000008_img_2148.jpg
train,2149,run_000008_img_2149,2157306,2048,1536,133605,images/run_000008/shard_0022/run_000008_img_2149.jpg,images/train/run_000008_img_2149.jpg
train,2150,run_000008_img_2150,2158304,2048,1536,133494,images/run_000008/shard_0022/run_000008_img_2150.jpg,images/train/run_000008_img_2150.jpg
train,2151,run_000008_img_2151,2159302,2048,1536,133562,images/run_000008/shard_0022/run_000008_img_2151.jpg,images/train/run_000008_img_2151.jpg
train,2152,run_000008_img_2152,2160302,2048,1536,129245,images/run_000008/shard_0022/run_000008_img_2152.jpg,images/train/run_000008_img_2152.jpg
train,2153,run_000008_img_2153,2161647,2048,1536,129312,images/run_000008/shard_0022/run_000008_img_2153.jpg,images/train/run_000008_img_2153.jpg
train,2154,run_000008_img_2154,2162456,2048,1536,129374,images/run_000008/shard_0022/run_000008_img_2154.jpg,images/train/run_000008_img_2154.jpg
train,2155,run_000008_img_2155,2163303,2048,1536,129385,images/run_000008/shard_0022/run_000008_img_2155.jpg,images/train/run_000008_img_2155.jpg
train,2156,run_000008_img_2156,2164303,2048,1536,129324,images/run_000008/shard_0022/run_000008_img_2156.jpg,images/train/run_000008_img_2156.jpg
train,2157,run_000008_img_2157,2165306,2048,1536,129395,images/run_000008/shard_0022/run_000008_img_2157.jpg,images/train/run_000008_img_2157.jpg
train,2158,run_000008_img_2158,2166304,2048,1536,129417,images/run_000008/shard_0022/run_000008_img_2158.jpg,images/train/run_000008_img_2158.jpg
train,2159,run_000008_img_2159,2167305,2048,1536,129450,images/run_000008/shard_0022/run_000008_img_2159.jpg,images/train/run_000008_img_2159.jpg
train,2160,run_000008_img_2160,2168305,2048,1536,129614,images/run_000008/shard_0022/run_000008_img_2160.jpg,images/train/run_000008_img_2160.jpg
train,2161,run_000008_img_2161,2169302,2048,1536,129693,images/run_000008/shard_0022/run_000008_img_2161.jpg,images/train/run_000008_img_2161.jpg
train,2162,run_000008_img_2162,2170302,2048,1536,129650,images/run_000008/shard_0022/run_000008_img_2162.jpg,images/train/run_000008_img_2162.jpg
train,2163,run_000008_img_2163,2171302,2048,1536,129835,images/run_000008/shard_0022/run_000008_img_2163.jpg,images/train/run_000008_img_2163.jpg
train,2164,run_000008_img_2164,2172306,2048,1536,129954,images/run_000008/shard_0022/run_000008_img_2164.jpg,images/train/run_000008_img_2164.jpg
train,2165,run_000008_img_2165,2173303,2048,1536,130316,images/run_000008/shard_0022/run_000008_img_2165.jpg,images/train/run_000008_img_2165.jpg
train,2166,run_000008_img_2166,2174303,2048,1536,130472,images/run_000008/shard_0022/run_000008_img_2166.jpg,images/train/run_000008_img_2166.jpg
train,2167,run_000008_img_2167,2175305,2048,1536,130501,images/run_000008/shard_0022/run_000008_img_2167.jpg,images/train/run_000008_img_2167.jpg
train,2168,run_000008_img_2168,2176304,2048,1536,130732,images/run_000008/shard_0022/run_000008_img_2168.jpg,images/train/run_000008_img_2168.jpg
train,2169,run_000008_img_2169,2177302,2048,1536,130663,images/run_000008/shard_0022/run_000008_img_2169.jpg,images/train/run_000008_img_2169.jpg
train,2170,run_000008_img_2170,2178304,2048,1536,130725,images/run_000008/shard_0022/run_000008_img_2170.jpg,images/train/run_000008_img_2170.jpg
train,2171,run_000008_img_2171,2179304,2048,1536,130571,images/run_000008/shard_0022/run_000008_img_2171.jpg,images/train/run_000008_img_2171.jpg
train,2172,run_000008_img_2172,2180304,2048,1536,130344,images/run_000008/shard_0022/run_000008_img_2172.jpg,images/train/run_000008_img_2172.jpg
train,2173,run_000008_img_2173,2181304,2048,1536,130316,images/run_000008/shard_0022/run_000008_img_2173.jpg,images/train/run_000008_img_2173.jpg
train,2174,run_000008_img_2174,2182304,2048,1536,129814,images/run_000008/shard_0022/run_000008_img_2174.jpg,images/train/run_000008_img_2174.jpg
train,2175,run_000008_img_2175,2183307,2048,1536,129178,images/run_000008/shard_0022/run_000008_img_2175.jpg,images/train/run_000008_img_2175.jpg
train,2176,run_000008_img_2176,2184305,2048,1536,128757,images/run_000008/shard_0022/run_000008_img_2176.jpg,images/train/run_000008_img_2176.jpg
train,2177,run_000008_img_2177,2185307,2048,1536,128121,images/run_000008/shard_0022/run_000008_img_2177.jpg,images/train/run_000008_img_2177.jpg
train,2178,run_000008_img_2178,2186305,2048,1536,127798,images/run_000008/shard_0022/run_000008_img_2178.jpg,images/train/run_000008_img_2178.jpg
train,2179,run_000008_img_2179,2187306,2048,1536,129126,images/run_000008/shard_0022/run_000008_img_2179.jpg,images/train/run_000008_img_2179.jpg
train,2180,run_000008_img_2180,2188658,2048,1536,128883,images/run_000008/shard_0022/run_000008_img_2180.jpg,images/train/run_000008_img_2180.jpg
train,2181,run_000008_img_2181,2189546,2048,1536,128891,images/run_000008/shard_0022/run_000008_img_2181.jpg,images/train/run_000008_img_2181.jpg
train,2182,run_000008_img_2182,2190424,2048,1536,128859,images/run_000008/shard_0022/run_000008_img_2182.jpg,images/train/run_000008_img_2182.jpg
train,2183,run_000008_img_2183,2191324,2048,1536,128922,images/run_000008/shard_0022/run_000008_img_2183.jpg,images/train/run_000008_img_2183.jpg
train,2184,run_000008_img_2184,2192305,2048,1536,128827,images/run_000008/shard_0022/run_000008_img_2184.jpg,images/train/run_000008_img_2184.jpg
train,2185,run_000008_img_2185,2193303,2048,1536,128887,images/run_000008/shard_0022/run_000008_img_2185.jpg,images/train/run_000008_img_2185.jpg
train,2186,run_000008_img_2186,2194304,2048,1536,128880,images/run_000008/shard_0022/run_000008_img_2186.jpg,images/train/run_000008_img_2186.jpg
train,2187,run_000008_img_2187,2195306,2048,1536,128744,images/run_000008/shard_0022/run_000008_img_2187.jpg,images/train/run_000008_img_2187.jpg
train,2188,run_000008_img_2188,2196303,2048,1536,128557,images/run_000008/shard_0022/run_000008_img_2188.jpg,images/train/run_000008_img_2188.jpg
train,2189,run_000008_img_2189,2197303,2048,1536,128397,images/run_000008/shard_0022/run_000008_img_2189.jpg,images/train/run_000008_img_2189.jpg
train,2190,run_000008_img_2190,2198302,2048,1536,128299,images/run_000008/shard_0022/run_000008_img_2190.jpg,images/train/run_000008_img_2190.jpg
train,2191,run_000008_img_2191,2199305,2048,1536,128232,images/run_000008/shard_0022/run_000008_img_2191.jpg,images/train/run_000008_img_2191.jpg
train,2192,run_000008_img_2192,2200304,2048,1536,128134,images/run_000008/shard_0022/run_000008_img_2192.jpg,images/train/run_000008_img_2192.jpg
train,2193,run_000008_img_2193,2201306,2048,1536,128196,images/run_000008/shard_0022/run_000008_img_2193.jpg,images/train/run_000008_img_2193.jpg
train,2194,run_000008_img_2194,2202306,2048,1536,128157,images/run_000008/shard_0022/run_000008_img_2194.jpg,images/train/run_000008_img_2194.jpg
train,2195,run_000008_img_2195,2203306,2048,1536,127978,images/run_000008/shard_0022/run_000008_img_2195.jpg,images/train/run_000008_img_2195.jpg
train,2196,run_000008_img_2196,2204305,2048,1536,128037,images/run_000008/shard_0022/run_000008_img_2196.jpg,images/train/run_000008_img_2196.jpg
train,2197,run_000008_img_2197,2205302,2048,1536,127940,images/run_000008/shard_0022/run_000008_img_2197.jpg,images/train/run_000008_img_2197.jpg
train,2198,run_000008_img_2198,2206305,2048,1536,128084,images/run_000008/shard_0022/run_000008_img_2198.jpg,images/train/run_000008_img_2198.jpg
train,2199,run_000008_img_2199,2207305,2048,1536,128085,images/run_000008/shard_0022/run_000008_img_2199.jpg,images/train/run_000008_img_2199.jpg
train,2200,run_000008_img_2200,2208303,2048,1536,128138,images/run_000008/shard_0022/run_000008_img_2200.jpg,images/train/run_000008_img_2200.jpg
train,2201,run_000008_img_2201,2209850,2048,1536,128316,images/run_000008/shard_0023/run_000008_img_2201.jpg,images/train/run_000008_img_2201.jpg
train,2202,run_000008_img_2202,2211328,2048,1536,128505,images/run_000008/shard_0023/run_000008_img_2202.jpg,images/train/run_000008_img_2202.jpg
train,2203,run_000008_img_2203,2212331,2048,1536,128485,images/run_000008/shard_0023/run_000008_img_2203.jpg,images/train/run_000008_img_2203.jpg
train,2204,run_000008_img_2204,2213327,2048,1536,128875,images/run_000008/shard_0023/run_000008_img_2204.jpg,images/train/run_000008_img_2204.jpg
train,2205,run_000008_img_2205,2214330,2048,1536,128920,images/run_000008/shard_0023/run_000008_img_2205.jpg,images/train/run_000008_img_2205.jpg
train,2206,run_000008_img_2206,2215330,2048,1536,129025,images/run_000008/shard_0023/run_000008_img_2206.jpg,images/train/run_000008_img_2206.jpg
train,2207,run_000008_img_2207,2216330,2048,1536,128998,images/run_000008/shard_0023/run_000008_img_2207.jpg,images/train/run_000008_img_2207.jpg
train,2208,run_000008_img_2208,2217332,2048,1536,129154,images/run_000008/shard_0023/run_000008_img_2208.jpg,images/train/run_000008_img_2208.jpg
train,2209,run_000008_img_2209,2218329,2048,1536,129504,images/run_000008/shard_0023/run_000008_img_2209.jpg,images/train/run_000008_img_2209.jpg
train,2210,run_000008_img_2210,2219331,2048,1536,129510,images/run_000008/shard_0023/run_000008_img_2210.jpg,images/train/run_000008_img_2210.jpg
train,2211,run_000008_img_2211,2220330,2048,1536,129816,images/run_000008/shard_0023/run_000008_img_2211.jpg,images/train/run_000008_img_2211.jpg
train,2212,run_000008_img_2212,2221330,2048,1536,130057,images/run_000008/shard_0023/run_000008_img_2212.jpg,images/train/run_000008_img_2212.jpg
train,2213,run_000008_img_2213,2222331,2048,1536,130232,images/run_000008/shard_0023/run_000008_img_2213.jpg,images/train/run_000008_img_2213.jpg
train,2214,run_000008_img_2214,2223329,2048,1536,130346,images/run_000008/shard_0023/run_000008_img_2214.jpg,images/train/run_000008_img_2214.jpg
train,2215,run_000008_img_2215,2224598,2048,1536,130622,images/run_000008/shard_0023/run_000008_img_2215.jpg,images/train/run_000008_img_2215.jpg
train,2216,run_000008_img_2216,2225331,2048,1536,130838,images/run_000008/shard_0023/run_000008_img_2216.jpg,images/train/run_000008_img_2216.jpg
train,2217,run_000008_img_2217,2226329,2048,1536,130908,images/run_000008/shard_0023/run_000008_img_2217.jpg,images/train/run_000008_img_2217.jpg
train,2218,run_000008_img_2218,2227327,2048,1536,131032,images/run_000008/shard_0023/run_000008_img_2218.jpg,images/train/run_000008_img_2218.jpg
train,2219,run_000008_img_2219,2228328,2048,1536,131239,images/run_000008/shard_0023/run_000008_img_2219.jpg,images/train/run_000008_img_2219.jpg
train,2220,run_000008_img_2220,2229330,2048,1536,131661,images/run_000008/shard_0023/run_000008_img_2220.jpg,images/train/run_000008_img_2220.jpg
train,2221,run_000008_img_2221,2230550,2048,1536,131640,images/run_000008/shard_0023/run_000008_img_2221.jpg,images/train/run_000008_img_2221.jpg
train,2222,run_000008_img_2222,2231328,2048,1536,131463,images/run_000008/shard_0023/run_000008_img_2222.jpg,images/train/run_000008_img_2222.jpg
train,2223,run_000008_img_2223,2232329,2048,1536,131536,images/run_000008/shard_0023/run_000008_img_2223.jpg,images/train/run_000008_img_2223.jpg
train,2224,run_000008_img_2224,2233330,2048,1536,131414,images/run_000008/shard_0023/run_000008_img_2224.jpg,images/train/run_000008_img_2224.jpg
train,2225,run_000008_img_2225,2234327,2048,1536,131021,images/run_000008/shard_0023/run_000008_img_2225.jpg,images/train/run_000008_img_2225.jpg
train,2226,run_000008_img_2226,2235329,2048,1536,131121,images/run_000008/shard_0023/run_000008_img_2226.jpg,images/train/run_000008_img_2226.jpg
train,2227,run_000008_img_2227,2236330,2048,1536,130750,images/run_000008/shard_0023/run_000008_img_2227.jpg,images/train/run_000008_img_2227.jpg
train,2228,run_000008_img_2228,2237332,2048,1536,130208,images/run_000008/shard_0023/run_000008_img_2228.jpg,images/train/run_000008_img_2228.jpg
train,2229,run_000008_img_2229,2238331,2048,1536,129658,images/run_000008/shard_0023/run_000008_img_2229.jpg,images/train/run_000008_img_2229.jpg
train,2230,run_000008_img_2230,2239330,2048,1536,129105,images/run_000008/shard_0023/run_000008_img_2230.jpg,images/train/run_000008_img_2230.jpg
train,2231,run_000008_img_2231,2240330,2048,1536,128900,images/run_000008/shard_0023/run_000008_img_2231.jpg,images/train/run_000008_img_2231.jpg
train,2232,run_000008_img_2232,2241327,2048,1536,128798,images/run_000008/shard_0023/run_000008_img_2232.jpg,images/train/run_000008_img_2232.jpg
train,2233,run_000008_img_2233,2242330,2048,1536,128644,images/run_000008/shard_0023/run_000008_img_2233.jpg,images/train/run_000008_img_2233.jpg
train,2234,run_000008_img_2234,2243330,2048,1536,128834,images/run_000008/shard_0023/run_000008_img_2234.jpg,images/train/run_000008_img_2234.jpg
train,2235,run_000008_img_2235,2244329,2048,1536,128644,images/run_000008/shard_0023/run_000008_img_2235.jpg,images/train/run_000008_img_2235.jpg
train,2236,run_000008_img_2236,2245331,2048,1536,128628,images/run_000008/shard_0023/run_000008_img_2236.jpg,images/train/run_000008_img_2236.jpg
train,2237,run_000008_img_2237,2246328,2048,1536,128499,images/run_000008/shard_0023/run_000008_img_2237.jpg,images/train/run_000008_img_2237.jpg
train,2238,run_000008_img_2238,2247330,2048,1536,128406,images/run_000008/shard_0023/run_000008_img_2238.jpg,images/train/run_000008_img_2238.jpg
train,2239,run_000008_img_2239,2248328,2048,1536,128650,images/run_000008/shard_0023/run_000008_img_2239.jpg,images/train/run_000008_img_2239.jpg
train,2240,run_000008_img_2240,2249329,2048,1536,128425,images/run_000008/shard_0023/run_000008_img_2240.jpg,images/train/run_000008_img_2240.jpg
train,2241,run_000008_img_2241,2250588,2048,1536,128446,images/run_000008/shard_0023/run_000008_img_2241.jpg,images/train/run_000008_img_2241.jpg
train,2242,run_000008_img_2242,2251397,2048,1536,128515,images/run_000008/shard_0023/run_000008_img_2242.jpg,images/train/run_000008_img_2242.jpg
train,2243,run_000008_img_2243,2252330,2048,1536,128814,images/run_000008/shard_0023/run_000008_img_2243.jpg,images/train/run_000008_img_2243.jpg
train,2244,run_000008_img_2244,2253332,2048,1536,129207,images/run_000008/shard_0023/run_000008_img_2244.jpg,images/train/run_000008_img_2244.jpg
train,2245,run_000008_img_2245,2254329,2048,1536,129507,images/run_000008/shard_0023/run_000008_img_2245.jpg,images/train/run_000008_img_2245.jpg
train,2246,run_000008_img_2246,2255330,2048,1536,129727,images/run_000008/shard_0023/run_000008_img_2246.jpg,images/train/run_000008_img_2246.jpg
train,2247,run_000008_img_2247,2256331,2048,1536,130232,images/run_000008/shard_0023/run_000008_img_2247.jpg,images/train/run_000008_img_2247.jpg
train,2248,run_000008_img_2248,2257329,2048,1536,131344,images/run_000008/shard_0023/run_000008_img_2248.jpg,images/train/run_000008_img_2248.jpg
train,2249,run_000008_img_2249,2258328,2048,1536,130875,images/run_000008/shard_0023/run_000008_img_2249.jpg,images/train/run_000008_img_2249.jpg
train,2250,run_000008_img_2250,2259330,2048,1536,130428,images/run_000008/shard_0023/run_000008_img_2250.jpg,images/train/run_000008_img_2250.jpg
train,2251,run_000008_img_2251,2260331,2048,1536,130144,images/run_000008/shard_0023/run_000008_img_2251.jpg,images/train/run_000008_img_2251.jpg
train,2252,run_000008_img_2252,2261329,2048,1536,130229,images/run_000008/shard_0023/run_000008_img_2252.jpg,images/train/run_000008_img_2252.jpg
train,2253,run_000008_img_2253,2262329,2048,1536,130199,images/run_000008/shard_0023/run_000008_img_2253.jpg,images/train/run_000008_img_2253.jpg
train,2254,run_000008_img_2254,2263329,2048,1536,130320,images/run_000008/shard_0023/run_000008_img_2254.jpg,images/train/run_000008_img_2254.jpg
train,2255,run_000008_img_2255,2264328,2048,1536,130421,images/run_000008/shard_0023/run_000008_img_2255.jpg,images/train/run_000008_img_2255.jpg
train,2256,run_000008_img_2256,2265330,2048,1536,130388,images/run_000008/shard_0023/run_000008_img_2256.jpg,images/train/run_000008_img_2256.jpg
train,2257,run_000008_img_2257,2266330,2048,1536,130577,images/run_000008/shard_0023/run_000008_img_2257.jpg,images/train/run_000008_img_2257.jpg
train,2258,run_000008_img_2258,2267327,2048,1536,130584,images/run_000008/shard_0023/run_000008_img_2258.jpg,images/train/run_000008_img_2258.jpg
train,2259,run_000008_img_2259,2268331,2048,1536,130569,images/run_000008/shard_0023/run_000008_img_2259.jpg,images/train/run_000008_img_2259.jpg
train,2260,run_000008_img_2260,2269328,2048,1536,130787,images/run_000008/shard_0023/run_000008_img_2260.jpg,images/train/run_000008_img_2260.jpg
train,2261,run_000008_img_2261,2270329,2048,1536,130722,images/run_000008/shard_0023/run_000008_img_2261.jpg,images/train/run_000008_img_2261.jpg
train,2262,run_000008_img_2262,2271330,2048,1536,130540,images/run_000008/shard_0023/run_000008_img_2262.jpg,images/train/run_000008_img_2262.jpg
train,2263,run_000008_img_2263,2272330,2048,1536,130873,images/run_000008/shard_0023/run_000008_img_2263.jpg,images/train/run_000008_img_2263.jpg
train,2264,run_000008_img_2264,2273331,2048,1536,130436,images/run_000008/shard_0023/run_000008_img_2264.jpg,images/train/run_000008_img_2264.jpg
train,2265,run_000008_img_2265,2274689,2048,1536,130530,images/run_000008/shard_0023/run_000008_img_2265.jpg,images/train/run_000008_img_2265.jpg
train,2266,run_000008_img_2266,2275588,2048,1536,130748,images/run_000008/shard_0023/run_000008_img_2266.jpg,images/train/run_000008_img_2266.jpg
train,2267,run_000008_img_2267,2276401,2048,1536,130985,images/run_000008/shard_0023/run_000008_img_2267.jpg,images/train/run_000008_img_2267.jpg
train,2268,run_000008_img_2268,2277329,2048,1536,130996,images/run_000008/shard_0023/run_000008_img_2268.jpg,images/train/run_000008_img_2268.jpg
train,2269,run_000008_img_2269,2278331,2048,1536,131321,images/run_000008/shard_0023/run_000008_img_2269.jpg,images/train/run_000008_img_2269.jpg
train,2270,run_000008_img_2270,2279331,2048,1536,131663,images/run_000008/shard_0023/run_000008_img_2270.jpg,images/train/run_000008_img_2270.jpg
train,2271,run_000008_img_2271,2280330,2048,1536,131928,images/run_000008/shard_0023/run_000008_img_2271.jpg,images/train/run_000008_img_2271.jpg
train,2272,run_000008_img_2272,2281327,2048,1536,132292,images/run_000008/shard_0023/run_000008_img_2272.jpg,images/train/run_000008_img_2272.jpg
train,2273,run_000008_img_2273,2282327,2048,1536,132318,images/run_000008/shard_0023/run_000008_img_2273.jpg,images/train/run_000008_img_2273.jpg
train,2274,run_000008_img_2274,2283330,2048,1536,132533,images/run_000008/shard_0023/run_000008_img_2274.jpg,images/train/run_000008_img_2274.jpg
train,2275,run_000008_img_2275,2284761,2048,1536,132583,images/run_000008/shard_0023/run_000008_img_2275.jpg,images/train/run_000008_img_2275.jpg
train,2276,run_000008_img_2276,2285660,2048,1536,132636,images/run_000008/shard_0023/run_000008_img_2276.jpg,images/train/run_000008_img_2276.jpg
train,2277,run_000008_img_2277,2286560,2048,1536,132902,images/run_000008/shard_0023/run_000008_img_2277.jpg,images/train/run_000008_img_2277.jpg
train,2278,run_000008_img_2278,2287459,2048,1536,133013,images/run_000008/shard_0023/run_000008_img_2278.jpg,images/train/run_000008_img_2278.jpg
train,2279,run_000008_img_2279,2288359,2048,1536,133191,images/run_000008/shard_0023/run_000008_img_2279.jpg,images/train/run_000008_img_2279.jpg
train,2280,run_000008_img_2280,2289332,2048,1536,129172,images/run_000008/shard_0023/run_000008_img_2280.jpg,images/train/run_000008_img_2280.jpg
train,2281,run_000008_img_2281,2290331,2048,1536,129482,images/run_000008/shard_0023/run_000008_img_2281.jpg,images/train/run_000008_img_2281.jpg
train,2282,run_000008_img_2282,2291329,2048,1536,129611,images/run_000008/shard_0023/run_000008_img_2282.jpg,images/train/run_000008_img_2282.jpg
train,2283,run_000008_img_2283,2292331,2048,1536,130033,images/run_000008/shard_0023/run_000008_img_2283.jpg,images/train/run_000008_img_2283.jpg
train,2284,run_000008_img_2284,2293332,2048,1536,130182,images/run_000008/shard_0023/run_000008_img_2284.jpg,images/train/run_000008_img_2284.jpg
train,2285,run_000008_img_2285,2294330,2048,1536,130504,images/run_000008/shard_0023/run_000008_img_2285.jpg,images/train/run_000008_img_2285.jpg
train,2286,run_000008_img_2286,2295331,2048,1536,130811,images/run_000008/shard_0023/run_000008_img_2286.jpg,images/train/run_000008_img_2286.jpg
train,2287,run_000008_img_2287,2296331,2048,1536,131033,images/run_000008/shard_0023/run_000008_img_2287.jpg,images/train/run_000008_img_2287.jpg
train,2288,run_000008_img_2288,2297328,2048,1536,131299,images/run_000008/shard_0023/run_000008_img_2288.jpg,images/train/run_000008_img_2288.jpg
train,2289,run_000008_img_2289,2298328,2048,1536,131666,images/run_000008/shard_0023/run_000008_img_2289.jpg,images/train/run_000008_img_2289.jpg
train,2290,run_000008_img_2290,2299329,2048,1536,131779,images/run_000008/shard_0023/run_000008_img_2290.jpg,images/train/run_000008_img_2290.jpg
train,2291,run_000008_img_2291,2300331,2048,1536,132373,images/run_000008/shard_0023/run_000008_img_2291.jpg,images/train/run_000008_img_2291.jpg
train,2292,run_000008_img_2292,2301328,2048,1536,132783,images/run_000008/shard_0023/run_000008_img_2292.jpg,images/train/run_000008_img_2292.jpg
train,2293,run_000008_img_2293,2302330,2048,1536,133485,images/run_000008/shard_0023/run_000008_img_2293.jpg,images/train/run_000008_img_2293.jpg
train,2294,run_000008_img_2294,2303332,2048,1536,134244,images/run_000008/shard_0023/run_000008_img_2294.jpg,images/train/run_000008_img_2294.jpg
train,2295,run_000008_img_2295,2304331,2048,1536,131316,images/run_000008/shard_0023/run_000008_img_2295.jpg,images/train/run_000008_img_2295.jpg
train,2296,run_000008_img_2296,2305329,2048,1536,132402,images/run_000008/shard_0023/run_000008_img_2296.jpg,images/train/run_000008_img_2296.jpg
train,2297,run_000008_img_2297,2306330,2048,1536,133970,images/run_000008/shard_0023/run_000008_img_2297.jpg,images/train/run_000008_img_2297.jpg
train,2298,run_000008_img_2298,2307334,2048,1536,131476,images/run_000008/shard_0023/run_000008_img_2298.jpg,images/train/run_000008_img_2298.jpg
train,2299,run_000008_img_2299,2308772,2048,1536,132820,images/run_000008/shard_0023/run_000008_img_2299.jpg,images/train/run_000008_img_2299.jpg
train,2300,run_000008_img_2300,2309762,2048,1536,132870,images/run_000008/shard_0023/run_000008_img_2300.jpg,images/train/run_000008_img_2300.jpg
train,2301,run_000008_img_2301,2311309,2048,1536,132621,images/run_000008/shard_0024/run_000008_img_2301.jpg,images/train/run_000008_img_2301.jpg
train,2302,run_000008_img_2302,2312321,2048,1536,132265,images/run_000008/shard_0024/run_000008_img_2302.jpg,images/train/run_000008_img_2302.jpg
train,2303,run_000008_img_2303,2312999,2048,1536,131803,images/run_000008/shard_0024/run_000008_img_2303.jpg,images/train/run_000008_img_2303.jpg
train,2304,run_000008_img_2304,2313629,2048,1536,131547,images/run_000008/shard_0024/run_000008_img_2304.jpg,images/train/run_000008_img_2304.jpg
train,2305,run_000008_img_2305,2314328,2048,1536,131083,images/run_000008/shard_0024/run_000008_img_2305.jpg,images/train/run_000008_img_2305.jpg
train,2306,run_000008_img_2306,2315331,2048,1536,130702,images/run_000008/shard_0024/run_000008_img_2306.jpg,images/train/run_000008_img_2306.jpg
train,2307,run_000008_img_2307,2316327,2048,1536,130529,images/run_000008/shard_0024/run_000008_img_2307.jpg,images/train/run_000008_img_2307.jpg
train,2308,run_000008_img_2308,2317331,2048,1536,130677,images/run_000008/shard_0024/run_000008_img_2308.jpg,images/train/run_000008_img_2308.jpg
train,2309,run_000008_img_2309,2318331,2048,1536,130737,images/run_000008/shard_0024/run_000008_img_2309.jpg,images/train/run_000008_img_2309.jpg
train,2310,run_000008_img_2310,2319328,2048,1536,130483,images/run_000008/shard_0024/run_000008_img_2310.jpg,images/train/run_000008_img_2310.jpg
train,2311,run_000008_img_2311,2320486,2048,1536,130185,images/run_000008/shard_0024/run_000008_img_2311.jpg,images/train/run_000008_img_2311.jpg
train,2312,run_000008_img_2312,2321331,2048,1536,129846,images/run_000008/shard_0024/run_000008_img_2312.jpg,images/train/run_000008_img_2312.jpg
train,2313,run_000008_img_2313,2322330,2048,1536,129977,images/run_000008/shard_0024/run_000008_img_2313.jpg,images/train/run_000008_img_2313.jpg
train,2314,run_000008_img_2314,2323327,2048,1536,130254,images/run_000008/shard_0024/run_000008_img_2314.jpg,images/train/run_000008_img_2314.jpg
train,2315,run_000008_img_2315,2324327,2048,1536,130660,images/run_000008/shard_0024/run_000008_img_2315.jpg,images/train/run_000008_img_2315.jpg
train,2316,run_000008_img_2316,2325328,2048,1536,130728,images/run_000008/shard_0024/run_000008_img_2316.jpg,images/train/run_000008_img_2316.jpg
train,2317,run_000008_img_2317,2326330,2048,1536,131001,images/run_000008/shard_0024/run_000008_img_2317.jpg,images/train/run_000008_img_2317.jpg
train,2318,run_000008_img_2318,2327329,2048,1536,131274,images/run_000008/shard_0024/run_000008_img_2318.jpg,images/train/run_000008_img_2318.jpg
train,2319,run_000008_img_2319,2328327,2048,1536,131481,images/run_000008/shard_0024/run_000008_img_2319.jpg,images/train/run_000008_img_2319.jpg
train,2320,run_000008_img_2320,2329329,2048,1536,131834,images/run_000008/shard_0024/run_000008_img_2320.jpg,images/train/run_000008_img_2320.jpg
train,2321,run_000008_img_2321,2330332,2048,1536,132267,images/run_000008/shard_0024/run_000008_img_2321.jpg,images/train/run_000008_img_2321.jpg
train,2322,run_000008_img_2322,2331331,2048,1536,132346,images/run_000008/shard_0024/run_000008_img_2322.jpg,images/train/run_000008_img_2322.jpg
train,2323,run_000008_img_2323,2332329,2048,1536,132243,images/run_000008/shard_0024/run_000008_img_2323.jpg,images/train/run_000008_img_2323.jpg
train,2324,run_000008_img_2324,2333328,2048,1536,131587,images/run_000008/shard_0024/run_000008_img_2324.jpg,images/train/run_000008_img_2324.jpg
train,2325,run_000008_img_2325,2334327,2048,1536,130462,images/run_000008/shard_0024/run_000008_img_2325.jpg,images/train/run_000008_img_2325.jpg
train,2326,run_000008_img_2326,2335327,2048,1536,128213,images/run_000008/shard_0024/run_000008_img_2326.jpg,images/train/run_000008_img_2326.jpg
train,2327,run_000008_img_2327,2336330,2048,1536,128633,images/run_000008/shard_0024/run_000008_img_2327.jpg,images/train/run_000008_img_2327.jpg
train,2328,run_000008_img_2328,2337543,2048,1536,128375,images/run_000008/shard_0024/run_000008_img_2328.jpg,images/train/run_000008_img_2328.jpg
train,2329,run_000008_img_2329,2338329,2048,1536,128547,images/run_000008/shard_0024/run_000008_img_2329.jpg,images/train/run_000008_img_2329.jpg
train,2330,run_000008_img_2330,2339618,2048,1536,128594,images/run_000008/shard_0024/run_000008_img_2330.jpg,images/train/run_000008_img_2330.jpg
train,2331,run_000008_img_2331,2340348,2048,1536,128985,images/run_000008/shard_0024/run_000008_img_2331.jpg,images/train/run_000008_img_2331.jpg
train,2332,run_000008_img_2332,2341328,2048,1536,128863,images/run_000008/shard_0024/run_000008_img_2332.jpg,images/train/run_000008_img_2332.jpg
train,2333,run_000008_img_2333,2342328,2048,1536,128617,images/run_000008/shard_0024/run_000008_img_2333.jpg,images/train/run_000008_img_2333.jpg
train,2334,run_000008_img_2334,2343330,2048,1536,129518,images/run_000008/shard_0024/run_000008_img_2334.jpg,images/train/run_000008_img_2334.jpg
train,2335,run_000008_img_2335,2344332,2048,1536,129098,images/run_000008/shard_0024/run_000008_img_2335.jpg,images/train/run_000008_img_2335.jpg
train,2336,run_000008_img_2336,2345327,2048,1536,128984,images/run_000008/shard_0024/run_000008_img_2336.jpg,images/train/run_000008_img_2336.jpg
train,2337,run_000008_img_2337,2346331,2048,1536,129257,images/run_000008/shard_0024/run_000008_img_2337.jpg,images/train/run_000008_img_2337.jpg
train,2338,run_000008_img_2338,2347329,2048,1536,129841,images/run_000008/shard_0024/run_000008_img_2338.jpg,images/train/run_000008_img_2338.jpg
train,2339,run_000008_img_2339,2348330,2048,1536,132019,images/run_000008/shard_0024/run_000008_img_2339.jpg,images/train/run_000008_img_2339.jpg
train,2340,run_000008_img_2340,2349329,2048,1536,134685,images/run_000008/shard_0024/run_000008_img_2340.jpg,images/train/run_000008_img_2340.jpg
train,2341,run_000008_img_2341,2350331,2048,1536,132130,images/run_000008/shard_0024/run_000008_img_2341.jpg,images/train/run_000008_img_2341.jpg
train,2342,run_000008_img_2342,2351328,2048,1536,131911,images/run_000008/shard_0024/run_000008_img_2342.jpg,images/train/run_000008_img_2342.jpg
train,2343,run_000008_img_2343,2352329,2048,1536,133562,images/run_000008/shard_0024/run_000008_img_2343.jpg,images/train/run_000008_img_2343.jpg
train,2344,run_000008_img_2344,2353330,2048,1536,135244,images/run_000008/shard_0024/run_000008_img_2344.jpg,images/train/run_000008_img_2344.jpg
train,2345,run_000008_img_2345,2354331,2048,1536,129986,images/run_000008/shard_0024/run_000008_img_2345.jpg,images/train/run_000008_img_2345.jpg
train,2346,run_000008_img_2346,2355327,2048,1536,128543,images/run_000008/shard_0024/run_000008_img_2346.jpg,images/train/run_000008_img_2346.jpg
train,2347,run_000008_img_2347,2356331,2048,1536,129248,images/run_000008/shard_0024/run_000008_img_2347.jpg,images/train/run_000008_img_2347.jpg
train,2348,run_000008_img_2348,2357328,2048,1536,129674,images/run_000008/shard_0024/run_000008_img_2348.jpg,images/train/run_000008_img_2348.jpg
train,2349,run_000008_img_2349,2358327,2048,1536,129453,images/run_000008/shard_0024/run_000008_img_2349.jpg,images/train/run_000008_img_2349.jpg
train,2350,run_000008_img_2350,2359327,2048,1536,130618,images/run_000008/shard_0024/run_000008_img_2350.jpg,images/train/run_000008_img_2350.jpg
train,2351,run_000008_img_2351,2360328,2048,1536,130234,images/run_000008/shard_0024/run_000008_img_2351.jpg,images/train/run_000008_img_2351.jpg
train,2352,run_000008_img_2352,2361329,2048,1536,128987,images/run_000008/shard_0024/run_000008_img_2352.jpg,images/train/run_000008_img_2352.jpg
train,2353,run_000008_img_2353,2362327,2048,1536,128525,images/run_000008/shard_0024/run_000008_img_2353.jpg,images/train/run_000008_img_2353.jpg
train,2354,run_000008_img_2354,2363329,2048,1536,127816,images/run_000008/shard_0024/run_000008_img_2354.jpg,images/train/run_000008_img_2354.jpg
train,2355,run_000008_img_2355,2364328,2048,1536,128874,images/run_000008/shard_0024/run_000008_img_2355.jpg,images/train/run_000008_img_2355.jpg
train,2356,run_000008_img_2356,2365331,2048,1536,128567,images/run_000008/shard_0024/run_000008_img_2356.jpg,images/train/run_000008_img_2356.jpg
train,2357,run_000008_img_2357,2366621,2048,1536,128468,images/run_000008/shard_0024/run_000008_img_2357.jpg,images/train/run_000008_img_2357.jpg
train,2358,run_000008_img_2358,2367497,2048,1536,128231,images/run_000008/shard_0024/run_000008_img_2358.jpg,images/train/run_000008_img_2358.jpg
train,2359,run_000008_img_2359,2368332,2048,1536,128080,images/run_000008/shard_0024/run_000008_img_2359.jpg,images/train/run_000008_img_2359.jpg
train,2360,run_000008_img_2360,2369330,2048,1536,127921,images/run_000008/shard_0024/run_000008_img_2360.jpg,images/train/run_000008_img_2360.jpg
train,2361,run_000008_img_2361,2370332,2048,1536,128086,images/run_000008/shard_0024/run_000008_img_2361.jpg,images/train/run_000008_img_2361.jpg
train,2362,run_000008_img_2362,2371332,2048,1536,128007,images/run_000008/shard_0024/run_000008_img_2362.jpg,images/train/run_000008_img_2362.jpg
train,2363,run_000008_img_2363,2372328,2048,1536,127824,images/run_000008/shard_0024/run_000008_img_2363.jpg,images/train/run_000008_img_2363.jpg
train,2364,run_000008_img_2364,2373328,2048,1536,129135,images/run_000008/shard_0024/run_000008_img_2364.jpg,images/train/run_000008_img_2364.jpg
train,2365,run_000008_img_2365,2374332,2048,1536,129136,images/run_000008/shard_0024/run_000008_img_2365.jpg,images/train/run_000008_img_2365.jpg
train,2366,run_000008_img_2366,2375331,2048,1536,128967,images/run_000008/shard_0024/run_000008_img_2366.jpg,images/train/run_000008_img_2366.jpg
train,2367,run_000008_img_2367,2376330,2048,1536,128997,images/run_000008/shard_0024/run_000008_img_2367.jpg,images/train/run_000008_img_2367.jpg
train,2368,run_000008_img_2368,2377332,2048,1536,129150,images/run_000008/shard_0024/run_000008_img_2368.jpg,images/train/run_000008_img_2368.jpg
train,2369,run_000008_img_2369,2378331,2048,1536,129225,images/run_000008/shard_0024/run_000008_img_2369.jpg,images/train/run_000008_img_2369.jpg
train,2370,run_000008_img_2370,2379331,2048,1536,129139,images/run_000008/shard_0024/run_000008_img_2370.jpg,images/train/run_000008_img_2370.jpg
train,2371,run_000008_img_2371,2380330,2048,1536,129341,images/run_000008/shard_0024/run_000008_img_2371.jpg,images/train/run_000008_img_2371.jpg
train,2372,run_000008_img_2372,2381329,2048,1536,129698,images/run_000008/shard_0024/run_000008_img_2372.jpg,images/train/run_000008_img_2372.jpg
train,2373,run_000008_img_2373,2382330,2048,1536,129932,images/run_000008/shard_0024/run_000008_img_2373.jpg,images/train/run_000008_img_2373.jpg
train,2374,run_000008_img_2374,2383331,2048,1536,129964,images/run_000008/shard_0024/run_000008_img_2374.jpg,images/train/run_000008_img_2374.jpg
train,2375,run_000008_img_2375,2384331,2048,1536,129692,images/run_000008/shard_0024/run_000008_img_2375.jpg,images/train/run_000008_img_2375.jpg
train,2376,run_000008_img_2376,2385328,2048,1536,129502,images/run_000008/shard_0024/run_000008_img_2376.jpg,images/train/run_000008_img_2376.jpg
train,2377,run_000008_img_2377,2386331,2048,1536,129088,images/run_000008/shard_0024/run_000008_img_2377.jpg,images/train/run_000008_img_2377.jpg
train,2378,run_000008_img_2378,2387612,2048,1536,129014,images/run_000008/shard_0024/run_000008_img_2378.jpg,images/train/run_000008_img_2378.jpg
train,2379,run_000008_img_2379,2388630,2048,1536,128823,images/run_000008/shard_0024/run_000008_img_2379.jpg,images/train/run_000008_img_2379.jpg
train,2380,run_000008_img_2380,2389530,2048,1536,128671,images/run_000008/shard_0024/run_000008_img_2380.jpg,images/train/run_000008_img_2380.jpg
train,2381,run_000008_img_2381,2390429,2048,1536,128442,images/run_000008/shard_0024/run_000008_img_2381.jpg,images/train/run_000008_img_2381.jpg
train,2382,run_000008_img_2382,2391329,2048,1536,128085,images/run_000008/shard_0024/run_000008_img_2382.jpg,images/train/run_000008_img_2382.jpg
train,2383,run_000008_img_2383,2392328,2048,1536,127509,images/run_000008/shard_0024/run_000008_img_2383.jpg,images/train/run_000008_img_2383.jpg
train,2384,run_000008_img_2384,2393331,2048,1536,128521,images/run_000008/shard_0024/run_000008_img_2384.jpg,images/train/run_000008_img_2384.jpg
train,2385,run_000008_img_2385,2394745,2048,1536,127960,images/run_000008/shard_0024/run_000008_img_2385.jpg,images/train/run_000008_img_2385.jpg
train,2386,run_000008_img_2386,2395645,2048,1536,127424,images/run_000008/shard_0024/run_000008_img_2386.jpg,images/train/run_000008_img_2386.jpg
train,2387,run_000008_img_2387,2396544,2048,1536,126927,images/run_000008/shard_0024/run_000008_img_2387.jpg,images/train/run_000008_img_2387.jpg
train,2388,run_000008_img_2388,2397443,2048,1536,127945,images/run_000008/shard_0024/run_000008_img_2388.jpg,images/train/run_000008_img_2388.jpg
train,2389,run_000008_img_2389,2398343,2048,1536,127744,images/run_000008/shard_0024/run_000008_img_2389.jpg,images/train/run_000008_img_2389.jpg
train,2390,run_000008_img_2390,2399328,2048,1536,127491,images/run_000008/shard_0024/run_000008_img_2390.jpg,images/train/run_000008_img_2390.jpg
train,2391,run_000008_img_2391,2400330,2048,1536,127330,images/run_000008/shard_0024/run_000008_img_2391.jpg,images/train/run_000008_img_2391.jpg
train,2392,run_000008_img_2392,2401328,2048,1536,127226,images/run_000008/shard_0024/run_000008_img_2392.jpg,images/train/run_000008_img_2392.jpg
train,2393,run_000008_img_2393,2402329,2048,1536,127199,images/run_000008/shard_0024/run_000008_img_2393.jpg,images/train/run_000008_img_2393.jpg
train,2394,run_000008_img_2394,2403330,2048,1536,127336,images/run_000008/shard_0024/run_000008_img_2394.jpg,images/train/run_000008_img_2394.jpg
train,2395,run_000008_img_2395,2404331,2048,1536,127127,images/run_000008/shard_0024/run_000008_img_2395.jpg,images/train/run_000008_img_2395.jpg
train,2396,run_000008_img_2396,2405332,2048,1536,127124,images/run_000008/shard_0024/run_000008_img_2396.jpg,images/train/run_000008_img_2396.jpg
train,2397,run_000008_img_2397,2406331,2048,1536,127052,images/run_000008/shard_0024/run_000008_img_2397.jpg,images/train/run_000008_img_2397.jpg
train,2398,run_000008_img_2398,2407336,2048,1536,127076,images/run_000008/shard_0024/run_000008_img_2398.jpg,images/train/run_000008_img_2398.jpg
train,2399,run_000008_img_2399,2408332,2048,1536,127089,images/run_000008/shard_0024/run_000008_img_2399.jpg,images/train/run_000008_img_2399.jpg
train,2400,run_000008_img_2400,2409328,2048,1536,127193,images/run_000008/shard_0024/run_000008_img_2400.jpg,images/train/run_000008_img_2400.jpg
train,2401,run_000008_img_2401,2410928,2048,1536,126995,images/run_000008/shard_0025/run_000008_img_2401.jpg,images/train/run_000008_img_2401.jpg
train,2402,run_000008_img_2402,2411932,2048,1536,126867,images/run_000008/shard_0025/run_000008_img_2402.jpg,images/train/run_000008_img_2402.jpg
train,2403,run_000008_img_2403,2412552,2048,1536,126681,images/run_000008/shard_0025/run_000008_img_2403.jpg,images/train/run_000008_img_2403.jpg
train,2404,run_000008_img_2404,2413330,2048,1536,126718,images/run_000008/shard_0025/run_000008_img_2404.jpg,images/train/run_000008_img_2404.jpg
train,2405,run_000008_img_2405,2414328,2048,1536,126549,images/run_000008/shard_0025/run_000008_img_2405.jpg,images/train/run_000008_img_2405.jpg
train,2406,run_000008_img_2406,2415328,2048,1536,126637,images/run_000008/shard_0025/run_000008_img_2406.jpg,images/train/run_000008_img_2406.jpg
train,2407,run_000008_img_2407,2416330,2048,1536,126676,images/run_000008/shard_0025/run_000008_img_2407.jpg,images/train/run_000008_img_2407.jpg
train,2408,run_000008_img_2408,2417498,2048,1536,126797,images/run_000008/shard_0025/run_000008_img_2408.jpg,images/train/run_000008_img_2408.jpg
train,2409,run_000008_img_2409,2418330,2048,1536,128494,images/run_000008/shard_0025/run_000008_img_2409.jpg,images/train/run_000008_img_2409.jpg
train,2410,run_000008_img_2410,2419327,2048,1536,128581,images/run_000008/shard_0025/run_000008_img_2410.jpg,images/train/run_000008_img_2410.jpg
train,2411,run_000008_img_2411,2420328,2048,1536,128617,images/run_000008/shard_0025/run_000008_img_2411.jpg,images/train/run_000008_img_2411.jpg
train,2412,run_000008_img_2412,2421330,2048,1536,128275,images/run_000008/shard_0025/run_000008_img_2412.jpg,images/train/run_000008_img_2412.jpg
train,2413,run_000008_img_2413,2422331,2048,1536,128301,images/run_000008/shard_0025/run_000008_img_2413.jpg,images/train/run_000008_img_2413.jpg
train,2414,run_000008_img_2414,2423329,2048,1536,128078,images/run_000008/shard_0025/run_000008_img_2414.jpg,images/train/run_000008_img_2414.jpg
train,2415,run_000008_img_2415,2424329,2048,1536,127816,images/run_000008/shard_0025/run_000008_img_2415.jpg,images/train/run_000008_img_2415.jpg
train,2416,run_000008_img_2416,2425331,2048,1536,127818,images/run_000008/shard_0025/run_000008_img_2416.jpg,images/train/run_000008_img_2416.jpg
train,2417,run_000008_img_2417,2426328,2048,1536,127723,images/run_000008/shard_0025/run_000008_img_2417.jpg,images/train/run_000008_img_2417.jpg
train,2418,run_000008_img_2418,2427330,2048,1536,127732,images/run_000008/shard_0025/run_000008_img_2418.jpg,images/train/run_000008_img_2418.jpg
train,2419,run_000008_img_2419,2428328,2048,1536,127839,images/run_000008/shard_0025/run_000008_img_2419.jpg,images/train/run_000008_img_2419.jpg
train,2420,run_000008_img_2420,2429329,2048,1536,127947,images/run_000008/shard_0025/run_000008_img_2420.jpg,images/train/run_000008_img_2420.jpg
train,2421,run_000008_img_2421,2430329,2048,1536,128136,images/run_000008/shard_0025/run_000008_img_2421.jpg,images/train/run_000008_img_2421.jpg
train,2422,run_000008_img_2422,2431329,2048,1536,128244,images/run_000008/shard_0025/run_000008_img_2422.jpg,images/train/run_000008_img_2422.jpg
train,2423,run_000008_img_2423,2432442,2048,1536,128477,images/run_000008/shard_0025/run_000008_img_2423.jpg,images/train/run_000008_img_2423.jpg
train,2424,run_000008_img_2424,2433331,2048,1536,128658,images/run_000008/shard_0025/run_000008_img_2424.jpg,images/train/run_000008_img_2424.jpg
train,2425,run_000008_img_2425,2434331,2048,1536,128840,images/run_000008/shard_0025/run_000008_img_2425.jpg,images/train/run_000008_img_2425.jpg
train,2426,run_000008_img_2426,2435327,2048,1536,128939,images/run_000008/shard_0025/run_000008_img_2426.jpg,images/train/run_000008_img_2426.jpg
train,2427,run_000008_img_2427,2436328,2048,1536,129104,images/run_000008/shard_0025/run_000008_img_2427.jpg,images/train/run_000008_img_2427.jpg
train,2428,run_000008_img_2428,2437332,2048,1536,129207,images/run_000008/shard_0025/run_000008_img_2428.jpg,images/train/run_000008_img_2428.jpg
train,2429,run_000008_img_2429,2438331,2048,1536,129379,images/run_000008/shard_0025/run_000008_img_2429.jpg,images/train/run_000008_img_2429.jpg
train,2430,run_000008_img_2430,2439328,2048,1536,129515,images/run_000008/shard_0025/run_000008_img_2430.jpg,images/train/run_000008_img_2430.jpg
train,2431,run_000008_img_2431,2440329,2048,1536,129797,images/run_000008/shard_0025/run_000008_img_2431.jpg,images/train/run_000008_img_2431.jpg
train,2432,run_000008_img_2432,2441330,2048,1536,129762,images/run_000008/shard_0025/run_000008_img_2432.jpg,images/train/run_000008_img_2432.jpg
train,2433,run_000008_img_2433,2442331,2048,1536,129614,images/run_000008/shard_0025/run_000008_img_2433.jpg,images/train/run_000008_img_2433.jpg
train,2434,run_000008_img_2434,2443330,2048,1536,129665,images/run_000008/shard_0025/run_000008_img_2434.jpg,images/train/run_000008_img_2434.jpg
train,2435,run_000008_img_2435,2444329,2048,1536,129764,images/run_000008/shard_0025/run_000008_img_2435.jpg,images/train/run_000008_img_2435.jpg
train,2436,run_000008_img_2436,2445331,2048,1536,129761,images/run_000008/shard_0025/run_000008_img_2436.jpg,images/train/run_000008_img_2436.jpg
train,2437,run_000008_img_2437,2446329,2048,1536,129630,images/run_000008/shard_0025/run_000008_img_2437.jpg,images/train/run_000008_img_2437.jpg
train,2438,run_000008_img_2438,2447329,2048,1536,129791,images/run_000008/shard_0025/run_000008_img_2438.jpg,images/train/run_000008_img_2438.jpg
train,2439,run_000008_img_2439,2448666,2048,1536,130006,images/run_000008/shard_0025/run_000008_img_2439.jpg,images/train/run_000008_img_2439.jpg
train,2440,run_000008_img_2440,2449513,2048,1536,130014,images/run_000008/shard_0025/run_000008_img_2440.jpg,images/train/run_000008_img_2440.jpg
train,2441,run_000008_img_2441,2450330,2048,1536,129953,images/run_000008/shard_0025/run_000008_img_2441.jpg,images/train/run_000008_img_2441.jpg
train,2442,run_000008_img_2442,2451332,2048,1536,130045,images/run_000008/shard_0025/run_000008_img_2442.jpg,images/train/run_000008_img_2442.jpg
train,2443,run_000008_img_2443,2452330,2048,1536,130136,images/run_000008/shard_0025/run_000008_img_2443.jpg,images/train/run_000008_img_2443.jpg
train,2444,run_000008_img_2444,2453327,2048,1536,129862,images/run_000008/shard_0025/run_000008_img_2444.jpg,images/train/run_000008_img_2444.jpg
train,2445,run_000008_img_2445,2454329,2048,1536,129735,images/run_000008/shard_0025/run_000008_img_2445.jpg,images/train/run_000008_img_2445.jpg
train,2446,run_000008_img_2446,2455327,2048,1536,129561,images/run_000008/shard_0025/run_000008_img_2446.jpg,images/train/run_000008_img_2446.jpg
train,2447,run_000008_img_2447,2456328,2048,1536,129588,images/run_000008/shard_0025/run_000008_img_2447.jpg,images/train/run_000008_img_2447.jpg
train,2448,run_000008_img_2448,2457328,2048,1536,129745,images/run_000008/shard_0025/run_000008_img_2448.jpg,images/train/run_000008_img_2448.jpg
train,2449,run_000008_img_2449,2458331,2048,1536,129837,images/run_000008/shard_0025/run_000008_img_2449.jpg,images/train/run_000008_img_2449.jpg
train,2450,run_000008_img_2450,2459328,2048,1536,130098,images/run_000008/shard_0025/run_000008_img_2450.jpg,images/train/run_000008_img_2450.jpg
train,2451,run_000008_img_2451,2460330,2048,1536,130196,images/run_000008/shard_0025/run_000008_img_2451.jpg,images/train/run_000008_img_2451.jpg
train,2452,run_000008_img_2452,2461331,2048,1536,130242,images/run_000008/shard_0025/run_000008_img_2452.jpg,images/train/run_000008_img_2452.jpg
train,2453,run_000008_img_2453,2462330,2048,1536,130482,images/run_000008/shard_0025/run_000008_img_2453.jpg,images/train/run_000008_img_2453.jpg
train,2454,run_000008_img_2454,2463328,2048,1536,130733,images/run_000008/shard_0025/run_000008_img_2454.jpg,images/train/run_000008_img_2454.jpg
train,2455,run_000008_img_2455,2465132,2048,1536,130629,images/run_000008/shard_0025/run_000008_img_2455.jpg,images/train/run_000008_img_2455.jpg
train,2456,run_000008_img_2456,2465970,2048,1536,130668,images/run_000008/shard_0025/run_000008_img_2456.jpg,images/train/run_000008_img_2456.jpg
train,2457,run_000008_img_2457,2466869,2048,1536,130613,images/run_000008/shard_0025/run_000008_img_2457.jpg,images/train/run_000008_img_2457.jpg
train,2458,run_000008_img_2458,2467769,2048,1536,130430,images/run_000008/shard_0025/run_000008_img_2458.jpg,images/train/run_000008_img_2458.jpg
train,2459,run_000008_img_2459,2468584,2048,1536,130401,images/run_000008/shard_0025/run_000008_img_2459.jpg,images/train/run_000008_img_2459.jpg
train,2460,run_000008_img_2460,2469477,2048,1536,130509,images/run_000008/shard_0025/run_000008_img_2460.jpg,images/train/run_000008_img_2460.jpg
train,2461,run_000008_img_2461,2470327,2048,1536,130246,images/run_000008/shard_0025/run_000008_img_2461.jpg,images/train/run_000008_img_2461.jpg
train,2462,run_000008_img_2462,2471329,2048,1536,130322,images/run_000008/shard_0025/run_000008_img_2462.jpg,images/train/run_000008_img_2462.jpg
train,2463,run_000008_img_2463,2472328,2048,1536,130105,images/run_000008/shard_0025/run_000008_img_2463.jpg,images/train/run_000008_img_2463.jpg
train,2464,run_000008_img_2464,2473329,2048,1536,129860,images/run_000008/shard_0025/run_000008_img_2464.jpg,images/train/run_000008_img_2464.jpg
train,2465,run_000008_img_2465,2474328,2048,1536,129791,images/run_000008/shard_0025/run_000008_img_2465.jpg,images/train/run_000008_img_2465.jpg
train,2466,run_000008_img_2466,2475329,2048,1536,129676,images/run_000008/shard_0025/run_000008_img_2466.jpg,images/train/run_000008_img_2466.jpg
train,2467,run_000008_img_2467,2476331,2048,1536,129780,images/run_000008/shard_0025/run_000008_img_2467.jpg,images/train/run_000008_img_2467.jpg
train,2468,run_000008_img_2468,2477330,2048,1536,129644,images/run_000008/shard_0025/run_000008_img_2468.jpg,images/train/run_000008_img_2468.jpg
train,2469,run_000008_img_2469,2478329,2048,1536,129620,images/run_000008/shard_0025/run_000008_img_2469.jpg,images/train/run_000008_img_2469.jpg
train,2470,run_000008_img_2470,2479327,2048,1536,129610,images/run_000008/shard_0025/run_000008_img_2470.jpg,images/train/run_000008_img_2470.jpg
train,2471,run_000008_img_2471,2480328,2048,1536,129642,images/run_000008/shard_0025/run_000008_img_2471.jpg,images/train/run_000008_img_2471.jpg
train,2472,run_000008_img_2472,2481328,2048,1536,129401,images/run_000008/shard_0025/run_000008_img_2472.jpg,images/train/run_000008_img_2472.jpg
train,2473,run_000008_img_2473,2482327,2048,1536,129315,images/run_000008/shard_0025/run_000008_img_2473.jpg,images/train/run_000008_img_2473.jpg
train,2474,run_000008_img_2474,2483328,2048,1536,129144,images/run_000008/shard_0025/run_000008_img_2474.jpg,images/train/run_000008_img_2474.jpg
train,2475,run_000008_img_2475,2484331,2048,1536,129131,images/run_000008/shard_0025/run_000008_img_2475.jpg,images/train/run_000008_img_2475.jpg
train,2476,run_000008_img_2476,2485328,2048,1536,129132,images/run_000008/shard_0025/run_000008_img_2476.jpg,images/train/run_000008_img_2476.jpg
train,2477,run_000008_img_2477,2486327,2048,1536,129411,images/run_000008/shard_0025/run_000008_img_2477.jpg,images/train/run_000008_img_2477.jpg
train,2478,run_000008_img_2478,2487331,2048,1536,129814,images/run_000008/shard_0025/run_000008_img_2478.jpg,images/train/run_000008_img_2478.jpg
train,2479,run_000008_img_2479,2488329,2048,1536,130112,images/run_000008/shard_0025/run_000008_img_2479.jpg,images/train/run_000008_img_2479.jpg
train,2480,run_000008_img_2480,2489330,2048,1536,130753,images/run_000008/shard_0025/run_000008_img_2480.jpg,images/train/run_000008_img_2480.jpg
train,2481,run_000008_img_2481,2490327,2048,1536,131476,images/run_000008/shard_0025/run_000008_img_2481.jpg,images/train/run_000008_img_2481.jpg
train,2482,run_000008_img_2482,2491332,2048,1536,132148,images/run_000008/shard_0025/run_000008_img_2482.jpg,images/train/run_000008_img_2482.jpg
train,2483,run_000008_img_2483,2492769,2048,1536,133544,images/run_000008/shard_0025/run_000008_img_2483.jpg,images/train/run_000008_img_2483.jpg
train,2484,run_000008_img_2484,2493669,2048,1536,129375,images/run_000008/shard_0025/run_000008_img_2484.jpg,images/train/run_000008_img_2484.jpg
validation,2500,run_000008_img_2500,2509329,2048,1536,126959,images/run_000008/shard_0025/run_000008_img_2500.jpg,images/validation/run_000008_img_2500.jpg
validation,2501,run_000008_img_2501,2510915,2048,1536,128592,images/run_000008/shard_0026/run_000008_img_2501.jpg,images/validation/run_000008_img_2501.jpg
validation,2502,run_000008_img_2502,2512434,2048,1536,128496,images/run_000008/shard_0026/run_000008_img_2502.jpg,images/validation/run_000008_img_2502.jpg
validation,2503,run_000008_img_2503,2513434,2048,1536,128563,images/run_000008/shard_0026/run_000008_img_2503.jpg,images/validation/run_000008_img_2503.jpg
validation,2504,run_000008_img_2504,2514434,2048,1536,128571,images/run_000008/shard_0026/run_000008_img_2504.jpg,images/validation/run_000008_img_2504.jpg
validation,2505,run_000008_img_2505,2515435,2048,1536,128568,images/run_000008/shard_0026/run_000008_img_2505.jpg,images/validation/run_000008_img_2505.jpg
validation,2506,run_000008_img_2506,2516437,2048,1536,128616,images/run_000008/shard_0026/run_000008_img_2506.jpg,images/validation/run_000008_img_2506.jpg
validation,2507,run_000008_img_2507,2517437,2048,1536,128605,images/run_000008/shard_0026/run_000008_img_2507.jpg,images/validation/run_000008_img_2507.jpg
validation,2508,run_000008_img_2508,2518433,2048,1536,128443,images/run_000008/shard_0026/run_000008_img_2508.jpg,images/validation/run_000008_img_2508.jpg
validation,2509,run_000008_img_2509,2519436,2048,1536,128507,images/run_000008/shard_0026/run_000008_img_2509.jpg,images/validation/run_000008_img_2509.jpg
validation,2510,run_000008_img_2510,2520437,2048,1536,128435,images/run_000008/shard_0026/run_000008_img_2510.jpg,images/validation/run_000008_img_2510.jpg
validation,2511,run_000008_img_2511,2521435,2048,1536,128198,images/run_000008/shard_0026/run_000008_img_2511.jpg,images/validation/run_000008_img_2511.jpg
validation,2512,run_000008_img_2512,2522433,2048,1536,128214,images/run_000008/shard_0026/run_000008_img_2512.jpg,images/validation/run_000008_img_2512.jpg
validation,2513,run_000008_img_2513,2523435,2048,1536,128112,images/run_000008/shard_0026/run_000008_img_2513.jpg,images/validation/run_000008_img_2513.jpg
validation,2514,run_000008_img_2514,2524437,2048,1536,128272,images/run_000008/shard_0026/run_000008_img_2514.jpg,images/validation/run_000008_img_2514.jpg
validation,2515,run_000008_img_2515,2525434,2048,1536,128159,images/run_000008/shard_0026/run_000008_img_2515.jpg,images/validation/run_000008_img_2515.jpg
validation,2516,run_000008_img_2516,2526673,2048,1536,128068,images/run_000008/shard_0026/run_000008_img_2516.jpg,images/validation/run_000008_img_2516.jpg
validation,2517,run_000008_img_2517,2527434,2048,1536,128093,images/run_000008/shard_0026/run_000008_img_2517.jpg,images/validation/run_000008_img_2517.jpg
validation,2518,run_000008_img_2518,2528436,2048,1536,127964,images/run_000008/shard_0026/run_000008_img_2518.jpg,images/validation/run_000008_img_2518.jpg
validation,2519,run_000008_img_2519,2529436,2048,1536,127738,images/run_000008/shard_0026/run_000008_img_2519.jpg,images/validation/run_000008_img_2519.jpg
validation,2520,run_000008_img_2520,2530437,2048,1536,127450,images/run_000008/shard_0026/run_000008_img_2520.jpg,images/validation/run_000008_img_2520.jpg
validation,2521,run_000008_img_2521,2531436,2048,1536,127397,images/run_000008/shard_0026/run_000008_img_2521.jpg,images/validation/run_000008_img_2521.jpg
validation,2522,run_000008_img_2522,2532433,2048,1536,127354,images/run_000008/shard_0026/run_000008_img_2522.jpg,images/validation/run_000008_img_2522.jpg
validation,2523,run_000008_img_2523,2533508,2048,1536,127175,images/run_000008/shard_0026/run_000008_img_2523.jpg,images/validation/run_000008_img_2523.jpg
validation,2524,run_000008_img_2524,2534433,2048,1536,127238,images/run_000008/shard_0026/run_000008_img_2524.jpg,images/validation/run_000008_img_2524.jpg
validation,2525,run_000008_img_2525,2535434,2048,1536,127003,images/run_000008/shard_0026/run_000008_img_2525.jpg,images/validation/run_000008_img_2525.jpg
validation,2526,run_000008_img_2526,2536437,2048,1536,126828,images/run_000008/shard_0026/run_000008_img_2526.jpg,images/validation/run_000008_img_2526.jpg
validation,2527,run_000008_img_2527,2537437,2048,1536,126657,images/run_000008/shard_0026/run_000008_img_2527.jpg,images/validation/run_000008_img_2527.jpg
validation,2528,run_000008_img_2528,2538435,2048,1536,126706,images/run_000008/shard_0026/run_000008_img_2528.jpg,images/validation/run_000008_img_2528.jpg
validation,2529,run_000008_img_2529,2539434,2048,1536,126923,images/run_000008/shard_0026/run_000008_img_2529.jpg,images/validation/run_000008_img_2529.jpg
validation,2530,run_000008_img_2530,2540434,2048,1536,126993,images/run_000008/shard_0026/run_000008_img_2530.jpg,images/validation/run_000008_img_2530.jpg
validation,2531,run_000008_img_2531,2541435,2048,1536,127002,images/run_000008/shard_0026/run_000008_img_2531.jpg,images/validation/run_000008_img_2531.jpg
validation,2532,run_000008_img_2532,2542438,2048,1536,127082,images/run_000008/shard_0026/run_000008_img_2532.jpg,images/validation/run_000008_img_2532.jpg
validation,2533,run_000008_img_2533,2543437,2048,1536,127009,images/run_000008/shard_0026/run_000008_img_2533.jpg,images/validation/run_000008_img_2533.jpg
validation,2534,run_000008_img_2534,2544434,2048,1536,126875,images/run_000008/shard_0026/run_000008_img_2534.jpg,images/validation/run_000008_img_2534.jpg
validation,2535,run_000008_img_2535,2545436,2048,1536,126965,images/run_000008/shard_0026/run_000008_img_2535.jpg,images/validation/run_000008_img_2535.jpg
validation,2536,run_000008_img_2536,2546434,2048,1536,126992,images/run_000008/shard_0026/run_000008_img_2536.jpg,images/validation/run_000008_img_2536.jpg
validation,2537,run_000008_img_2537,2547438,2048,1536,126994,images/run_000008/shard_0026/run_000008_img_2537.jpg,images/validation/run_000008_img_2537.jpg
validation,2538,run_000008_img_2538,2548436,2048,1536,126935,images/run_000008/shard_0026/run_000008_img_2538.jpg,images/validation/run_000008_img_2538.jpg
validation,2539,run_000008_img_2539,2549434,2048,1536,126915,images/run_000008/shard_0026/run_000008_img_2539.jpg,images/validation/run_000008_img_2539.jpg
validation,2540,run_000008_img_2540,2550436,2048,1536,127117,images/run_000008/shard_0026/run_000008_img_2540.jpg,images/validation/run_000008_img_2540.jpg
validation,2541,run_000008_img_2541,2551436,2048,1536,127148,images/run_000008/shard_0026/run_000008_img_2541.jpg,images/validation/run_000008_img_2541.jpg
validation,2542,run_000008_img_2542,2552434,2048,1536,127353,images/run_000008/shard_0026/run_000008_img_2542.jpg,images/validation/run_000008_img_2542.jpg
validation,2543,run_000008_img_2543,2553434,2048,1536,127451,images/run_000008/shard_0026/run_000008_img_2543.jpg,images/validation/run_000008_img_2543.jpg
validation,2544,run_000008_img_2544,2554731,2048,1536,127478,images/run_000008/shard_0026/run_000008_img_2544.jpg,images/validation/run_000008_img_2544.jpg
validation,2545,run_000008_img_2545,2555540,2048,1536,127662,images/run_000008/shard_0026/run_000008_img_2545.jpg,images/validation/run_000008_img_2545.jpg
validation,2546,run_000008_img_2546,2556434,2048,1536,127643,images/run_000008/shard_0026/run_000008_img_2546.jpg,images/validation/run_000008_img_2546.jpg
validation,2547,run_000008_img_2547,2557434,2048,1536,127613,images/run_000008/shard_0026/run_000008_img_2547.jpg,images/validation/run_000008_img_2547.jpg
validation,2548,run_000008_img_2548,2558437,2048,1536,127882,images/run_000008/shard_0026/run_000008_img_2548.jpg,images/validation/run_000008_img_2548.jpg
validation,2549,run_000008_img_2549,2559437,2048,1536,127813,images/run_000008/shard_0026/run_000008_img_2549.jpg,images/validation/run_000008_img_2549.jpg
validation,2550,run_000008_img_2550,2560436,2048,1536,127867,images/run_000008/shard_0026/run_000008_img_2550.jpg,images/validation/run_000008_img_2550.jpg
validation,2551,run_000008_img_2551,2561435,2048,1536,127724,images/run_000008/shard_0026/run_000008_img_2551.jpg,images/validation/run_000008_img_2551.jpg
validation,2552,run_000008_img_2552,2562436,2048,1536,127797,images/run_000008/shard_0026/run_000008_img_2552.jpg,images/validation/run_000008_img_2552.jpg
validation,2553,run_000008_img_2553,2563434,2048,1536,127586,images/run_000008/shard_0026/run_000008_img_2553.jpg,images/validation/run_000008_img_2553.jpg
validation,2554,run_000008_img_2554,2564433,2048,1536,127358,images/run_000008/shard_0026/run_000008_img_2554.jpg,images/validation/run_000008_img_2554.jpg
validation,2555,run_000008_img_2555,2565434,2048,1536,127296,images/run_000008/shard_0026/run_000008_img_2555.jpg,images/validation/run_000008_img_2555.jpg
validation,2556,run_000008_img_2556,2566437,2048,1536,127343,images/run_000008/shard_0026/run_000008_img_2556.jpg,images/validation/run_000008_img_2556.jpg
validation,2557,run_000008_img_2557,2567435,2048,1536,127437,images/run_000008/shard_0026/run_000008_img_2557.jpg,images/validation/run_000008_img_2557.jpg
validation,2558,run_000008_img_2558,2568433,2048,1536,127422,images/run_000008/shard_0026/run_000008_img_2558.jpg,images/validation/run_000008_img_2558.jpg
validation,2559,run_000008_img_2559,2569434,2048,1536,127447,images/run_000008/shard_0026/run_000008_img_2559.jpg,images/validation/run_000008_img_2559.jpg
validation,2560,run_000008_img_2560,2570436,2048,1536,127371,images/run_000008/shard_0026/run_000008_img_2560.jpg,images/validation/run_000008_img_2560.jpg
validation,2561,run_000008_img_2561,2571433,2048,1536,127411,images/run_000008/shard_0026/run_000008_img_2561.jpg,images/validation/run_000008_img_2561.jpg
validation,2562,run_000008_img_2562,2572435,2048,1536,127242,images/run_000008/shard_0026/run_000008_img_2562.jpg,images/validation/run_000008_img_2562.jpg
validation,2563,run_000008_img_2563,2573433,2048,1536,127403,images/run_000008/shard_0026/run_000008_img_2563.jpg,images/validation/run_000008_img_2563.jpg
validation,2564,run_000008_img_2564,2574434,2048,1536,127412,images/run_000008/shard_0026/run_000008_img_2564.jpg,images/validation/run_000008_img_2564.jpg
validation,2565,run_000008_img_2565,2575433,2048,1536,127231,images/run_000008/shard_0026/run_000008_img_2565.jpg,images/validation/run_000008_img_2565.jpg
validation,2566,run_000008_img_2566,2576437,2048,1536,127214,images/run_000008/shard_0026/run_000008_img_2566.jpg,images/validation/run_000008_img_2566.jpg
validation,2567,run_000008_img_2567,2577437,2048,1536,127183,images/run_000008/shard_0026/run_000008_img_2567.jpg,images/validation/run_000008_img_2567.jpg
validation,2568,run_000008_img_2568,2578437,2048,1536,127129,images/run_000008/shard_0026/run_000008_img_2568.jpg,images/validation/run_000008_img_2568.jpg
validation,2569,run_000008_img_2569,2579434,2048,1536,127178,images/run_000008/shard_0026/run_000008_img_2569.jpg,images/validation/run_000008_img_2569.jpg
validation,2570,run_000008_img_2570,2580434,2048,1536,127141,images/run_000008/shard_0026/run_000008_img_2570.jpg,images/validation/run_000008_img_2570.jpg
validation,2571,run_000008_img_2571,2581435,2048,1536,127087,images/run_000008/shard_0026/run_000008_img_2571.jpg,images/validation/run_000008_img_2571.jpg
validation,2572,run_000008_img_2572,2582789,2048,1536,127068,images/run_000008/shard_0026/run_000008_img_2572.jpg,images/validation/run_000008_img_2572.jpg
validation,2573,run_000008_img_2573,2583689,2048,1536,127294,images/run_000008/shard_0026/run_000008_img_2573.jpg,images/validation/run_000008_img_2573.jpg
validation,2574,run_000008_img_2574,2584588,2048,1536,127321,images/run_000008/shard_0026/run_000008_img_2574.jpg,images/validation/run_000008_img_2574.jpg
validation,2575,run_000008_img_2575,2585487,2048,1536,127412,images/run_000008/shard_0026/run_000008_img_2575.jpg,images/validation/run_000008_img_2575.jpg
validation,2576,run_000008_img_2576,2586435,2048,1536,127546,images/run_000008/shard_0026/run_000008_img_2576.jpg,images/validation/run_000008_img_2576.jpg
validation,2577,run_000008_img_2577,2587436,2048,1536,127754,images/run_000008/shard_0026/run_000008_img_2577.jpg,images/validation/run_000008_img_2577.jpg
validation,2578,run_000008_img_2578,2588435,2048,1536,127693,images/run_000008/shard_0026/run_000008_img_2578.jpg,images/validation/run_000008_img_2578.jpg
validation,2579,run_000008_img_2579,2589436,2048,1536,127688,images/run_000008/shard_0026/run_000008_img_2579.jpg,images/validation/run_000008_img_2579.jpg
validation,2580,run_000008_img_2580,2590433,2048,1536,127700,images/run_000008/shard_0026/run_000008_img_2580.jpg,images/validation/run_000008_img_2580.jpg
validation,2581,run_000008_img_2581,2591962,2048,1536,127539,images/run_000008/shard_0026/run_000008_img_2581.jpg,images/validation/run_000008_img_2581.jpg
validation,2582,run_000008_img_2582,2592861,2048,1536,127479,images/run_000008/shard_0026/run_000008_img_2582.jpg,images/validation/run_000008_img_2582.jpg
validation,2583,run_000008_img_2583,2593761,2048,1536,127402,images/run_000008/shard_0026/run_000008_img_2583.jpg,images/validation/run_000008_img_2583.jpg
validation,2584,run_000008_img_2584,2594660,2048,1536,127167,images/run_000008/shard_0026/run_000008_img_2584.jpg,images/validation/run_000008_img_2584.jpg
validation,2585,run_000008_img_2585,2595559,2048,1536,127100,images/run_000008/shard_0026/run_000008_img_2585.jpg,images/validation/run_000008_img_2585.jpg
validation,2586,run_000008_img_2586,2596460,2048,1536,127031,images/run_000008/shard_0026/run_000008_img_2586.jpg,images/validation/run_000008_img_2586.jpg
validation,2587,run_000008_img_2587,2597437,2048,1536,126894,images/run_000008/shard_0026/run_000008_img_2587.jpg,images/validation/run_000008_img_2587.jpg
validation,2588,run_000008_img_2588,2598433,2048,1536,126697,images/run_000008/shard_0026/run_000008_img_2588.jpg,images/validation/run_000008_img_2588.jpg
validation,2589,run_000008_img_2589,2599437,2048,1536,128354,images/run_000008/shard_0026/run_000008_img_2589.jpg,images/validation/run_000008_img_2589.jpg
validation,2590,run_000008_img_2590,2600437,2048,1536,128399,images/run_000008/shard_0026/run_000008_img_2590.jpg,images/validation/run_000008_img_2590.jpg
validation,2591,run_000008_img_2591,2601436,2048,1536,128235,images/run_000008/shard_0026/run_000008_img_2591.jpg,images/validation/run_000008_img_2591.jpg
validation,2592,run_000008_img_2592,2602437,2048,1536,128201,images/run_000008/shard_0026/run_000008_img_2592.jpg,images/validation/run_000008_img_2592.jpg
validation,2593,run_000008_img_2593,2603436,2048,1536,127965,images/run_000008/shard_0026/run_000008_img_2593.jpg,images/validation/run_000008_img_2593.jpg
validation,2594,run_000008_img_2594,2604433,2048,1536,127885,images/run_000008/shard_0026/run_000008_img_2594.jpg,images/validation/run_000008_img_2594.jpg
validation,2595,run_000008_img_2595,2605437,2048,1536,127709,images/run_000008/shard_0026/run_000008_img_2595.jpg,images/validation/run_000008_img_2595.jpg
validation,2596,run_000008_img_2596,2606441,2048,1536,127512,images/run_000008/shard_0026/run_000008_img_2596.jpg,images/validation/run_000008_img_2596.jpg
validation,2597,run_000008_img_2597,2607435,2048,1536,127433,images/run_000008/shard_0026/run_000008_img_2597.jpg,images/validation/run_000008_img_2597.jpg
validation,2598,run_000008_img_2598,2608434,2048,1536,127378,images/run_000008/shard_0026/run_000008_img_2598.jpg,images/validation/run_000008_img_2598.jpg
validation,2599,run_000008_img_2599,2609437,2048,1536,127278,images/run_000008/shard_0026/run_000008_img_2599.jpg,images/validation/run_000008_img_2599.jpg
validation,2600,run_000008_img_2600,2610437,2048,1536,127086,images/run_000008/shard_0026/run_000008_img_2600.jpg,images/validation/run_000008_img_2600.jpg
validation,2601,run_000008_img_2601,2611998,2048,1536,127158,images/run_000008/shard_0027/run_000008_img_2601.jpg,images/validation/run_000008_img_2601.jpg
validation,2602,run_000008_img_2602,2613535,2048,1536,127029,images/run_000008/shard_0027/run_000008_img_2602.jpg,images/validation/run_000008_img_2602.jpg
validation,2603,run_000008_img_2603,2614538,2048,1536,127125,images/run_000008/shard_0027/run_000008_img_2603.jpg,images/validation/run_000008_img_2603.jpg
validation,2604,run_000008_img_2604,2615535,2048,1536,126851,images/run_000008/shard_0027/run_000008_img_2604.jpg,images/validation/run_000008_img_2604.jpg
validation,2605,run_000008_img_2605,2616534,2048,1536,126856,images/run_000008/shard_0027/run_000008_img_2605.jpg,images/validation/run_000008_img_2605.jpg
validation,2606,run_000008_img_2606,2617536,2048,1536,126738,images/run_000008/shard_0027/run_000008_img_2606.jpg,images/validation/run_000008_img_2606.jpg
validation,2607,run_000008_img_2607,2618534,2048,1536,126703,images/run_000008/shard_0027/run_000008_img_2607.jpg,images/validation/run_000008_img_2607.jpg
validation,2608,run_000008_img_2608,2619537,2048,1536,126521,images/run_000008/shard_0027/run_000008_img_2608.jpg,images/validation/run_000008_img_2608.jpg
validation,2609,run_000008_img_2609,2620536,2048,1536,128039,images/run_000008/shard_0027/run_000008_img_2609.jpg,images/validation/run_000008_img_2609.jpg
validation,2610,run_000008_img_2610,2621534,2048,1536,127900,images/run_000008/shard_0027/run_000008_img_2610.jpg,images/validation/run_000008_img_2610.jpg
validation,2611,run_000008_img_2611,2622538,2048,1536,127973,images/run_000008/shard_0027/run_000008_img_2611.jpg,images/validation/run_000008_img_2611.jpg
validation,2612,run_000008_img_2612,2623536,2048,1536,127933,images/run_000008/shard_0027/run_000008_img_2612.jpg,images/validation/run_000008_img_2612.jpg
validation,2613,run_000008_img_2613,2624536,2048,1536,127857,images/run_000008/shard_0027/run_000008_img_2613.jpg,images/validation/run_000008_img_2613.jpg
validation,2614,run_000008_img_2614,2625534,2048,1536,127776,images/run_000008/shard_0027/run_000008_img_2614.jpg,images/validation/run_000008_img_2614.jpg
validation,2615,run_000008_img_2615,2626534,2048,1536,127845,images/run_000008/shard_0027/run_000008_img_2615.jpg,images/validation/run_000008_img_2615.jpg
validation,2616,run_000008_img_2616,2627534,2048,1536,127753,images/run_000008/shard_0027/run_000008_img_2616.jpg,images/validation/run_000008_img_2616.jpg
validation,2617,run_000008_img_2617,2628708,2048,1536,127904,images/run_000008/shard_0027/run_000008_img_2617.jpg,images/validation/run_000008_img_2617.jpg
validation,2618,run_000008_img_2618,2629536,2048,1536,127959,images/run_000008/shard_0027/run_000008_img_2618.jpg,images/validation/run_000008_img_2618.jpg
validation,2619,run_000008_img_2619,2630536,2048,1536,127977,images/run_000008/shard_0027/run_000008_img_2619.jpg,images/validation/run_000008_img_2619.jpg
validation,2620,run_000008_img_2620,2631536,2048,1536,127922,images/run_000008/shard_0027/run_000008_img_2620.jpg,images/validation/run_000008_img_2620.jpg
validation,2621,run_000008_img_2621,2632538,2048,1536,127794,images/run_000008/shard_0027/run_000008_img_2621.jpg,images/validation/run_000008_img_2621.jpg
validation,2622,run_000008_img_2622,2633538,2048,1536,127798,images/run_000008/shard_0027/run_000008_img_2622.jpg,images/validation/run_000008_img_2622.jpg
validation,2623,run_000008_img_2623,2634534,2048,1536,127511,images/run_000008/shard_0027/run_000008_img_2623.jpg,images/validation/run_000008_img_2623.jpg
validation,2624,run_000008_img_2624,2635535,2048,1536,127440,images/run_000008/shard_0027/run_000008_img_2624.jpg,images/validation/run_000008_img_2624.jpg
validation,2625,run_000008_img_2625,2636536,2048,1536,127497,images/run_000008/shard_0027/run_000008_img_2625.jpg,images/validation/run_000008_img_2625.jpg
validation,2626,run_000008_img_2626,2637534,2048,1536,127324,images/run_000008/shard_0027/run_000008_img_2626.jpg,images/validation/run_000008_img_2626.jpg
validation,2627,run_000008_img_2627,2638535,2048,1536,127099,images/run_000008/shard_0027/run_000008_img_2627.jpg,images/validation/run_000008_img_2627.jpg
validation,2628,run_000008_img_2628,2639538,2048,1536,127096,images/run_000008/shard_0027/run_000008_img_2628.jpg,images/validation/run_000008_img_2628.jpg
validation,2629,run_000008_img_2629,2640535,2048,1536,126759,images/run_000008/shard_0027/run_000008_img_2629.jpg,images/validation/run_000008_img_2629.jpg
validation,2630,run_000008_img_2630,2641536,2048,1536,126666,images/run_000008/shard_0027/run_000008_img_2630.jpg,images/validation/run_000008_img_2630.jpg
validation,2631,run_000008_img_2631,2642537,2048,1536,126579,images/run_000008/shard_0027/run_000008_img_2631.jpg,images/validation/run_000008_img_2631.jpg
validation,2632,run_000008_img_2632,2643538,2048,1536,126440,images/run_000008/shard_0027/run_000008_img_2632.jpg,images/validation/run_000008_img_2632.jpg
validation,2633,run_000008_img_2633,2644536,2048,1536,126465,images/run_000008/shard_0027/run_000008_img_2633.jpg,images/validation/run_000008_img_2633.jpg
validation,2634,run_000008_img_2634,2645534,2048,1536,126351,images/run_000008/shard_0027/run_000008_img_2634.jpg,images/validation/run_000008_img_2634.jpg
validation,2635,run_000008_img_2635,2646550,2048,1536,126518,images/run_000008/shard_0027/run_000008_img_2635.jpg,images/validation/run_000008_img_2635.jpg
validation,2636,run_000008_img_2636,2647535,2048,1536,126609,images/run_000008/shard_0027/run_000008_img_2636.jpg,images/validation/run_000008_img_2636.jpg
validation,2637,run_000008_img_2637,2648537,2048,1536,126689,images/run_000008/shard_0027/run_000008_img_2637.jpg,images/validation/run_000008_img_2637.jpg
validation,2638,run_000008_img_2638,2649534,2048,1536,126883,images/run_000008/shard_0027/run_000008_img_2638.jpg,images/validation/run_000008_img_2638.jpg
validation,2639,run_000008_img_2639,2650534,2048,1536,126888,images/run_000008/shard_0027/run_000008_img_2639.jpg,images/validation/run_000008_img_2639.jpg
validation,2640,run_000008_img_2640,2651537,2048,1536,127089,images/run_000008/shard_0027/run_000008_img_2640.jpg,images/validation/run_000008_img_2640.jpg
validation,2641,run_000008_img_2641,2652535,2048,1536,127056,images/run_000008/shard_0027/run_000008_img_2641.jpg,images/validation/run_000008_img_2641.jpg
validation,2642,run_000008_img_2642,2653536,2048,1536,126966,images/run_000008/shard_0027/run_000008_img_2642.jpg,images/validation/run_000008_img_2642.jpg
validation,2643,run_000008_img_2643,2654823,2048,1536,127003,images/run_000008/shard_0027/run_000008_img_2643.jpg,images/validation/run_000008_img_2643.jpg
validation,2644,run_000008_img_2644,2655632,2048,1536,126876,images/run_000008/shard_0027/run_000008_img_2644.jpg,images/validation/run_000008_img_2644.jpg
validation,2645,run_000008_img_2645,2656534,2048,1536,126690,images/run_000008/shard_0027/run_000008_img_2645.jpg,images/validation/run_000008_img_2645.jpg
validation,2646,run_000008_img_2646,2657534,2048,1536,126532,images/run_000008/shard_0027/run_000008_img_2646.jpg,images/validation/run_000008_img_2646.jpg
validation,2647,run_000008_img_2647,2658535,2048,1536,128087,images/run_000008/shard_0027/run_000008_img_2647.jpg,images/validation/run_000008_img_2647.jpg
validation,2648,run_000008_img_2648,2659539,2048,1536,128114,images/run_000008/shard_0027/run_000008_img_2648.jpg,images/validation/run_000008_img_2648.jpg
validation,2649,run_000008_img_2649,2660537,2048,1536,127932,images/run_000008/shard_0027/run_000008_img_2649.jpg,images/validation/run_000008_img_2649.jpg
validation,2650,run_000008_img_2650,2661534,2048,1536,127934,images/run_000008/shard_0027/run_000008_img_2650.jpg,images/validation/run_000008_img_2650.jpg
validation,2651,run_000008_img_2651,2662537,2048,1536,127825,images/run_000008/shard_0027/run_000008_img_2651.jpg,images/validation/run_000008_img_2651.jpg
validation,2652,run_000008_img_2652,2663537,2048,1536,127826,images/run_000008/shard_0027/run_000008_img_2652.jpg,images/validation/run_000008_img_2652.jpg
validation,2653,run_000008_img_2653,2664537,2048,1536,127713,images/run_000008/shard_0027/run_000008_img_2653.jpg,images/validation/run_000008_img_2653.jpg
validation,2654,run_000008_img_2654,2665538,2048,1536,127710,images/run_000008/shard_0027/run_000008_img_2654.jpg,images/validation/run_000008_img_2654.jpg
validation,2655,run_000008_img_2655,2666538,2048,1536,127893,images/run_000008/shard_0027/run_000008_img_2655.jpg,images/validation/run_000008_img_2655.jpg
validation,2656,run_000008_img_2656,2667536,2048,1536,127756,images/run_000008/shard_0027/run_000008_img_2656.jpg,images/validation/run_000008_img_2656.jpg
validation,2657,run_000008_img_2657,2668536,2048,1536,127831,images/run_000008/shard_0027/run_000008_img_2657.jpg,images/validation/run_000008_img_2657.jpg
validation,2658,run_000008_img_2658,2669538,2048,1536,127648,images/run_000008/shard_0027/run_000008_img_2658.jpg,images/validation/run_000008_img_2658.jpg
validation,2659,run_000008_img_2659,2670534,2048,1536,127628,images/run_000008/shard_0027/run_000008_img_2659.jpg,images/validation/run_000008_img_2659.jpg
validation,2660,run_000008_img_2660,2671535,2048,1536,127360,images/run_000008/shard_0027/run_000008_img_2660.jpg,images/validation/run_000008_img_2660.jpg
validation,2661,run_000008_img_2661,2672534,2048,1536,127424,images/run_000008/shard_0027/run_000008_img_2661.jpg,images/validation/run_000008_img_2661.jpg
validation,2662,run_000008_img_2662,2673538,2048,1536,127324,images/run_000008/shard_0027/run_000008_img_2662.jpg,images/validation/run_000008_img_2662.jpg
validation,2663,run_000008_img_2663,2674534,2048,1536,127327,images/run_000008/shard_0027/run_000008_img_2663.jpg,images/validation/run_000008_img_2663.jpg
validation,2664,run_000008_img_2664,2675869,2048,1536,127217,images/run_000008/shard_0027/run_000008_img_2664.jpg,images/validation/run_000008_img_2664.jpg
validation,2665,run_000008_img_2665,2676766,2048,1536,127327,images/run_000008/shard_0027/run_000008_img_2665.jpg,images/validation/run_000008_img_2665.jpg
validation,2666,run_000008_img_2666,2677665,2048,1536,127197,images/run_000008/shard_0027/run_000008_img_2666.jpg,images/validation/run_000008_img_2666.jpg
validation,2667,run_000008_img_2667,2678565,2048,1536,127072,images/run_000008/shard_0027/run_000008_img_2667.jpg,images/validation/run_000008_img_2667.jpg
validation,2668,run_000008_img_2668,2679534,2048,1536,127212,images/run_000008/shard_0027/run_000008_img_2668.jpg,images/validation/run_000008_img_2668.jpg
validation,2669,run_000008_img_2669,2680536,2048,1536,127045,images/run_000008/shard_0027/run_000008_img_2669.jpg,images/validation/run_000008_img_2669.jpg
validation,2670,run_000008_img_2670,2681535,2048,1536,127024,images/run_000008/shard_0027/run_000008_img_2670.jpg,images/validation/run_000008_img_2670.jpg
validation,2671,run_000008_img_2671,2682971,2048,1536,126829,images/run_000008/shard_0027/run_000008_img_2671.jpg,images/validation/run_000008_img_2671.jpg
validation,2672,run_000008_img_2672,2683871,2048,1536,126993,images/run_000008/shard_0027/run_000008_img_2672.jpg,images/validation/run_000008_img_2672.jpg
validation,2673,run_000008_img_2673,2684770,2048,1536,126978,images/run_000008/shard_0027/run_000008_img_2673.jpg,images/validation/run_000008_img_2673.jpg
validation,2674,run_000008_img_2674,2685669,2048,1536,126955,images/run_000008/shard_0027/run_000008_img_2674.jpg,images/validation/run_000008_img_2674.jpg
validation,2675,run_000008_img_2675,2686658,2048,1536,126862,images/run_000008/shard_0027/run_000008_img_2675.jpg,images/validation/run_000008_img_2675.jpg
validation,2676,run_000008_img_2676,2687558,2048,1536,126809,images/run_000008/shard_0027/run_000008_img_2676.jpg,images/validation/run_000008_img_2676.jpg
validation,2677,run_000008_img_2677,2688537,2048,1536,126730,images/run_000008/shard_0027/run_000008_img_2677.jpg,images/validation/run_000008_img_2677.jpg
validation,2678,run_000008_img_2678,2689538,2048,1536,126896,images/run_000008/shard_0027/run_000008_img_2678.jpg,images/validation/run_000008_img_2678.jpg
validation,2679,run_000008_img_2679,2690538,2048,1536,126808,images/run_000008/shard_0027/run_000008_img_2679.jpg,images/validation/run_000008_img_2679.jpg
validation,2680,run_000008_img_2680,2691536,2048,1536,128035,images/run_000008/shard_0027/run_000008_img_2680.jpg,images/validation/run_000008_img_2680.jpg
validation,2681,run_000008_img_2681,2692536,2048,1536,127855,images/run_000008/shard_0027/run_000008_img_2681.jpg,images/validation/run_000008_img_2681.jpg
validation,2682,run_000008_img_2682,2693538,2048,1536,128028,images/run_000008/shard_0027/run_000008_img_2682.jpg,images/validation/run_000008_img_2682.jpg
validation,2683,run_000008_img_2683,2694535,2048,1536,127924,images/run_000008/shard_0027/run_000008_img_2683.jpg,images/validation/run_000008_img_2683.jpg
validation,2684,run_000008_img_2684,2695534,2048,1536,127835,images/run_000008/shard_0027/run_000008_img_2684.jpg,images/validation/run_000008_img_2684.jpg
validation,2685,run_000008_img_2685,2696534,2048,1536,127715,images/run_000008/shard_0027/run_000008_img_2685.jpg,images/validation/run_000008_img_2685.jpg
validation,2686,run_000008_img_2686,2697540,2048,1536,127630,images/run_000008/shard_0027/run_000008_img_2686.jpg,images/validation/run_000008_img_2686.jpg
validation,2687,run_000008_img_2687,2698537,2048,1536,127535,images/run_000008/shard_0027/run_000008_img_2687.jpg,images/validation/run_000008_img_2687.jpg
validation,2688,run_000008_img_2688,2699534,2048,1536,127721,images/run_000008/shard_0027/run_000008_img_2688.jpg,images/validation/run_000008_img_2688.jpg
validation,2689,run_000008_img_2689,2700534,2048,1536,127492,images/run_000008/shard_0027/run_000008_img_2689.jpg,images/validation/run_000008_img_2689.jpg
validation,2690,run_000008_img_2690,2701535,2048,1536,127629,images/run_000008/shard_0027/run_000008_img_2690.jpg,images/validation/run_000008_img_2690.jpg
validation,2691,run_000008_img_2691,2702576,2048,1536,127701,images/run_000008/shard_0027/run_000008_img_2691.jpg,images/validation/run_000008_img_2691.jpg
validation,2692,run_000008_img_2692,2703565,2048,1536,127875,images/run_000008/shard_0027/run_000008_img_2692.jpg,images/validation/run_000008_img_2692.jpg
validation,2693,run_000008_img_2693,2704554,2048,1536,127750,images/run_000008/shard_0027/run_000008_img_2693.jpg,images/validation/run_000008_img_2693.jpg
validation,2694,run_000008_img_2694,2705544,2048,1536,127809,images/run_000008/shard_0027/run_000008_img_2694.jpg,images/validation/run_000008_img_2694.jpg
validation,2695,run_000008_img_2695,2706536,2048,1536,127943,images/run_000008/shard_0027/run_000008_img_2695.jpg,images/validation/run_000008_img_2695.jpg
validation,2696,run_000008_img_2696,2708062,2048,1536,127856,images/run_000008/shard_0027/run_000008_img_2696.jpg,images/validation/run_000008_img_2696.jpg
validation,2697,run_000008_img_2697,2709051,2048,1536,127765,images/run_000008/shard_0027/run_000008_img_2697.jpg,images/validation/run_000008_img_2697.jpg
validation,2698,run_000008_img_2698,2710041,2048,1536,127715,images/run_000008/shard_0027/run_000008_img_2698.jpg,images/validation/run_000008_img_2698.jpg
validation,2699,run_000008_img_2699,2711029,2048,1536,127726,images/run_000008/shard_0027/run_000008_img_2699.jpg,images/validation/run_000008_img_2699.jpg
validation,2700,run_000008_img_2700,2712019,2048,1536,127651,images/run_000008/shard_0027/run_000008_img_2700.jpg,images/validation/run_000008_img_2700.jpg
validation,2701,run_000008_img_2701,2713649,2048,1536,127538,images/run_000008/shard_0028/run_000008_img_2701.jpg,images/validation/run_000008_img_2701.jpg
validation,2702,run_000008_img_2702,2714665,2048,1536,127628,images/run_000008/shard_0028/run_000008_img_2702.jpg,images/validation/run_000008_img_2702.jpg
validation,2703,run_000008_img_2703,2715652,2048,1536,127443,images/run_000008/shard_0028/run_000008_img_2703.jpg,images/validation/run_000008_img_2703.jpg
validation,2704,run_000008_img_2704,2716652,2048,1536,127330,images/run_000008/shard_0028/run_000008_img_2704.jpg,images/validation/run_000008_img_2704.jpg
validation,2705,run_000008_img_2705,2717651,2048,1536,127244,images/run_000008/shard_0028/run_000008_img_2705.jpg,images/validation/run_000008_img_2705.jpg
validation,2706,run_000008_img_2706,2718853,2048,1536,127155,images/run_000008/shard_0028/run_000008_img_2706.jpg,images/validation/run_000008_img_2706.jpg
validation,2707,run_000008_img_2707,2719653,2048,1536,127150,images/run_000008/shard_0028/run_000008_img_2707.jpg,images/validation/run_000008_img_2707.jpg
validation,2708,run_000008_img_2708,2720649,2048,1536,127318,images/run_000008/shard_0028/run_000008_img_2708.jpg,images/validation/run_000008_img_2708.jpg
validation,2709,run_000008_img_2709,2721650,2048,1536,127669,images/run_000008/shard_0028/run_000008_img_2709.jpg,images/validation/run_000008_img_2709.jpg
validation,2710,run_000008_img_2710,2722651,2048,1536,127619,images/run_000008/shard_0028/run_000008_img_2710.jpg,images/validation/run_000008_img_2710.jpg
validation,2711,run_000008_img_2711,2723652,2048,1536,127727,images/run_000008/shard_0028/run_000008_img_2711.jpg,images/validation/run_000008_img_2711.jpg
validation,2712,run_000008_img_2712,2724652,2048,1536,127745,images/run_000008/shard_0028/run_000008_img_2712.jpg,images/validation/run_000008_img_2712.jpg
validation,2713,run_000008_img_2713,2725653,2048,1536,128082,images/run_000008/shard_0028/run_000008_img_2713.jpg,images/validation/run_000008_img_2713.jpg
validation,2714,run_000008_img_2714,2726653,2048,1536,128094,images/run_000008/shard_0028/run_000008_img_2714.jpg,images/validation/run_000008_img_2714.jpg
validation,2715,run_000008_img_2715,2727650,2048,1536,128312,images/run_000008/shard_0028/run_000008_img_2715.jpg,images/validation/run_000008_img_2715.jpg
validation,2716,run_000008_img_2716,2728651,2048,1536,128450,images/run_000008/shard_0028/run_000008_img_2716.jpg,images/validation/run_000008_img_2716.jpg
validation,2717,run_000008_img_2717,2729735,2048,1536,128583,images/run_000008/shard_0028/run_000008_img_2717.jpg,images/validation/run_000008_img_2717.jpg
validation,2718,run_000008_img_2718,2730650,2048,1536,128690,images/run_000008/shard_0028/run_000008_img_2718.jpg,images/validation/run_000008_img_2718.jpg
validation,2719,run_000008_img_2719,2731651,2048,1536,128669,images/run_000008/shard_0028/run_000008_img_2719.jpg,images/validation/run_000008_img_2719.jpg
validation,2720,run_000008_img_2720,2732650,2048,1536,128552,images/run_000008/shard_0028/run_000008_img_2720.jpg,images/validation/run_000008_img_2720.jpg
validation,2721,run_000008_img_2721,2733650,2048,1536,128676,images/run_000008/shard_0028/run_000008_img_2721.jpg,images/validation/run_000008_img_2721.jpg
validation,2722,run_000008_img_2722,2734649,2048,1536,128817,images/run_000008/shard_0028/run_000008_img_2722.jpg,images/validation/run_000008_img_2722.jpg
validation,2723,run_000008_img_2723,2735650,2048,1536,129160,images/run_000008/shard_0028/run_000008_img_2723.jpg,images/validation/run_000008_img_2723.jpg
validation,2724,run_000008_img_2724,2736651,2048,1536,129065,images/run_000008/shard_0028/run_000008_img_2724.jpg,images/validation/run_000008_img_2724.jpg
validation,2725,run_000008_img_2725,2737650,2048,1536,128881,images/run_000008/shard_0028/run_000008_img_2725.jpg,images/validation/run_000008_img_2725.jpg
validation,2726,run_000008_img_2726,2738649,2048,1536,128989,images/run_000008/shard_0028/run_000008_img_2726.jpg,images/validation/run_000008_img_2726.jpg
validation,2727,run_000008_img_2727,2739650,2048,1536,128967,images/run_000008/shard_0028/run_000008_img_2727.jpg,images/validation/run_000008_img_2727.jpg
validation,2728,run_000008_img_2728,2740649,2048,1536,129116,images/run_000008/shard_0028/run_000008_img_2728.jpg,images/validation/run_000008_img_2728.jpg
validation,2729,run_000008_img_2729,2741649,2048,1536,129287,images/run_000008/shard_0028/run_000008_img_2729.jpg,images/validation/run_000008_img_2729.jpg
validation,2730,run_000008_img_2730,2742650,2048,1536,129498,images/run_000008/shard_0028/run_000008_img_2730.jpg,images/validation/run_000008_img_2730.jpg
validation,2731,run_000008_img_2731,2743650,2048,1536,129518,images/run_000008/shard_0028/run_000008_img_2731.jpg,images/validation/run_000008_img_2731.jpg
validation,2732,run_000008_img_2732,2744650,2048,1536,129800,images/run_000008/shard_0028/run_000008_img_2732.jpg,images/validation/run_000008_img_2732.jpg
validation,2733,run_000008_img_2733,2745652,2048,1536,130049,images/run_000008/shard_0028/run_000008_img_2733.jpg,images/validation/run_000008_img_2733.jpg
validation,2734,run_000008_img_2734,2746912,2048,1536,130047,images/run_000008/shard_0028/run_000008_img_2734.jpg,images/validation/run_000008_img_2734.jpg
validation,2735,run_000008_img_2735,2747721,2048,1536,130169,images/run_000008/shard_0028/run_000008_img_2735.jpg,images/validation/run_000008_img_2735.jpg
validation,2736,run_000008_img_2736,2748650,2048,1536,130323,images/run_000008/shard_0028/run_000008_img_2736.jpg,images/validation/run_000008_img_2736.jpg
validation,2737,run_000008_img_2737,2749651,2048,1536,130531,images/run_000008/shard_0028/run_000008_img_2737.jpg,images/validation/run_000008_img_2737.jpg
validation,2738,run_000008_img_2738,2750648,2048,1536,130640,images/run_000008/shard_0028/run_000008_img_2738.jpg,images/validation/run_000008_img_2738.jpg
validation,2739,run_000008_img_2739,2751651,2048,1536,130662,images/run_000008/shard_0028/run_000008_img_2739.jpg,images/validation/run_000008_img_2739.jpg
validation,2740,run_000008_img_2740,2752649,2048,1536,130962,images/run_000008/shard_0028/run_000008_img_2740.jpg,images/validation/run_000008_img_2740.jpg
validation,2741,run_000008_img_2741,2753650,2048,1536,130920,images/run_000008/shard_0028/run_000008_img_2741.jpg,images/validation/run_000008_img_2741.jpg
validation,2742,run_000008_img_2742,2754648,2048,1536,130900,images/run_000008/shard_0028/run_000008_img_2742.jpg,images/validation/run_000008_img_2742.jpg
validation,2743,run_000008_img_2743,2755648,2048,1536,130942,images/run_000008/shard_0028/run_000008_img_2743.jpg,images/validation/run_000008_img_2743.jpg
validation,2744,run_000008_img_2744,2756648,2048,1536,130852,images/run_000008/shard_0028/run_000008_img_2744.jpg,images/validation/run_000008_img_2744.jpg
validation,2745,run_000008_img_2745,2757648,2048,1536,130821,images/run_000008/shard_0028/run_000008_img_2745.jpg,images/validation/run_000008_img_2745.jpg
validation,2746,run_000008_img_2746,2758649,2048,1536,130905,images/run_000008/shard_0028/run_000008_img_2746.jpg,images/validation/run_000008_img_2746.jpg
validation,2747,run_000008_img_2747,2759650,2048,1536,131168,images/run_000008/shard_0028/run_000008_img_2747.jpg,images/validation/run_000008_img_2747.jpg
validation,2748,run_000008_img_2748,2760649,2048,1536,131279,images/run_000008/shard_0028/run_000008_img_2748.jpg,images/validation/run_000008_img_2748.jpg
validation,2749,run_000008_img_2749,2761651,2048,1536,127528,images/run_000008/shard_0028/run_000008_img_2749.jpg,images/validation/run_000008_img_2749.jpg
validation,2750,run_000008_img_2750,2762652,2048,1536,127765,images/run_000008/shard_0028/run_000008_img_2750.jpg,images/validation/run_000008_img_2750.jpg
validation,2751,run_000008_img_2751,2763652,2048,1536,127862,images/run_000008/shard_0028/run_000008_img_2751.jpg,images/validation/run_000008_img_2751.jpg
validation,2752,run_000008_img_2752,2764649,2048,1536,128067,images/run_000008/shard_0028/run_000008_img_2752.jpg,images/validation/run_000008_img_2752.jpg
validation,2753,run_000008_img_2753,2765650,2048,1536,128143,images/run_000008/shard_0028/run_000008_img_2753.jpg,images/validation/run_000008_img_2753.jpg
validation,2754,run_000008_img_2754,2766648,2048,1536,128441,images/run_000008/shard_0028/run_000008_img_2754.jpg,images/validation/run_000008_img_2754.jpg
validation,2755,run_000008_img_2755,2767651,2048,1536,128556,images/run_000008/shard_0028/run_000008_img_2755.jpg,images/validation/run_000008_img_2755.jpg
validation,2756,run_000008_img_2756,2768651,2048,1536,128815,images/run_000008/shard_0028/run_000008_img_2756.jpg,images/validation/run_000008_img_2756.jpg
validation,2757,run_000008_img_2757,2769651,2048,1536,129312,images/run_000008/shard_0028/run_000008_img_2757.jpg,images/validation/run_000008_img_2757.jpg
validation,2758,run_000008_img_2758,2770651,2048,1536,129867,images/run_000008/shard_0028/run_000008_img_2758.jpg,images/validation/run_000008_img_2758.jpg
validation,2759,run_000008_img_2759,2771968,2048,1536,130461,images/run_000008/shard_0028/run_000008_img_2759.jpg,images/validation/run_000008_img_2759.jpg
validation,2760,run_000008_img_2760,2772811,2048,1536,130681,images/run_000008/shard_0028/run_000008_img_2760.jpg,images/validation/run_000008_img_2760.jpg
validation,2761,run_000008_img_2761,2773653,2048,1536,131235,images/run_000008/shard_0028/run_000008_img_2761.jpg,images/validation/run_000008_img_2761.jpg
validation,2762,run_000008_img_2762,2774652,2048,1536,131372,images/run_000008/shard_0028/run_000008_img_2762.jpg,images/validation/run_000008_img_2762.jpg
validation,2763,run_000008_img_2763,2775648,2048,1536,131790,images/run_000008/shard_0028/run_000008_img_2763.jpg,images/validation/run_000008_img_2763.jpg
validation,2764,run_000008_img_2764,2776651,2048,1536,132202,images/run_000008/shard_0028/run_000008_img_2764.jpg,images/validation/run_000008_img_2764.jpg
validation,2765,run_000008_img_2765,2777652,2048,1536,132622,images/run_000008/shard_0028/run_000008_img_2765.jpg,images/validation/run_000008_img_2765.jpg
validation,2766,run_000008_img_2766,2778652,2048,1536,129342,images/run_000008/shard_0028/run_000008_img_2766.jpg,images/validation/run_000008_img_2766.jpg
validation,2767,run_000008_img_2767,2779652,2048,1536,130116,images/run_000008/shard_0028/run_000008_img_2767.jpg,images/validation/run_000008_img_2767.jpg
validation,2768,run_000008_img_2768,2780998,2048,1536,131334,images/run_000008/shard_0028/run_000008_img_2768.jpg,images/validation/run_000008_img_2768.jpg
validation,2769,run_000008_img_2769,2781894,2048,1536,132505,images/run_000008/shard_0028/run_000008_img_2769.jpg,images/validation/run_000008_img_2769.jpg
validation,2770,run_000008_img_2770,2782793,2048,1536,130596,images/run_000008/shard_0028/run_000008_img_2770.jpg,images/validation/run_000008_img_2770.jpg
validation,2771,run_000008_img_2771,2783693,2048,1536,133284,images/run_000008/shard_0028/run_000008_img_2771.jpg,images/validation/run_000008_img_2771.jpg
validation,2772,run_000008_img_2772,2784652,2048,1536,132841,images/run_000008/shard_0028/run_000008_img_2772.jpg,images/validation/run_000008_img_2772.jpg
validation,2773,run_000008_img_2773,2785651,2048,1536,135640,images/run_000008/shard_0028/run_000008_img_2773.jpg,images/validation/run_000008_img_2773.jpg
validation,2774,run_000008_img_2774,2786652,2048,1536,134619,images/run_000008/shard_0028/run_000008_img_2774.jpg,images/validation/run_000008_img_2774.jpg
validation,2775,run_000008_img_2775,2787649,2048,1536,136827,images/run_000008/shard_0028/run_000008_img_2775.jpg,images/validation/run_000008_img_2775.jpg
validation,2776,run_000008_img_2776,2788649,2048,1536,134626,images/run_000008/shard_0028/run_000008_img_2776.jpg,images/validation/run_000008_img_2776.jpg
validation,2777,run_000008_img_2777,2789648,2048,1536,136035,images/run_000008/shard_0028/run_000008_img_2777.jpg,images/validation/run_000008_img_2777.jpg
validation,2778,run_000008_img_2778,2790648,2048,1536,136079,images/run_000008/shard_0028/run_000008_img_2778.jpg,images/validation/run_000008_img_2778.jpg
validation,2779,run_000008_img_2779,2791651,2048,1536,132319,images/run_000008/shard_0028/run_000008_img_2779.jpg,images/validation/run_000008_img_2779.jpg
validation,2780,run_000008_img_2780,2792649,2048,1536,132435,images/run_000008/shard_0028/run_000008_img_2780.jpg,images/validation/run_000008_img_2780.jpg
validation,2781,run_000008_img_2781,2793652,2048,1536,131674,images/run_000008/shard_0028/run_000008_img_2781.jpg,images/validation/run_000008_img_2781.jpg
validation,2782,run_000008_img_2782,2794648,2048,1536,135783,images/run_000008/shard_0028/run_000008_img_2782.jpg,images/validation/run_000008_img_2782.jpg
validation,2783,run_000008_img_2783,2795648,2048,1536,136956,images/run_000008/shard_0028/run_000008_img_2783.jpg,images/validation/run_000008_img_2783.jpg
validation,2784,run_000008_img_2784,2796649,2048,1536,137602,images/run_000008/shard_0028/run_000008_img_2784.jpg,images/validation/run_000008_img_2784.jpg
validation,2785,run_000008_img_2785,2797650,2048,1536,135414,images/run_000008/shard_0028/run_000008_img_2785.jpg,images/validation/run_000008_img_2785.jpg
validation,2786,run_000008_img_2786,2798650,2048,1536,136121,images/run_000008/shard_0028/run_000008_img_2786.jpg,images/validation/run_000008_img_2786.jpg
validation,2787,run_000008_img_2787,2799651,2048,1536,136495,images/run_000008/shard_0028/run_000008_img_2787.jpg,images/validation/run_000008_img_2787.jpg
validation,2788,run_000008_img_2788,2800648,2048,1536,134568,images/run_000008/shard_0028/run_000008_img_2788.jpg,images/validation/run_000008_img_2788.jpg
validation,2789,run_000008_img_2789,2801650,2048,1536,134951,images/run_000008/shard_0028/run_000008_img_2789.jpg,images/validation/run_000008_img_2789.jpg
validation,2790,run_000008_img_2790,2802652,2048,1536,135874,images/run_000008/shard_0028/run_000008_img_2790.jpg,images/validation/run_000008_img_2790.jpg
validation,2791,run_000008_img_2791,2804083,2048,1536,134169,images/run_000008/shard_0028/run_000008_img_2791.jpg,images/validation/run_000008_img_2791.jpg
validation,2792,run_000008_img_2792,2805021,2048,1536,132899,images/run_000008/shard_0028/run_000008_img_2792.jpg,images/validation/run_000008_img_2792.jpg
validation,2793,run_000008_img_2793,2805996,2048,1536,131260,images/run_000008/shard_0028/run_000008_img_2793.jpg,images/validation/run_000008_img_2793.jpg
validation,2794,run_000008_img_2794,2806985,2048,1536,131702,images/run_000008/shard_0028/run_000008_img_2794.jpg,images/validation/run_000008_img_2794.jpg
validation,2795,run_000008_img_2795,2807974,2048,1536,132153,images/run_000008/shard_0028/run_000008_img_2795.jpg,images/validation/run_000008_img_2795.jpg
validation,2796,run_000008_img_2796,2808963,2048,1536,132387,images/run_000008/shard_0028/run_000008_img_2796.jpg,images/validation/run_000008_img_2796.jpg
validation,2797,run_000008_img_2797,2810042,2048,1536,131252,images/run_000008/shard_0028/run_000008_img_2797.jpg,images/validation/run_000008_img_2797.jpg
validation,2798,run_000008_img_2798,2811032,2048,1536,130265,images/run_000008/shard_0028/run_000008_img_2798.jpg,images/validation/run_000008_img_2798.jpg
validation,2799,run_000008_img_2799,2812021,2048,1536,129268,images/run_000008/shard_0028/run_000008_img_2799.jpg,images/validation/run_000008_img_2799.jpg
validation,2800,run_000008_img_2800,2813010,2048,1536,129588,images/run_000008/shard_0028/run_000008_img_2800.jpg,images/validation/run_000008_img_2800.jpg
validation,2801,run_000008_img_2801,2814575,2048,1536,129919,images/run_000008/shard_0029/run_000008_img_2801.jpg,images/validation/run_000008_img_2801.jpg
validation,2802,run_000008_img_2802,2815588,2048,1536,131789,images/run_000008/shard_0029/run_000008_img_2802.jpg,images/validation/run_000008_img_2802.jpg
validation,2803,run_000008_img_2803,2816248,2048,1536,133301,images/run_000008/shard_0029/run_000008_img_2803.jpg,images/validation/run_000008_img_2803.jpg
validation,2804,run_000008_img_2804,2816877,2048,1536,133636,images/run_000008/shard_0029/run_000008_img_2804.jpg,images/validation/run_000008_img_2804.jpg
validation,2805,run_000008_img_2805,2817648,2048,1536,133646,images/run_000008/shard_0029/run_000008_img_2805.jpg,images/validation/run_000008_img_2805.jpg
validation,2806,run_000008_img_2806,2818855,2048,1536,134896,images/run_000008/shard_0029/run_000008_img_2806.jpg,images/validation/run_000008_img_2806.jpg
validation,2807,run_000008_img_2807,2819652,2048,1536,133556,images/run_000008/shard_0029/run_000008_img_2807.jpg,images/validation/run_000008_img_2807.jpg
validation,2808,run_000008_img_2808,2820649,2048,1536,134163,images/run_000008/shard_0029/run_000008_img_2808.jpg,images/validation/run_000008_img_2808.jpg
validation,2809,run_000008_img_2809,2821649,2048,1536,136606,images/run_000008/shard_0029/run_000008_img_2809.jpg,images/validation/run_000008_img_2809.jpg
validation,2810,run_000008_img_2810,2822652,2048,1536,137639,images/run_000008/shard_0029/run_000008_img_2810.jpg,images/validation/run_000008_img_2810.jpg
validation,2811,run_000008_img_2811,2823649,2048,1536,135018,images/run_000008/shard_0029/run_000008_img_2811.jpg,images/validation/run_000008_img_2811.jpg
validation,2812,run_000008_img_2812,2824649,2048,1536,135932,images/run_000008/shard_0029/run_000008_img_2812.jpg,images/validation/run_000008_img_2812.jpg
validation,2813,run_000008_img_2813,2825652,2048,1536,136325,images/run_000008/shard_0029/run_000008_img_2813.jpg,images/validation/run_000008_img_2813.jpg
validation,2814,run_000008_img_2814,2826652,2048,1536,136788,images/run_000008/shard_0029/run_000008_img_2814.jpg,images/validation/run_000008_img_2814.jpg
validation,2815,run_000008_img_2815,2827650,2048,1536,134554,images/run_000008/shard_0029/run_000008_img_2815.jpg,images/validation/run_000008_img_2815.jpg
validation,2816,run_000008_img_2816,2828649,2048,1536,133676,images/run_000008/shard_0029/run_000008_img_2816.jpg,images/validation/run_000008_img_2816.jpg
validation,2817,run_000008_img_2817,2829650,2048,1536,132709,images/run_000008/shard_0029/run_000008_img_2817.jpg,images/validation/run_000008_img_2817.jpg
validation,2818,run_000008_img_2818,2830652,2048,1536,133661,images/run_000008/shard_0029/run_000008_img_2818.jpg,images/validation/run_000008_img_2818.jpg
validation,2819,run_000008_img_2819,2831895,2048,1536,130550,images/run_000008/shard_0029/run_000008_img_2819.jpg,images/validation/run_000008_img_2819.jpg
validation,2820,run_000008_img_2820,2832649,2048,1536,130286,images/run_000008/shard_0029/run_000008_img_2820.jpg,images/validation/run_000008_img_2820.jpg
validation,2821,run_000008_img_2821,2833648,2048,1536,129782,images/run_000008/shard_0029/run_000008_img_2821.jpg,images/validation/run_000008_img_2821.jpg
validation,2822,run_000008_img_2822,2834648,2048,1536,130600,images/run_000008/shard_0029/run_000008_img_2822.jpg,images/validation/run_000008_img_2822.jpg
validation,2823,run_000008_img_2823,2835650,2048,1536,131333,images/run_000008/shard_0029/run_000008_img_2823.jpg,images/validation/run_000008_img_2823.jpg
validation,2824,run_000008_img_2824,2836651,2048,1536,131572,images/run_000008/shard_0029/run_000008_img_2824.jpg,images/validation/run_000008_img_2824.jpg
validation,2825,run_000008_img_2825,2837650,2048,1536,132036,images/run_000008/shard_0029/run_000008_img_2825.jpg,images/validation/run_000008_img_2825.jpg
validation,2826,run_000008_img_2826,2838651,2048,1536,133269,images/run_000008/shard_0029/run_000008_img_2826.jpg,images/validation/run_000008_img_2826.jpg
validation,2827,run_000008_img_2827,2839652,2048,1536,136741,images/run_000008/shard_0029/run_000008_img_2827.jpg,images/validation/run_000008_img_2827.jpg
validation,2828,run_000008_img_2828,2840649,2048,1536,133483,images/run_000008/shard_0029/run_000008_img_2828.jpg,images/validation/run_000008_img_2828.jpg
validation,2829,run_000008_img_2829,2841698,2048,1536,132726,images/run_000008/shard_0029/run_000008_img_2829.jpg,images/validation/run_000008_img_2829.jpg
validation,2830,run_000008_img_2830,2842650,2048,1536,135400,images/run_000008/shard_0029/run_000008_img_2830.jpg,images/validation/run_000008_img_2830.jpg
validation,2831,run_000008_img_2831,2843651,2048,1536,135065,images/run_000008/shard_0029/run_000008_img_2831.jpg,images/validation/run_000008_img_2831.jpg
validation,2832,run_000008_img_2832,2844648,2048,1536,131977,images/run_000008/shard_0029/run_000008_img_2832.jpg,images/validation/run_000008_img_2832.jpg
validation,2833,run_000008_img_2833,2845649,2048,1536,133046,images/run_000008/shard_0029/run_000008_img_2833.jpg,images/validation/run_000008_img_2833.jpg
validation,2834,run_000008_img_2834,2846648,2048,1536,137426,images/run_000008/shard_0029/run_000008_img_2834.jpg,images/validation/run_000008_img_2834.jpg
validation,2835,run_000008_img_2835,2847650,2048,1536,137003,images/run_000008/shard_0029/run_000008_img_2835.jpg,images/validation/run_000008_img_2835.jpg
validation,2836,run_000008_img_2836,2848648,2048,1536,134720,images/run_000008/shard_0029/run_000008_img_2836.jpg,images/validation/run_000008_img_2836.jpg
validation,2837,run_000008_img_2837,2849653,2048,1536,133136,images/run_000008/shard_0029/run_000008_img_2837.jpg,images/validation/run_000008_img_2837.jpg
validation,2838,run_000008_img_2838,2850648,2048,1536,132932,images/run_000008/shard_0029/run_000008_img_2838.jpg,images/validation/run_000008_img_2838.jpg
validation,2839,run_000008_img_2839,2851650,2048,1536,132481,images/run_000008/shard_0029/run_000008_img_2839.jpg,images/validation/run_000008_img_2839.jpg
validation,2840,run_000008_img_2840,2852651,2048,1536,134122,images/run_000008/shard_0029/run_000008_img_2840.jpg,images/validation/run_000008_img_2840.jpg
validation,2841,run_000008_img_2841,2853650,2048,1536,131377,images/run_000008/shard_0029/run_000008_img_2841.jpg,images/validation/run_000008_img_2841.jpg
validation,2842,run_000008_img_2842,2854651,2048,1536,133510,images/run_000008/shard_0029/run_000008_img_2842.jpg,images/validation/run_000008_img_2842.jpg
validation,2843,run_000008_img_2843,2855650,2048,1536,132892,images/run_000008/shard_0029/run_000008_img_2843.jpg,images/validation/run_000008_img_2843.jpg
validation,2844,run_000008_img_2844,2856649,2048,1536,129474,images/run_000008/shard_0029/run_000008_img_2844.jpg,images/validation/run_000008_img_2844.jpg
validation,2845,run_000008_img_2845,2857975,2048,1536,129128,images/run_000008/shard_0029/run_000008_img_2845.jpg,images/validation/run_000008_img_2845.jpg
validation,2846,run_000008_img_2846,2858784,2048,1536,129464,images/run_000008/shard_0029/run_000008_img_2846.jpg,images/validation/run_000008_img_2846.jpg
validation,2847,run_000008_img_2847,2859649,2048,1536,129918,images/run_000008/shard_0029/run_000008_img_2847.jpg,images/validation/run_000008_img_2847.jpg
validation,2848,run_000008_img_2848,2860649,2048,1536,130892,images/run_000008/shard_0029/run_000008_img_2848.jpg,images/validation/run_000008_img_2848.jpg
validation,2849,run_000008_img_2849,2861649,2048,1536,132146,images/run_000008/shard_0029/run_000008_img_2849.jpg,images/validation/run_000008_img_2849.jpg
validation,2850,run_000008_img_2850,2862649,2048,1536,135244,images/run_000008/shard_0029/run_000008_img_2850.jpg,images/validation/run_000008_img_2850.jpg
validation,2851,run_000008_img_2851,2863648,2048,1536,133715,images/run_000008/shard_0029/run_000008_img_2851.jpg,images/validation/run_000008_img_2851.jpg
validation,2852,run_000008_img_2852,2864649,2048,1536,137258,images/run_000008/shard_0029/run_000008_img_2852.jpg,images/validation/run_000008_img_2852.jpg
validation,2853,run_000008_img_2853,2865652,2048,1536,136174,images/run_000008/shard_0029/run_000008_img_2853.jpg,images/validation/run_000008_img_2853.jpg
validation,2854,run_000008_img_2854,2866651,2048,1536,133302,images/run_000008/shard_0029/run_000008_img_2854.jpg,images/validation/run_000008_img_2854.jpg
validation,2855,run_000008_img_2855,2867649,2048,1536,134786,images/run_000008/shard_0029/run_000008_img_2855.jpg,images/validation/run_000008_img_2855.jpg
validation,2856,run_000008_img_2856,2868649,2048,1536,130713,images/run_000008/shard_0029/run_000008_img_2856.jpg,images/validation/run_000008_img_2856.jpg
validation,2857,run_000008_img_2857,2869652,2048,1536,131952,images/run_000008/shard_0029/run_000008_img_2857.jpg,images/validation/run_000008_img_2857.jpg
validation,2858,run_000008_img_2858,2870650,2048,1536,130009,images/run_000008/shard_0029/run_000008_img_2858.jpg,images/validation/run_000008_img_2858.jpg
validation,2859,run_000008_img_2859,2871652,2048,1536,129990,images/run_000008/shard_0029/run_000008_img_2859.jpg,images/validation/run_000008_img_2859.jpg
validation,2860,run_000008_img_2860,2872648,2048,1536,131944,images/run_000008/shard_0029/run_000008_img_2860.jpg,images/validation/run_000008_img_2860.jpg
validation,2861,run_000008_img_2861,2873651,2048,1536,132100,images/run_000008/shard_0029/run_000008_img_2861.jpg,images/validation/run_000008_img_2861.jpg
validation,2862,run_000008_img_2862,2874648,2048,1536,136514,images/run_000008/shard_0029/run_000008_img_2862.jpg,images/validation/run_000008_img_2862.jpg
validation,2863,run_000008_img_2863,2875649,2048,1536,133982,images/run_000008/shard_0029/run_000008_img_2863.jpg,images/validation/run_000008_img_2863.jpg
validation,2864,run_000008_img_2864,2876650,2048,1536,131379,images/run_000008/shard_0029/run_000008_img_2864.jpg,images/validation/run_000008_img_2864.jpg
validation,2865,run_000008_img_2865,2877651,2048,1536,129686,images/run_000008/shard_0029/run_000008_img_2865.jpg,images/validation/run_000008_img_2865.jpg
validation,2866,run_000008_img_2866,2878651,2048,1536,130416,images/run_000008/shard_0029/run_000008_img_2866.jpg,images/validation/run_000008_img_2866.jpg
validation,2867,run_000008_img_2867,2879650,2048,1536,129075,images/run_000008/shard_0029/run_000008_img_2867.jpg,images/validation/run_000008_img_2867.jpg
validation,2868,run_000008_img_2868,2880651,2048,1536,128832,images/run_000008/shard_0029/run_000008_img_2868.jpg,images/validation/run_000008_img_2868.jpg
validation,2869,run_000008_img_2869,2881649,2048,1536,128687,images/run_000008/shard_0029/run_000008_img_2869.jpg,images/validation/run_000008_img_2869.jpg
validation,2870,run_000008_img_2870,2882651,2048,1536,128331,images/run_000008/shard_0029/run_000008_img_2870.jpg,images/validation/run_000008_img_2870.jpg
validation,2871,run_000008_img_2871,2884010,2048,1536,128704,images/run_000008/shard_0029/run_000008_img_2871.jpg,images/validation/run_000008_img_2871.jpg
validation,2872,run_000008_img_2872,2884864,2048,1536,128046,images/run_000008/shard_0029/run_000008_img_2872.jpg,images/validation/run_000008_img_2872.jpg
validation,2873,run_000008_img_2873,2885763,2048,1536,128137,images/run_000008/shard_0029/run_000008_img_2873.jpg,images/validation/run_000008_img_2873.jpg
validation,2874,run_000008_img_2874,2887292,2048,1536,128127,images/run_000008/shard_0029/run_000008_img_2874.jpg,images/validation/run_000008_img_2874.jpg
validation,2875,run_000008_img_2875,2888191,2048,1536,127799,images/run_000008/shard_0029/run_000008_img_2875.jpg,images/validation/run_000008_img_2875.jpg
validation,2876,run_000008_img_2876,2889091,2048,1536,128453,images/run_000008/shard_0029/run_000008_img_2876.jpg,images/validation/run_000008_img_2876.jpg
validation,2877,run_000008_img_2877,2889990,2048,1536,127605,images/run_000008/shard_0029/run_000008_img_2877.jpg,images/validation/run_000008_img_2877.jpg
validation,2878,run_000008_img_2878,2890889,2048,1536,127773,images/run_000008/shard_0029/run_000008_img_2878.jpg,images/validation/run_000008_img_2878.jpg
validation,2879,run_000008_img_2879,2891789,2048,1536,126813,images/run_000008/shard_0029/run_000008_img_2879.jpg,images/validation/run_000008_img_2879.jpg
validation,2880,run_000008_img_2880,2892688,2048,1536,127175,images/run_000008/shard_0029/run_000008_img_2880.jpg,images/validation/run_000008_img_2880.jpg
validation,2881,run_000008_img_2881,2893648,2048,1536,127975,images/run_000008/shard_0029/run_000008_img_2881.jpg,images/validation/run_000008_img_2881.jpg
validation,2882,run_000008_img_2882,2894652,2048,1536,127442,images/run_000008/shard_0029/run_000008_img_2882.jpg,images/validation/run_000008_img_2882.jpg
validation,2883,run_000008_img_2883,2895653,2048,1536,127129,images/run_000008/shard_0029/run_000008_img_2883.jpg,images/validation/run_000008_img_2883.jpg
validation,2884,run_000008_img_2884,2896648,2048,1536,126732,images/run_000008/shard_0029/run_000008_img_2884.jpg,images/validation/run_000008_img_2884.jpg
validation,2885,run_000008_img_2885,2897652,2048,1536,127946,images/run_000008/shard_0029/run_000008_img_2885.jpg,images/validation/run_000008_img_2885.jpg
validation,2886,run_000008_img_2886,2898648,2048,1536,127741,images/run_000008/shard_0029/run_000008_img_2886.jpg,images/validation/run_000008_img_2886.jpg
validation,2887,run_000008_img_2887,2899884,2048,1536,127356,images/run_000008/shard_0029/run_000008_img_2887.jpg,images/validation/run_000008_img_2887.jpg
validation,2888,run_000008_img_2888,2900962,2048,1536,127091,images/run_000008/shard_0029/run_000008_img_2888.jpg,images/validation/run_000008_img_2888.jpg
validation,2889,run_000008_img_2889,2901863,2048,1536,127092,images/run_000008/shard_0029/run_000008_img_2889.jpg,images/validation/run_000008_img_2889.jpg
validation,2890,run_000008_img_2890,2902850,2048,1536,126965,images/run_000008/shard_0029/run_000008_img_2890.jpg,images/validation/run_000008_img_2890.jpg
validation,2891,run_000008_img_2891,2903839,2048,1536,126914,images/run_000008/shard_0029/run_000008_img_2891.jpg,images/validation/run_000008_img_2891.jpg
validation,2892,run_000008_img_2892,2904829,2048,1536,128303,images/run_000008/shard_0029/run_000008_img_2892.jpg,images/validation/run_000008_img_2892.jpg
validation,2893,run_000008_img_2893,2905818,2048,1536,128285,images/run_000008/shard_0029/run_000008_img_2893.jpg,images/validation/run_000008_img_2893.jpg
validation,2894,run_000008_img_2894,2906807,2048,1536,128156,images/run_000008/shard_0029/run_000008_img_2894.jpg,images/validation/run_000008_img_2894.jpg
validation,2895,run_000008_img_2895,2907796,2048,1536,127870,images/run_000008/shard_0029/run_000008_img_2895.jpg,images/validation/run_000008_img_2895.jpg
validation,2896,run_000008_img_2896,2908785,2048,1536,127809,images/run_000008/shard_0029/run_000008_img_2896.jpg,images/validation/run_000008_img_2896.jpg
validation,2897,run_000008_img_2897,2909775,2048,1536,127737,images/run_000008/shard_0029/run_000008_img_2897.jpg,images/validation/run_000008_img_2897.jpg
validation,2898,run_000008_img_2898,2910764,2048,1536,127514,images/run_000008/shard_0029/run_000008_img_2898.jpg,images/validation/run_000008_img_2898.jpg
validation,2899,run_000008_img_2899,2912203,2048,1536,127610,images/run_000008/shard_0029/run_000008_img_2899.jpg,images/validation/run_000008_img_2899.jpg
validation,2900,run_000008_img_2900,2913192,2048,1536,127343,images/run_000008/shard_0029/run_000008_img_2900.jpg,images/validation/run_000008_img_2900.jpg
validation,2901,run_000008_img_2901,2914754,2048,1536,127309,images/run_000008/shard_0030/run_000008_img_2901.jpg,images/validation/run_000008_img_2901.jpg
validation,2902,run_000008_img_2902,2915773,2048,1536,127025,images/run_000008/shard_0030/run_000008_img_2902.jpg,images/validation/run_000008_img_2902.jpg
validation,2903,run_000008_img_2903,2916755,2048,1536,127081,images/run_000008/shard_0030/run_000008_img_2903.jpg,images/validation/run_000008_img_2903.jpg
validation,2904,run_000008_img_2904,2917756,2048,1536,126955,images/run_000008/shard_0030/run_000008_img_2904.jpg,images/validation/run_000008_img_2904.jpg
validation,2905,run_000008_img_2905,2918754,2048,1536,126864,images/run_000008/shard_0030/run_000008_img_2905.jpg,images/validation/run_000008_img_2905.jpg
validation,2906,run_000008_img_2906,2919757,2048,1536,126671,images/run_000008/shard_0030/run_000008_img_2906.jpg,images/validation/run_000008_img_2906.jpg
validation,2907,run_000008_img_2907,2920754,2048,1536,127943,images/run_000008/shard_0030/run_000008_img_2907.jpg,images/validation/run_000008_img_2907.jpg
validation,2908,run_000008_img_2908,2921756,2048,1536,127942,images/run_000008/shard_0030/run_000008_img_2908.jpg,images/validation/run_000008_img_2908.jpg
validation,2909,run_000008_img_2909,2922754,2048,1536,127884,images/run_000008/shard_0030/run_000008_img_2909.jpg,images/validation/run_000008_img_2909.jpg
validation,2910,run_000008_img_2910,2923755,2048,1536,127736,images/run_000008/shard_0030/run_000008_img_2910.jpg,images/validation/run_000008_img_2910.jpg
validation,2911,run_000008_img_2911,2924756,2048,1536,127852,images/run_000008/shard_0030/run_000008_img_2911.jpg,images/validation/run_000008_img_2911.jpg
validation,2912,run_000008_img_2912,2925962,2048,1536,127731,images/run_000008/shard_0030/run_000008_img_2912.jpg,images/validation/run_000008_img_2912.jpg
validation,2913,run_000008_img_2913,2926755,2048,1536,127725,images/run_000008/shard_0030/run_000008_img_2913.jpg,images/validation/run_000008_img_2913.jpg
validation,2914,run_000008_img_2914,2927756,2048,1536,127818,images/run_000008/shard_0030/run_000008_img_2914.jpg,images/validation/run_000008_img_2914.jpg
validation,2915,run_000008_img_2915,2928755,2048,1536,128017,images/run_000008/shard_0030/run_000008_img_2915.jpg,images/validation/run_000008_img_2915.jpg
validation,2916,run_000008_img_2916,2929755,2048,1536,128127,images/run_000008/shard_0030/run_000008_img_2916.jpg,images/validation/run_000008_img_2916.jpg
validation,2917,run_000008_img_2917,2930756,2048,1536,128216,images/run_000008/shard_0030/run_000008_img_2917.jpg,images/validation/run_000008_img_2917.jpg
validation,2918,run_000008_img_2918,2931759,2048,1536,128135,images/run_000008/shard_0030/run_000008_img_2918.jpg,images/validation/run_000008_img_2918.jpg
validation,2919,run_000008_img_2919,2932754,2048,1536,128283,images/run_000008/shard_0030/run_000008_img_2919.jpg,images/validation/run_000008_img_2919.jpg
validation,2920,run_000008_img_2920,2933755,2048,1536,128382,images/run_000008/shard_0030/run_000008_img_2920.jpg,images/validation/run_000008_img_2920.jpg
validation,2921,run_000008_img_2921,2934757,2048,1536,128250,images/run_000008/shard_0030/run_000008_img_2921.jpg,images/validation/run_000008_img_2921.jpg
validation,2922,run_000008_img_2922,2935756,2048,1536,128199,images/run_000008/shard_0030/run_000008_img_2922.jpg,images/validation/run_000008_img_2922.jpg
validation,2923,run_000008_img_2923,2936759,2048,1536,128172,images/run_000008/shard_0030/run_000008_img_2923.jpg,images/validation/run_000008_img_2923.jpg
validation,2924,run_000008_img_2924,2937759,2048,1536,128127,images/run_000008/shard_0030/run_000008_img_2924.jpg,images/validation/run_000008_img_2924.jpg
validation,2925,run_000008_img_2925,2938757,2048,1536,128152,images/run_000008/shard_0030/run_000008_img_2925.jpg,images/validation/run_000008_img_2925.jpg
validation,2926,run_000008_img_2926,2939757,2048,1536,128194,images/run_000008/shard_0030/run_000008_img_2926.jpg,images/validation/run_000008_img_2926.jpg
validation,2927,run_000008_img_2927,2940758,2048,1536,128210,images/run_000008/shard_0030/run_000008_img_2927.jpg,images/validation/run_000008_img_2927.jpg
validation,2928,run_000008_img_2928,2942060,2048,1536,128000,images/run_000008/shard_0030/run_000008_img_2928.jpg,images/validation/run_000008_img_2928.jpg
validation,2929,run_000008_img_2929,2942779,2048,1536,128193,images/run_000008/shard_0030/run_000008_img_2929.jpg,images/validation/run_000008_img_2929.jpg
validation,2930,run_000008_img_2930,2943755,2048,1536,127985,images/run_000008/shard_0030/run_000008_img_2930.jpg,images/validation/run_000008_img_2930.jpg
validation,2931,run_000008_img_2931,2944757,2048,1536,127987,images/run_000008/shard_0030/run_000008_img_2931.jpg,images/validation/run_000008_img_2931.jpg
validation,2932,run_000008_img_2932,2945756,2048,1536,127991,images/run_000008/shard_0030/run_000008_img_2932.jpg,images/validation/run_000008_img_2932.jpg
validation,2933,run_000008_img_2933,2946757,2048,1536,128065,images/run_000008/shard_0030/run_000008_img_2933.jpg,images/validation/run_000008_img_2933.jpg
validation,2934,run_000008_img_2934,2947756,2048,1536,127911,images/run_000008/shard_0030/run_000008_img_2934.jpg,images/validation/run_000008_img_2934.jpg
validation,2935,run_000008_img_2935,2948756,2048,1536,127797,images/run_000008/shard_0030/run_000008_img_2935.jpg,images/validation/run_000008_img_2935.jpg
validation,2936,run_000008_img_2936,2949755,2048,1536,127676,images/run_000008/shard_0030/run_000008_img_2936.jpg,images/validation/run_000008_img_2936.jpg
validation,2937,run_000008_img_2937,2950757,2048,1536,127704,images/run_000008/shard_0030/run_000008_img_2937.jpg,images/validation/run_000008_img_2937.jpg
validation,2938,run_000008_img_2938,2951756,2048,1536,128769,images/run_000008/shard_0030/run_000008_img_2938.jpg,images/validation/run_000008_img_2938.jpg
validation,2939,run_000008_img_2939,2952755,2048,1536,128567,images/run_000008/shard_0030/run_000008_img_2939.jpg,images/validation/run_000008_img_2939.jpg
validation,2940,run_000008_img_2940,2953756,2048,1536,128531,images/run_000008/shard_0030/run_000008_img_2940.jpg,images/validation/run_000008_img_2940.jpg
validation,2941,run_000008_img_2941,2954756,2048,1536,128447,images/run_000008/shard_0030/run_000008_img_2941.jpg,images/validation/run_000008_img_2941.jpg
validation,2942,run_000008_img_2942,2955755,2048,1536,128422,images/run_000008/shard_0030/run_000008_img_2942.jpg,images/validation/run_000008_img_2942.jpg
validation,2943,run_000008_img_2943,2956757,2048,1536,128419,images/run_000008/shard_0030/run_000008_img_2943.jpg,images/validation/run_000008_img_2943.jpg
validation,2944,run_000008_img_2944,2957755,2048,1536,128230,images/run_000008/shard_0030/run_000008_img_2944.jpg,images/validation/run_000008_img_2944.jpg
validation,2945,run_000008_img_2945,2958755,2048,1536,128271,images/run_000008/shard_0030/run_000008_img_2945.jpg,images/validation/run_000008_img_2945.jpg
validation,2946,run_000008_img_2946,2959758,2048,1536,128142,images/run_000008/shard_0030/run_000008_img_2946.jpg,images/validation/run_000008_img_2946.jpg
validation,2947,run_000008_img_2947,2960754,2048,1536,127939,images/run_000008/shard_0030/run_000008_img_2947.jpg,images/validation/run_000008_img_2947.jpg
validation,2948,run_000008_img_2948,2961758,2048,1536,127930,images/run_000008/shard_0030/run_000008_img_2948.jpg,images/validation/run_000008_img_2948.jpg
validation,2949,run_000008_img_2949,2962756,2048,1536,127722,images/run_000008/shard_0030/run_000008_img_2949.jpg,images/validation/run_000008_img_2949.jpg
validation,2950,run_000008_img_2950,2963756,2048,1536,127525,images/run_000008/shard_0030/run_000008_img_2950.jpg,images/validation/run_000008_img_2950.jpg
validation,2951,run_000008_img_2951,2964956,2048,1536,127497,images/run_000008/shard_0030/run_000008_img_2951.jpg,images/validation/run_000008_img_2951.jpg
validation,2952,run_000008_img_2952,2965891,2048,1536,127388,images/run_000008/shard_0030/run_000008_img_2952.jpg,images/validation/run_000008_img_2952.jpg
validation,2953,run_000008_img_2953,2966754,2048,1536,127256,images/run_000008/shard_0030/run_000008_img_2953.jpg,images/validation/run_000008_img_2953.jpg
validation,2954,run_000008_img_2954,2967759,2048,1536,127098,images/run_000008/shard_0030/run_000008_img_2954.jpg,images/validation/run_000008_img_2954.jpg
validation,2955,run_000008_img_2955,2968757,2048,1536,126991,images/run_000008/shard_0030/run_000008_img_2955.jpg,images/validation/run_000008_img_2955.jpg
validation,2956,run_000008_img_2956,2969758,2048,1536,126991,images/run_000008/shard_0030/run_000008_img_2956.jpg,images/validation/run_000008_img_2956.jpg
validation,2957,run_000008_img_2957,2970756,2048,1536,128157,images/run_000008/shard_0030/run_000008_img_2957.jpg,images/validation/run_000008_img_2957.jpg
validation,2958,run_000008_img_2958,2971759,2048,1536,128119,images/run_000008/shard_0030/run_000008_img_2958.jpg,images/validation/run_000008_img_2958.jpg
validation,2959,run_000008_img_2959,2972757,2048,1536,128105,images/run_000008/shard_0030/run_000008_img_2959.jpg,images/validation/run_000008_img_2959.jpg
validation,2960,run_000008_img_2960,2973755,2048,1536,128203,images/run_000008/shard_0030/run_000008_img_2960.jpg,images/validation/run_000008_img_2960.jpg
validation,2961,run_000008_img_2961,2974757,2048,1536,128137,images/run_000008/shard_0030/run_000008_img_2961.jpg,images/validation/run_000008_img_2961.jpg
validation,2962,run_000008_img_2962,2975757,2048,1536,128126,images/run_000008/shard_0030/run_000008_img_2962.jpg,images/validation/run_000008_img_2962.jpg
validation,2963,run_000008_img_2963,2976754,2048,1536,128218,images/run_000008/shard_0030/run_000008_img_2963.jpg,images/validation/run_000008_img_2963.jpg
validation,2964,run_000008_img_2964,2978087,2048,1536,128168,images/run_000008/shard_0030/run_000008_img_2964.jpg,images/validation/run_000008_img_2964.jpg
validation,2965,run_000008_img_2965,2978931,2048,1536,128497,images/run_000008/shard_0030/run_000008_img_2965.jpg,images/validation/run_000008_img_2965.jpg
validation,2966,run_000008_img_2966,2979830,2048,1536,128562,images/run_000008/shard_0030/run_000008_img_2966.jpg,images/validation/run_000008_img_2966.jpg
validation,2967,run_000008_img_2967,2980757,2048,1536,128544,images/run_000008/shard_0030/run_000008_img_2967.jpg,images/validation/run_000008_img_2967.jpg
validation,2968,run_000008_img_2968,2981756,2048,1536,128642,images/run_000008/shard_0030/run_000008_img_2968.jpg,images/validation/run_000008_img_2968.jpg
validation,2969,run_000008_img_2969,2982757,2048,1536,128658,images/run_000008/shard_0030/run_000008_img_2969.jpg,images/validation/run_000008_img_2969.jpg
validation,2970,run_000008_img_2970,2983755,2048,1536,128630,images/run_000008/shard_0030/run_000008_img_2970.jpg,images/validation/run_000008_img_2970.jpg
validation,2971,run_000008_img_2971,2984757,2048,1536,128657,images/run_000008/shard_0030/run_000008_img_2971.jpg,images/validation/run_000008_img_2971.jpg
validation,2972,run_000008_img_2972,2985754,2048,1536,128949,images/run_000008/shard_0030/run_000008_img_2972.jpg,images/validation/run_000008_img_2972.jpg
validation,2973,run_000008_img_2973,2986756,2048,1536,129358,images/run_000008/shard_0030/run_000008_img_2973.jpg,images/validation/run_000008_img_2973.jpg
validation,2974,run_000008_img_2974,2987756,2048,1536,129663,images/run_000008/shard_0030/run_000008_img_2974.jpg,images/validation/run_000008_img_2974.jpg
validation,2975,run_000008_img_2975,2988757,2048,1536,130437,images/run_000008/shard_0030/run_000008_img_2975.jpg,images/validation/run_000008_img_2975.jpg
validation,2976,run_000008_img_2976,2989756,2048,1536,131099,images/run_000008/shard_0030/run_000008_img_2976.jpg,images/validation/run_000008_img_2976.jpg
validation,2977,run_000008_img_2977,2990754,2048,1536,131643,images/run_000008/shard_0030/run_000008_img_2977.jpg,images/validation/run_000008_img_2977.jpg
validation,2978,run_000008_img_2978,2991757,2048,1536,132148,images/run_000008/shard_0030/run_000008_img_2978.jpg,images/validation/run_000008_img_2978.jpg
validation,2979,run_000008_img_2979,2992755,2048,1536,132742,images/run_000008/shard_0030/run_000008_img_2979.jpg,images/validation/run_000008_img_2979.jpg
validation,2980,run_000008_img_2980,2993754,2048,1536,133096,images/run_000008/shard_0030/run_000008_img_2980.jpg,images/validation/run_000008_img_2980.jpg
validation,2981,run_000008_img_2981,2994757,2048,1536,133412,images/run_000008/shard_0030/run_000008_img_2981.jpg,images/validation/run_000008_img_2981.jpg
validation,2982,run_000008_img_2982,2995757,2048,1536,133676,images/run_000008/shard_0030/run_000008_img_2982.jpg,images/validation/run_000008_img_2982.jpg
validation,2983,run_000008_img_2983,2996754,2048,1536,133872,images/run_000008/shard_0030/run_000008_img_2983.jpg,images/validation/run_000008_img_2983.jpg
validation,2984,run_000008_img_2984,2997754,2048,1536,133824,images/run_000008/shard_0030/run_000008_img_2984.jpg,images/validation/run_000008_img_2984.jpg
validation,2985,run_000008_img_2985,2998758,2048,1536,133902,images/run_000008/shard_0030/run_000008_img_2985.jpg,images/validation/run_000008_img_2985.jpg
validation,2986,run_000008_img_2986,2999757,2048,1536,133692,images/run_000008/shard_0030/run_000008_img_2986.jpg,images/validation/run_000008_img_2986.jpg
validation,2987,run_000008_img_2987,3000754,2048,1536,133789,images/run_000008/shard_0030/run_000008_img_2987.jpg,images/validation/run_000008_img_2987.jpg
validation,2988,run_000008_img_2988,3001755,2048,1536,133710,images/run_000008/shard_0030/run_000008_img_2988.jpg,images/validation/run_000008_img_2988.jpg
validation,2989,run_000008_img_2989,3002839,2048,1536,133657,images/run_000008/shard_0030/run_000008_img_2989.jpg,images/validation/run_000008_img_2989.jpg
validation,2990,run_000008_img_2990,3004111,2048,1536,132739,images/run_000008/shard_0030/run_000008_img_2990.jpg,images/validation/run_000008_img_2990.jpg
validation,2991,run_000008_img_2991,3005100,2048,1536,131605,images/run_000008/shard_0030/run_000008_img_2991.jpg,images/validation/run_000008_img_2991.jpg
validation,2992,run_000008_img_2992,3006090,2048,1536,130959,images/run_000008/shard_0030/run_000008_img_2992.jpg,images/validation/run_000008_img_2992.jpg
validation,2993,run_000008_img_2993,3007079,2048,1536,130516,images/run_000008/shard_0030/run_000008_img_2993.jpg,images/validation/run_000008_img_2993.jpg
validation,2994,run_000008_img_2994,3008068,2048,1536,130135,images/run_000008/shard_0030/run_000008_img_2994.jpg,images/validation/run_000008_img_2994.jpg
validation,2995,run_000008_img_2995,3009057,2048,1536,129668,images/run_000008/shard_0030/run_000008_img_2995.jpg,images/validation/run_000008_img_2995.jpg
validation,2996,run_000008_img_2996,3010586,2048,1536,129081,images/run_000008/shard_0030/run_000008_img_2996.jpg,images/validation/run_000008_img_2996.jpg
validation,2997,run_000008_img_2997,3011576,2048,1536,129016,images/run_000008/shard_0030/run_000008_img_2997.jpg,images/validation/run_000008_img_2997.jpg
validation,2998,run_000008_img_2998,3012565,2048,1536,128643,images/run_000008/shard_0030/run_000008_img_2998.jpg,images/validation/run_000008_img_2998.jpg
validation,2999,run_000008_img_2999,3013554,2048,1536,128237,images/run_000008/shard_0030/run_000008_img_2999.jpg,images/validation/run_000008_img_2999.jpg
validation,3000,run_000008_img_3000,3014543,2048,1536,127929,images/run_000008/shard_0030/run_000008_img_3000.jpg,images/validation/run_000008_img_3000.jpg
validation,3001,run_000008_img_3001,3016110,2048,1536,127853,images/run_000008/shard_0031/run_000008_img_3001.jpg,images/validation/run_000008_img_3001.jpg
validation,3002,run_000008_img_3002,3017128,2048,1536,127627,images/run_000008/shard_0031/run_000008_img_3002.jpg,images/validation/run_000008_img_3002.jpg
validation,3003,run_000008_img_3003,3018113,2048,1536,127515,images/run_000008/shard_0031/run_000008_img_3003.jpg,images/validation/run_000008_img_3003.jpg
validation,3004,run_000008_img_3004,3019112,2048,1536,127349,images/run_000008/shard_0031/run_000008_img_3004.jpg,images/validation/run_000008_img_3004.jpg
validation,3005,run_000008_img_3005,3020111,2048,1536,127098,images/run_000008/shard_0031/run_000008_img_3005.jpg,images/validation/run_000008_img_3005.jpg
validation,3006,run_000008_img_3006,3021110,2048,1536,126955,images/run_000008/shard_0031/run_000008_img_3006.jpg,images/validation/run_000008_img_3006.jpg
validation,3007,run_000008_img_3007,3022112,2048,1536,128545,images/run_000008/shard_0031/run_000008_img_3007.jpg,images/validation/run_000008_img_3007.jpg
validation,3008,run_000008_img_3008,3023111,2048,1536,128477,images/run_000008/shard_0031/run_000008_img_3008.jpg,images/validation/run_000008_img_3008.jpg
validation,3009,run_000008_img_3009,3024111,2048,1536,128591,images/run_000008/shard_0031/run_000008_img_3009.jpg,images/validation/run_000008_img_3009.jpg
validation,3010,run_000008_img_3010,3025111,2048,1536,128428,images/run_000008/shard_0031/run_000008_img_3010.jpg,images/validation/run_000008_img_3010.jpg
validation,3011,run_000008_img_3011,3026324,2048,1536,128511,images/run_000008/shard_0031/run_000008_img_3011.jpg,images/validation/run_000008_img_3011.jpg
validation,3012,run_000008_img_3012,3027112,2048,1536,128475,images/run_000008/shard_0031/run_000008_img_3012.jpg,images/validation/run_000008_img_3012.jpg
validation,3013,run_000008_img_3013,3028112,2048,1536,128287,images/run_000008/shard_0031/run_000008_img_3013.jpg,images/validation/run_000008_img_3013.jpg
validation,3014,run_000008_img_3014,3029113,2048,1536,128337,images/run_000008/shard_0031/run_000008_img_3014.jpg,images/validation/run_000008_img_3014.jpg
validation,3015,run_000008_img_3015,3030113,2048,1536,128131,images/run_000008/shard_0031/run_000008_img_3015.jpg,images/validation/run_000008_img_3015.jpg
validation,3016,run_000008_img_3016,3031114,2048,1536,128028,images/run_000008/shard_0031/run_000008_img_3016.jpg,images/validation/run_000008_img_3016.jpg
validation,3017,run_000008_img_3017,3032110,2048,1536,127878,images/run_000008/shard_0031/run_000008_img_3017.jpg,images/validation/run_000008_img_3017.jpg
validation,3018,run_000008_img_3018,3033111,2048,1536,127767,images/run_000008/shard_0031/run_000008_img_3018.jpg,images/validation/run_000008_img_3018.jpg
validation,3019,run_000008_img_3019,3034111,2048,1536,127884,images/run_000008/shard_0031/run_000008_img_3019.jpg,images/validation/run_000008_img_3019.jpg
validation,3020,run_000008_img_3020,3035110,2048,1536,127937,images/run_000008/shard_0031/run_000008_img_3020.jpg,images/validation/run_000008_img_3020.jpg
validation,3021,run_000008_img_3021,3036113,2048,1536,127965,images/run_000008/shard_0031/run_000008_img_3021.jpg,images/validation/run_000008_img_3021.jpg
validation,3022,run_000008_img_3022,3037111,2048,1536,128060,images/run_000008/shard_0031/run_000008_img_3022.jpg,images/validation/run_000008_img_3022.jpg
validation,3023,run_000008_img_3023,3038115,2048,1536,128159,images/run_000008/shard_0031/run_000008_img_3023.jpg,images/validation/run_000008_img_3023.jpg
validation,3024,run_000008_img_3024,3039113,2048,1536,128279,images/run_000008/shard_0031/run_000008_img_3024.jpg,images/validation/run_000008_img_3024.jpg
validation,3025,run_000008_img_3025,3040111,2048,1536,128159,images/run_000008/shard_0031/run_000008_img_3025.jpg,images/validation/run_000008_img_3025.jpg
validation,3026,run_000008_img_3026,3041113,2048,1536,128209,images/run_000008/shard_0031/run_000008_img_3026.jpg,images/validation/run_000008_img_3026.jpg
validation,3027,run_000008_img_3027,3042111,2048,1536,128137,images/run_000008/shard_0031/run_000008_img_3027.jpg,images/validation/run_000008_img_3027.jpg
validation,3028,run_000008_img_3028,3043324,2048,1536,128321,images/run_000008/shard_0031/run_000008_img_3028.jpg,images/validation/run_000008_img_3028.jpg
validation,3029,run_000008_img_3029,3044110,2048,1536,128288,images/run_000008/shard_0031/run_000008_img_3029.jpg,images/validation/run_000008_img_3029.jpg
validation,3030,run_000008_img_3030,3045114,2048,1536,128249,images/run_000008/shard_0031/run_000008_img_3030.jpg,images/validation/run_000008_img_3030.jpg
validation,3031,run_000008_img_3031,3046112,2048,1536,128105,images/run_000008/shard_0031/run_000008_img_3031.jpg,images/validation/run_000008_img_3031.jpg
test,3047,run_000008_img_3047,3062112,2048,1536,129226,images/run_000008/shard_0031/run_000008_img_3047.jpg,images/test/run_000008_img_3047.jpg
test,3048,run_000008_img_3048,3063114,2048,1536,128985,images/run_000008/shard_0031/run_000008_img_3048.jpg,images/test/run_000008_img_3048.jpg
test,3049,run_000008_img_3049,3064114,2048,1536,129044,images/run_000008/shard_0031/run_000008_img_3049.jpg,images/test/run_000008_img_3049.jpg
test,3050,run_000008_img_3050,3065111,2048,1536,129182,images/run_000008/shard_0031/run_000008_img_3050.jpg,images/test/run_000008_img_3050.jpg
test,3051,run_000008_img_3051,3066113,2048,1536,129314,images/run_000008/shard_0031/run_000008_img_3051.jpg,images/test/run_000008_img_3051.jpg
test,3052,run_000008_img_3052,3067114,2048,1536,129711,images/run_000008/shard_0031/run_000008_img_3052.jpg,images/test/run_000008_img_3052.jpg
test,3053,run_000008_img_3053,3068111,2048,1536,130035,images/run_000008/shard_0031/run_000008_img_3053.jpg,images/test/run_000008_img_3053.jpg
test,3054,run_000008_img_3054,3069110,2048,1536,130349,images/run_000008/shard_0031/run_000008_img_3054.jpg,images/test/run_000008_img_3054.jpg
test,3055,run_000008_img_3055,3070110,2048,1536,130694,images/run_000008/shard_0031/run_000008_img_3055.jpg,images/test/run_000008_img_3055.jpg
test,3056,run_000008_img_3056,3071112,2048,1536,131221,images/run_000008/shard_0031/run_000008_img_3056.jpg,images/test/run_000008_img_3056.jpg
test,3057,run_000008_img_3057,3072110,2048,1536,131826,images/run_000008/shard_0031/run_000008_img_3057.jpg,images/test/run_000008_img_3057.jpg
test,3058,run_000008_img_3058,3073112,2048,1536,133036,images/run_000008/shard_0031/run_000008_img_3058.jpg,images/test/run_000008_img_3058.jpg
test,3059,run_000008_img_3059,3074526,2048,1536,133041,images/run_000008/shard_0031/run_000008_img_3059.jpg,images/test/run_000008_img_3059.jpg
test,3060,run_000008_img_3060,3075426,2048,1536,133032,images/run_000008/shard_0031/run_000008_img_3060.jpg,images/test/run_000008_img_3060.jpg
test,3061,run_000008_img_3061,3076325,2048,1536,132536,images/run_000008/shard_0031/run_000008_img_3061.jpg,images/test/run_000008_img_3061.jpg
test,3062,run_000008_img_3062,3077225,2048,1536,132096,images/run_000008/shard_0031/run_000008_img_3062.jpg,images/test/run_000008_img_3062.jpg
test,3063,run_000008_img_3063,3078124,2048,1536,131479,images/run_000008/shard_0031/run_000008_img_3063.jpg,images/test/run_000008_img_3063.jpg
test,3064,run_000008_img_3064,3079110,2048,1536,130751,images/run_000008/shard_0031/run_000008_img_3064.jpg,images/test/run_000008_img_3064.jpg
test,3065,run_000008_img_3065,3080110,2048,1536,129947,images/run_000008/shard_0031/run_000008_img_3065.jpg,images/test/run_000008_img_3065.jpg
test,3066,run_000008_img_3066,3081449,2048,1536,128860,images/run_000008/shard_0031/run_000008_img_3066.jpg,images/test/run_000008_img_3066.jpg
test,3067,run_000008_img_3067,3082350,2048,1536,129564,images/run_000008/shard_0031/run_000008_img_3067.jpg,images/test/run_000008_img_3067.jpg
test,3068,run_000008_img_3068,3083250,2048,1536,129149,images/run_000008/shard_0031/run_000008_img_3068.jpg,images/test/run_000008_img_3068.jpg
test,3069,run_000008_img_3069,3084149,2048,1536,130624,images/run_000008/shard_0031/run_000008_img_3069.jpg,images/test/run_000008_img_3069.jpg
test,3070,run_000008_img_3070,3085114,2048,1536,130368,images/run_000008/shard_0031/run_000008_img_3070.jpg,images/test/run_000008_img_3070.jpg
test,3071,run_000008_img_3071,3086112,2048,1536,130129,images/run_000008/shard_0031/run_000008_img_3071.jpg,images/test/run_000008_img_3071.jpg
test,3072,run_000008_img_3072,3087112,2048,1536,129945,images/run_000008/shard_0031/run_000008_img_3072.jpg,images/test/run_000008_img_3072.jpg
test,3073,run_000008_img_3073,3088113,2048,1536,129655,images/run_000008/shard_0031/run_000008_img_3073.jpg,images/test/run_000008_img_3073.jpg
test,3074,run_000008_img_3074,3089111,2048,1536,129204,images/run_000008/shard_0031/run_000008_img_3074.jpg,images/test/run_000008_img_3074.jpg
test,3075,run_000008_img_3075,3090110,2048,1536,128818,images/run_000008/shard_0031/run_000008_img_3075.jpg,images/test/run_000008_img_3075.jpg
test,3076,run_000008_img_3076,3091112,2048,1536,128330,images/run_000008/shard_0031/run_000008_img_3076.jpg,images/test/run_000008_img_3076.jpg
test,3077,run_000008_img_3077,3092111,2048,1536,129704,images/run_000008/shard_0031/run_000008_img_3077.jpg,images/test/run_000008_img_3077.jpg
test,3078,run_000008_img_3078,3093112,2048,1536,129526,images/run_000008/shard_0031/run_000008_img_3078.jpg,images/test/run_000008_img_3078.jpg
test,3079,run_000008_img_3079,3094111,2048,1536,129440,images/run_000008/shard_0031/run_000008_img_3079.jpg,images/test/run_000008_img_3079.jpg
test,3080,run_000008_img_3080,3095112,2048,1536,129058,images/run_000008/shard_0031/run_000008_img_3080.jpg,images/test/run_000008_img_3080.jpg
test,3081,run_000008_img_3081,3096114,2048,1536,128946,images/run_000008/shard_0031/run_000008_img_3081.jpg,images/test/run_000008_img_3081.jpg
test,3082,run_000008_img_3082,3097111,2048,1536,128885,images/run_000008/shard_0031/run_000008_img_3082.jpg,images/test/run_000008_img_3082.jpg
test,3083,run_000008_img_3083,3098112,2048,1536,128717,images/run_000008/shard_0031/run_000008_img_3083.jpg,images/test/run_000008_img_3083.jpg
test,3084,run_000008_img_3084,3099111,2048,1536,128520,images/run_000008/shard_0031/run_000008_img_3084.jpg,images/test/run_000008_img_3084.jpg
test,3085,run_000008_img_3085,3100504,2048,1536,129911,images/run_000008/shard_0031/run_000008_img_3085.jpg,images/test/run_000008_img_3085.jpg
test,3086,run_000008_img_3086,3101416,2048,1536,129884,images/run_000008/shard_0031/run_000008_img_3086.jpg,images/test/run_000008_img_3086.jpg
test,3087,run_000008_img_3087,3102341,2048,1536,129488,images/run_000008/shard_0031/run_000008_img_3087.jpg,images/test/run_000008_img_3087.jpg
test,3088,run_000008_img_3088,3103304,2048,1536,129153,images/run_000008/shard_0031/run_000008_img_3088.jpg,images/test/run_000008_img_3088.jpg
test,3089,run_000008_img_3089,3104212,2048,1536,129029,images/run_000008/shard_0031/run_000008_img_3089.jpg,images/test/run_000008_img_3089.jpg
test,3090,run_000008_img_3090,3105192,2048,1536,128915,images/run_000008/shard_0031/run_000008_img_3090.jpg,images/test/run_000008_img_3090.jpg
test,3091,run_000008_img_3091,3106182,2048,1536,128524,images/run_000008/shard_0031/run_000008_img_3091.jpg,images/test/run_000008_img_3091.jpg
test,3092,run_000008_img_3092,3107171,2048,1536,128443,images/run_000008/shard_0031/run_000008_img_3092.jpg,images/test/run_000008_img_3092.jpg
test,3093,run_000008_img_3093,3108160,2048,1536,128221,images/run_000008/shard_0031/run_000008_img_3093.jpg,images/test/run_000008_img_3093.jpg
test,3094,run_000008_img_3094,3109150,2048,1536,128030,images/run_000008/shard_0031/run_000008_img_3094.jpg,images/test/run_000008_img_3094.jpg
test,3095,run_000008_img_3095,3110139,2048,1536,128080,images/run_000008/shard_0031/run_000008_img_3095.jpg,images/test/run_000008_img_3095.jpg
test,3096,run_000008_img_3096,3111128,2048,1536,127962,images/run_000008/shard_0031/run_000008_img_3096.jpg,images/test/run_000008_img_3096.jpg
test,3097,run_000008_img_3097,3112117,2048,1536,128006,images/run_000008/shard_0031/run_000008_img_3097.jpg,images/test/run_000008_img_3097.jpg
test,3098,run_000008_img_3098,3113111,2048,1536,127836,images/run_000008/shard_0031/run_000008_img_3098.jpg,images/test/run_000008_img_3098.jpg
test,3099,run_000008_img_3099,3114110,2048,1536,129257,images/run_000008/shard_0031/run_000008_img_3099.jpg,images/test/run_000008_img_3099.jpg
test,3100,run_000008_img_3100,3115111,2048,1536,129183,images/run_000008/shard_0031/run_000008_img_3100.jpg,images/test/run_000008_img_3100.jpg
test,3101,run_000008_img_3101,3116688,2048,1536,128894,images/run_000008/shard_0032/run_000008_img_3101.jpg,images/test/run_000008_img_3101.jpg
test,3102,run_000008_img_3102,3118261,2048,1536,128843,images/run_000008/shard_0032/run_000008_img_3102.jpg,images/test/run_000008_img_3102.jpg
test,3103,run_000008_img_3103,3119264,2048,1536,128794,images/run_000008/shard_0032/run_000008_img_3103.jpg,images/test/run_000008_img_3103.jpg
test,3104,run_000008_img_3104,3120261,2048,1536,128721,images/run_000008/shard_0032/run_000008_img_3104.jpg,images/test/run_000008_img_3104.jpg
test,3105,run_000008_img_3105,3121260,2048,1536,128668,images/run_000008/shard_0032/run_000008_img_3105.jpg,images/test/run_000008_img_3105.jpg
test,3106,run_000008_img_3106,3122260,2048,1536,128690,images/run_000008/shard_0032/run_000008_img_3106.jpg,images/test/run_000008_img_3106.jpg
test,3107,run_000008_img_3107,3123264,2048,1536,128529,images/run_000008/shard_0032/run_000008_img_3107.jpg,images/test/run_000008_img_3107.jpg
test,3108,run_000008_img_3108,3124263,2048,1536,128496,images/run_000008/shard_0032/run_000008_img_3108.jpg,images/test/run_000008_img_3108.jpg
test,3109,run_000008_img_3109,3125260,2048,1536,128589,images/run_000008/shard_0032/run_000008_img_3109.jpg,images/test/run_000008_img_3109.jpg
test,3110,run_000008_img_3110,3126261,2048,1536,128635,images/run_000008/shard_0032/run_000008_img_3110.jpg,images/test/run_000008_img_3110.jpg
test,3111,run_000008_img_3111,3127263,2048,1536,128714,images/run_000008/shard_0032/run_000008_img_3111.jpg,images/test/run_000008_img_3111.jpg
test,3112,run_000008_img_3112,3128260,2048,1536,128758,images/run_000008/shard_0032/run_000008_img_3112.jpg,images/test/run_000008_img_3112.jpg
test,3113,run_000008_img_3113,3129263,2048,1536,128679,images/run_000008/shard_0032/run_000008_img_3113.jpg,images/test/run_000008_img_3113.jpg
test,3114,run_000008_img_3114,3130263,2048,1536,128677,images/run_000008/shard_0032/run_000008_img_3114.jpg,images/test/run_000008_img_3114.jpg
test,3115,run_000008_img_3115,3131263,2048,1536,128356,images/run_000008/shard_0032/run_000008_img_3115.jpg,images/test/run_000008_img_3115.jpg
test,3116,run_000008_img_3116,3132263,2048,1536,128392,images/run_000008/shard_0032/run_000008_img_3116.jpg,images/test/run_000008_img_3116.jpg
test,3117,run_000008_img_3117,3133479,2048,1536,128309,images/run_000008/shard_0032/run_000008_img_3117.jpg,images/test/run_000008_img_3117.jpg
test,3118,run_000008_img_3118,3134261,2048,1536,128375,images/run_000008/shard_0032/run_000008_img_3118.jpg,images/test/run_000008_img_3118.jpg
test,3119,run_000008_img_3119,3135499,2048,1536,128257,images/run_000008/shard_0032/run_000008_img_3119.jpg,images/test/run_000008_img_3119.jpg
test,3120,run_000008_img_3120,3136260,2048,1536,128225,images/run_000008/shard_0032/run_000008_img_3120.jpg,images/test/run_000008_img_3120.jpg
test,3121,run_000008_img_3121,3137265,2048,1536,128019,images/run_000008/shard_0032/run_000008_img_3121.jpg,images/test/run_000008_img_3121.jpg
test,3122,run_000008_img_3122,3138263,2048,1536,127847,images/run_000008/shard_0032/run_000008_img_3122.jpg,images/test/run_000008_img_3122.jpg
test,3123,run_000008_img_3123,3139260,2048,1536,127979,images/run_000008/shard_0032/run_000008_img_3123.jpg,images/test/run_000008_img_3123.jpg
test,3124,run_000008_img_3124,3140260,2048,1536,127817,images/run_000008/shard_0032/run_000008_img_3124.jpg,images/test/run_000008_img_3124.jpg
test,3125,run_000008_img_3125,3141262,2048,1536,127931,images/run_000008/shard_0032/run_000008_img_3125.jpg,images/test/run_000008_img_3125.jpg
test,3126,run_000008_img_3126,3142264,2048,1536,127994,images/run_000008/shard_0032/run_000008_img_3126.jpg,images/test/run_000008_img_3126.jpg
test,3127,run_000008_img_3127,3143262,2048,1536,127926,images/run_000008/shard_0032/run_000008_img_3127.jpg,images/test/run_000008_img_3127.jpg
test,3128,run_000008_img_3128,3144261,2048,1536,127824,images/run_000008/shard_0032/run_000008_img_3128.jpg,images/test/run_000008_img_3128.jpg
test,3129,run_000008_img_3129,3145260,2048,1536,127888,images/run_000008/shard_0032/run_000008_img_3129.jpg,images/test/run_000008_img_3129.jpg
test,3130,run_000008_img_3130,3146264,2048,1536,127996,images/run_000008/shard_0032/run_000008_img_3130.jpg,images/test/run_000008_img_3130.jpg
test,3131,run_000008_img_3131,3147263,2048,1536,127984,images/run_000008/shard_0032/run_000008_img_3131.jpg,images/test/run_000008_img_3131.jpg
test,3132,run_000008_img_3132,3148261,2048,1536,128052,images/run_000008/shard_0032/run_000008_img_3132.jpg,images/test/run_000008_img_3132.jpg
test,3133,run_000008_img_3133,3149262,2048,1536,128231,images/run_000008/shard_0032/run_000008_img_3133.jpg,images/test/run_000008_img_3133.jpg
test,3134,run_000008_img_3134,3150260,2048,1536,128695,images/run_000008/shard_0032/run_000008_img_3134.jpg,images/test/run_000008_img_3134.jpg
test,3135,run_000008_img_3135,3151261,2048,1536,128953,images/run_000008/shard_0032/run_000008_img_3135.jpg,images/test/run_000008_img_3135.jpg
test,3136,run_000008_img_3136,3152260,2048,1536,128828,images/run_000008/shard_0032/run_000008_img_3136.jpg,images/test/run_000008_img_3136.jpg
test,3137,run_000008_img_3137,3153264,2048,1536,128973,images/run_000008/shard_0032/run_000008_img_3137.jpg,images/test/run_000008_img_3137.jpg
test,3138,run_000008_img_3138,3154264,2048,1536,128677,images/run_000008/shard_0032/run_000008_img_3138.jpg,images/test/run_000008_img_3138.jpg
test,3139,run_000008_img_3139,3155260,2048,1536,128308,images/run_000008/shard_0032/run_000008_img_3139.jpg,images/test/run_000008_img_3139.jpg
test,3140,run_000008_img_3140,3156262,2048,1536,127866,images/run_000008/shard_0032/run_000008_img_3140.jpg,images/test/run_000008_img_3140.jpg
test,3141,run_000008_img_3141,3157260,2048,1536,127485,images/run_000008/shard_0032/run_000008_img_3141.jpg,images/test/run_000008_img_3141.jpg
test,3142,run_000008_img_3142,3158263,2048,1536,127381,images/run_000008/shard_0032/run_000008_img_3142.jpg,images/test/run_000008_img_3142.jpg
test,3143,run_000008_img_3143,3159260,2048,1536,127194,images/run_000008/shard_0032/run_000008_img_3143.jpg,images/test/run_000008_img_3143.jpg
test,3144,run_000008_img_3144,3160261,2048,1536,127183,images/run_000008/shard_0032/run_000008_img_3144.jpg,images/test/run_000008_img_3144.jpg
test,3145,run_000008_img_3145,3161261,2048,1536,127368,images/run_000008/shard_0032/run_000008_img_3145.jpg,images/test/run_000008_img_3145.jpg
test,3146,run_000008_img_3146,3162264,2048,1536,127383,images/run_000008/shard_0032/run_000008_img_3146.jpg,images/test/run_000008_img_3146.jpg
test,3147,run_000008_img_3147,3163557,2048,1536,127532,images/run_000008/shard_0032/run_000008_img_3147.jpg,images/test/run_000008_img_3147.jpg
test,3148,run_000008_img_3148,3164366,2048,1536,127746,images/run_000008/shard_0032/run_000008_img_3148.jpg,images/test/run_000008_img_3148.jpg
test,3149,run_000008_img_3149,3165264,2048,1536,127987,images/run_000008/shard_0032/run_000008_img_3149.jpg,images/test/run_000008_img_3149.jpg
test,3150,run_000008_img_3150,3166262,2048,1536,128035,images/run_000008/shard_0032/run_000008_img_3150.jpg,images/test/run_000008_img_3150.jpg
test,3151,run_000008_img_3151,3167261,2048,1536,128153,images/run_000008/shard_0032/run_000008_img_3151.jpg,images/test/run_000008_img_3151.jpg
test,3152,run_000008_img_3152,3168261,2048,1536,128308,images/run_000008/shard_0032/run_000008_img_3152.jpg,images/test/run_000008_img_3152.jpg
test,3153,run_000008_img_3153,3169262,2048,1536,128542,images/run_000008/shard_0032/run_000008_img_3153.jpg,images/test/run_000008_img_3153.jpg
test,3154,run_000008_img_3154,3170262,2048,1536,128851,images/run_000008/shard_0032/run_000008_img_3154.jpg,images/test/run_000008_img_3154.jpg
test,3155,run_000008_img_3155,3171264,2048,1536,129617,images/run_000008/shard_0032/run_000008_img_3155.jpg,images/test/run_000008_img_3155.jpg
test,3156,run_000008_img_3156,3172264,2048,1536,130068,images/run_000008/shard_0032/run_000008_img_3156.jpg,images/test/run_000008_img_3156.jpg
test,3157,run_000008_img_3157,3173260,2048,1536,130688,images/run_000008/shard_0032/run_000008_img_3157.jpg,images/test/run_000008_img_3157.jpg
test,3158,run_000008_img_3158,3174264,2048,1536,131006,images/run_000008/shard_0032/run_000008_img_3158.jpg,images/test/run_000008_img_3158.jpg
test,3159,run_000008_img_3159,3175260,2048,1536,131726,images/run_000008/shard_0032/run_000008_img_3159.jpg,images/test/run_000008_img_3159.jpg
test,3160,run_000008_img_3160,3176263,2048,1536,132084,images/run_000008/shard_0032/run_000008_img_3160.jpg,images/test/run_000008_img_3160.jpg
test,3161,run_000008_img_3161,3177260,2048,1536,132312,images/run_000008/shard_0032/run_000008_img_3161.jpg,images/test/run_000008_img_3161.jpg
test,3162,run_000008_img_3162,3178265,2048,1536,132156,images/run_000008/shard_0032/run_000008_img_3162.jpg,images/test/run_000008_img_3162.jpg
test,3163,run_000008_img_3163,3179263,2048,1536,132685,images/run_000008/shard_0032/run_000008_img_3163.jpg,images/test/run_000008_img_3163.jpg
test,3164,run_000008_img_3164,3180262,2048,1536,133424,images/run_000008/shard_0032/run_000008_img_3164.jpg,images/test/run_000008_img_3164.jpg
test,3165,run_000008_img_3165,3181260,2048,1536,133853,images/run_000008/shard_0032/run_000008_img_3165.jpg,images/test/run_000008_img_3165.jpg
test,3166,run_000008_img_3166,3182265,2048,1536,134205,images/run_000008/shard_0032/run_000008_img_3166.jpg,images/test/run_000008_img_3166.jpg
test,3167,run_000008_img_3167,3183261,2048,1536,134241,images/run_000008/shard_0032/run_000008_img_3167.jpg,images/test/run_000008_img_3167.jpg
test,3168,run_000008_img_3168,3184261,2048,1536,134311,images/run_000008/shard_0032/run_000008_img_3168.jpg,images/test/run_000008_img_3168.jpg
test,3169,run_000008_img_3169,3185264,2048,1536,134239,images/run_000008/shard_0032/run_000008_img_3169.jpg,images/test/run_000008_img_3169.jpg
test,3170,run_000008_img_3170,3186262,2048,1536,134357,images/run_000008/shard_0032/run_000008_img_3170.jpg,images/test/run_000008_img_3170.jpg
test,3171,run_000008_img_3171,3187263,2048,1536,134316,images/run_000008/shard_0032/run_000008_img_3171.jpg,images/test/run_000008_img_3171.jpg
test,3172,run_000008_img_3172,3188260,2048,1536,134364,images/run_000008/shard_0032/run_000008_img_3172.jpg,images/test/run_000008_img_3172.jpg
test,3173,run_000008_img_3173,3189262,2048,1536,134286,images/run_000008/shard_0032/run_000008_img_3173.jpg,images/test/run_000008_img_3173.jpg
test,3174,run_000008_img_3174,3190716,2048,1536,134447,images/run_000008/shard_0032/run_000008_img_3174.jpg,images/test/run_000008_img_3174.jpg
test,3175,run_000008_img_3175,3191629,2048,1536,134331,images/run_000008/shard_0032/run_000008_img_3175.jpg,images/test/run_000008_img_3175.jpg
test,3176,run_000008_img_3176,3192605,2048,1536,134328,images/run_000008/shard_0032/run_000008_img_3176.jpg,images/test/run_000008_img_3176.jpg
test,3177,run_000008_img_3177,3193504,2048,1536,134538,images/run_000008/shard_0032/run_000008_img_3177.jpg,images/test/run_000008_img_3177.jpg
test,3178,run_000008_img_3178,3194493,2048,1536,134474,images/run_000008/shard_0032/run_000008_img_3178.jpg,images/test/run_000008_img_3178.jpg
test,3179,run_000008_img_3179,3195932,2048,1536,134655,images/run_000008/shard_0032/run_000008_img_3179.jpg,images/test/run_000008_img_3179.jpg
test,3180,run_000008_img_3180,3196921,2048,1536,134601,images/run_000008/shard_0032/run_000008_img_3180.jpg,images/test/run_000008_img_3180.jpg
test,3181,run_000008_img_3181,3197910,2048,1536,134588,images/run_000008/shard_0032/run_000008_img_3181.jpg,images/test/run_000008_img_3181.jpg
test,3182,run_000008_img_3182,3198900,2048,1536,134494,images/run_000008/shard_0032/run_000008_img_3182.jpg,images/test/run_000008_img_3182.jpg
test,3183,run_000008_img_3183,3199889,2048,1536,134497,images/run_000008/shard_0032/run_000008_img_3183.jpg,images/test/run_000008_img_3183.jpg
test,3184,run_000008_img_3184,3200878,2048,1536,133798,images/run_000008/shard_0032/run_000008_img_3184.jpg,images/test/run_000008_img_3184.jpg
test,3185,run_000008_img_3185,3201867,2048,1536,132892,images/run_000008/shard_0032/run_000008_img_3185.jpg,images/test/run_000008_img_3185.jpg
test,3186,run_000008_img_3186,3202856,2048,1536,131666,images/run_000008/shard_0032/run_000008_img_3186.jpg,images/test/run_000008_img_3186.jpg
test,3187,run_000008_img_3187,3203846,2048,1536,130409,images/run_000008/shard_0032/run_000008_img_3187.jpg,images/test/run_000008_img_3187.jpg
test,3188,run_000008_img_3188,3204835,2048,1536,129702,images/run_000008/shard_0032/run_000008_img_3188.jpg,images/test/run_000008_img_3188.jpg
test,3189,run_000008_img_3189,3205824,2048,1536,129332,images/run_000008/shard_0032/run_000008_img_3189.jpg,images/test/run_000008_img_3189.jpg
test,3190,run_000008_img_3190,3206814,2048,1536,129095,images/run_000008/shard_0032/run_000008_img_3190.jpg,images/test/run_000008_img_3190.jpg
test,3191,run_000008_img_3191,3207803,2048,1536,128811,images/run_000008/shard_0032/run_000008_img_3191.jpg,images/test/run_000008_img_3191.jpg
test,3192,run_000008_img_3192,3208792,2048,1536,128540,images/run_000008/shard_0032/run_000008_img_3192.jpg,images/test/run_000008_img_3192.jpg
test,3193,run_000008_img_3193,3209781,2048,1536,129889,images/run_000008/shard_0032/run_000008_img_3193.jpg,images/test/run_000008_img_3193.jpg
test,3194,run_000008_img_3194,3210770,2048,1536,129425,images/run_000008/shard_0032/run_000008_img_3194.jpg,images/test/run_000008_img_3194.jpg
test,3195,run_000008_img_3195,3211759,2048,1536,128998,images/run_000008/shard_0032/run_000008_img_3195.jpg,images/test/run_000008_img_3195.jpg
test,3196,run_000008_img_3196,3212749,2048,1536,128808,images/run_000008/shard_0032/run_000008_img_3196.jpg,images/test/run_000008_img_3196.jpg
test,3197,run_000008_img_3197,3213738,2048,1536,130369,images/run_000008/shard_0032/run_000008_img_3197.jpg,images/test/run_000008_img_3197.jpg
test,3198,run_000008_img_3198,3214727,2048,1536,130208,images/run_000008/shard_0032/run_000008_img_3198.jpg,images/test/run_000008_img_3198.jpg
test,3199,run_000008_img_3199,3215716,2048,1536,129942,images/run_000008/shard_0032/run_000008_img_3199.jpg,images/test/run_000008_img_3199.jpg
test,3200,run_000008_img_3200,3216706,2048,1536,129717,images/run_000008/shard_0032/run_000008_img_3200.jpg,images/test/run_000008_img_3200.jpg
test,3201,run_000008_img_3201,3219347,2048,1536,129483,images/run_000008/shard_0033/run_000008_img_3201.jpg,images/test/run_000008_img_3201.jpg
test,3202,run_000008_img_3202,3220423,2048,1536,129288,images/run_000008/shard_0033/run_000008_img_3202.jpg,images/test/run_000008_img_3202.jpg
test,3203,run_000008_img_3203,3221348,2048,1536,129103,images/run_000008/shard_0033/run_000008_img_3203.jpg,images/test/run_000008_img_3203.jpg
test,3204,run_000008_img_3204,3222351,2048,1536,129122,images/run_000008/shard_0033/run_000008_img_3204.jpg,images/test/run_000008_img_3204.jpg
test,3205,run_000008_img_3205,3223348,2048,1536,129148,images/run_000008/shard_0033/run_000008_img_3205.jpg,images/test/run_000008_img_3205.jpg
test,3206,run_000008_img_3206,3224348,2048,1536,129300,images/run_000008/shard_0033/run_000008_img_3206.jpg,images/test/run_000008_img_3206.jpg
test,3207,run_000008_img_3207,3225348,2048,1536,129735,images/run_000008/shard_0033/run_000008_img_3207.jpg,images/test/run_000008_img_3207.jpg
test,3208,run_000008_img_3208,3226349,2048,1536,130246,images/run_000008/shard_0033/run_000008_img_3208.jpg,images/test/run_000008_img_3208.jpg
test,3209,run_000008_img_3209,3227346,2048,1536,131272,images/run_000008/shard_0033/run_000008_img_3209.jpg,images/test/run_000008_img_3209.jpg
test,3210,run_000008_img_3210,3228346,2048,1536,133630,images/run_000008/shard_0033/run_000008_img_3210.jpg,images/test/run_000008_img_3210.jpg
test,3211,run_000008_img_3211,3229349,2048,1536,131740,images/run_000008/shard_0033/run_000008_img_3211.jpg,images/test/run_000008_img_3211.jpg
test,3212,run_000008_img_3212,3230347,2048,1536,132234,images/run_000008/shard_0033/run_000008_img_3212.jpg,images/test/run_000008_img_3212.jpg
test,3213,run_000008_img_3213,3231349,2048,1536,130829,images/run_000008/shard_0033/run_000008_img_3213.jpg,images/test/run_000008_img_3213.jpg
test,3214,run_000008_img_3214,3232536,2048,1536,131769,images/run_000008/shard_0033/run_000008_img_3214.jpg,images/test/run_000008_img_3214.jpg
test,3215,run_000008_img_3215,3233347,2048,1536,129799,images/run_000008/shard_0033/run_000008_img_3215.jpg,images/test/run_000008_img_3215.jpg
test,3216,run_000008_img_3216,3234347,2048,1536,128193,images/run_000008/shard_0033/run_000008_img_3216.jpg,images/test/run_000008_img_3216.jpg
test,3217,run_000008_img_3217,3235347,2048,1536,128544,images/run_000008/shard_0033/run_000008_img_3217.jpg,images/test/run_000008_img_3217.jpg
test,3218,run_000008_img_3218,3236349,2048,1536,129181,images/run_000008/shard_0033/run_000008_img_3218.jpg,images/test/run_000008_img_3218.jpg
test,3219,run_000008_img_3219,3237347,2048,1536,128738,images/run_000008/shard_0033/run_000008_img_3219.jpg,images/test/run_000008_img_3219.jpg
test,3220,run_000008_img_3220,3238346,2048,1536,128647,images/run_000008/shard_0033/run_000008_img_3220.jpg,images/test/run_000008_img_3220.jpg
test,3221,run_000008_img_3221,3239346,2048,1536,128344,images/run_000008/shard_0033/run_000008_img_3221.jpg,images/test/run_000008_img_3221.jpg
test,3222,run_000008_img_3222,3240347,2048,1536,128493,images/run_000008/shard_0033/run_000008_img_3222.jpg,images/test/run_000008_img_3222.jpg
test,3223,run_000008_img_3223,3241350,2048,1536,128809,images/run_000008/shard_0033/run_000008_img_3223.jpg,images/test/run_000008_img_3223.jpg
test,3224,run_000008_img_3224,3242346,2048,1536,129893,images/run_000008/shard_0033/run_000008_img_3224.jpg,images/test/run_000008_img_3224.jpg
test,3225,run_000008_img_3225,3243350,2048,1536,130179,images/run_000008/shard_0033/run_000008_img_3225.jpg,images/test/run_000008_img_3225.jpg
test,3226,run_000008_img_3226,3244347,2048,1536,130082,images/run_000008/shard_0033/run_000008_img_3226.jpg,images/test/run_000008_img_3226.jpg
test,3227,run_000008_img_3227,3245350,2048,1536,130573,images/run_000008/shard_0033/run_000008_img_3227.jpg,images/test/run_000008_img_3227.jpg
test,3228,run_000008_img_3228,3246349,2048,1536,131098,images/run_000008/shard_0033/run_000008_img_3228.jpg,images/test/run_000008_img_3228.jpg
test,3229,run_000008_img_3229,3247349,2048,1536,131454,images/run_000008/shard_0033/run_000008_img_3229.jpg,images/test/run_000008_img_3229.jpg
test,3230,run_000008_img_3230,3248348,2048,1536,131805,images/run_000008/shard_0033/run_000008_img_3230.jpg,images/test/run_000008_img_3230.jpg
test,3231,run_000008_img_3231,3249586,2048,1536,130577,images/run_000008/shard_0033/run_000008_img_3231.jpg,images/test/run_000008_img_3231.jpg
test,3232,run_000008_img_3232,3250350,2048,1536,130449,images/run_000008/shard_0033/run_000008_img_3232.jpg,images/test/run_000008_img_3232.jpg
test,3233,run_000008_img_3233,3251348,2048,1536,130746,images/run_000008/shard_0033/run_000008_img_3233.jpg,images/test/run_000008_img_3233.jpg
test,3234,run_000008_img_3234,3252346,2048,1536,129921,images/run_000008/shard_0033/run_000008_img_3234.jpg,images/test/run_000008_img_3234.jpg
test,3235,run_000008_img_3235,3253348,2048,1536,129689,images/run_000008/shard_0033/run_000008_img_3235.jpg,images/test/run_000008_img_3235.jpg
test,3236,run_000008_img_3236,3254346,2048,1536,129335,images/run_000008/shard_0033/run_000008_img_3236.jpg,images/test/run_000008_img_3236.jpg
test,3237,run_000008_img_3237,3255645,2048,1536,129261,images/run_000008/shard_0033/run_000008_img_3237.jpg,images/test/run_000008_img_3237.jpg
test,3238,run_000008_img_3238,3256455,2048,1536,128930,images/run_000008/shard_0033/run_000008_img_3238.jpg,images/test/run_000008_img_3238.jpg
test,3239,run_000008_img_3239,3257351,2048,1536,129015,images/run_000008/shard_0033/run_000008_img_3239.jpg,images/test/run_000008_img_3239.jpg
test,3240,run_000008_img_3240,3258348,2048,1536,129005,images/run_000008/shard_0033/run_000008_img_3240.jpg,images/test/run_000008_img_3240.jpg
test,3241,run_000008_img_3241,3259347,2048,1536,129012,images/run_000008/shard_0033/run_000008_img_3241.jpg,images/test/run_000008_img_3241.jpg
test,3242,run_000008_img_3242,3260348,2048,1536,129247,images/run_000008/shard_0033/run_000008_img_3242.jpg,images/test/run_000008_img_3242.jpg
test,3243,run_000008_img_3243,3261350,2048,1536,129190,images/run_000008/shard_0033/run_000008_img_3243.jpg,images/test/run_000008_img_3243.jpg
test,3244,run_000008_img_3244,3262346,2048,1536,129285,images/run_000008/shard_0033/run_000008_img_3244.jpg,images/test/run_000008_img_3244.jpg
test,3245,run_000008_img_3245,3263350,2048,1536,129466,images/run_000008/shard_0033/run_000008_img_3245.jpg,images/test/run_000008_img_3245.jpg
test,3246,run_000008_img_3246,3264347,2048,1536,129355,images/run_000008/shard_0033/run_000008_img_3246.jpg,images/test/run_000008_img_3246.jpg
test,3247,run_000008_img_3247,3265349,2048,1536,129442,images/run_000008/shard_0033/run_000008_img_3247.jpg,images/test/run_000008_img_3247.jpg
test,3248,run_000008_img_3248,3266348,2048,1536,129524,images/run_000008/shard_0033/run_000008_img_3248.jpg,images/test/run_000008_img_3248.jpg
test,3249,run_000008_img_3249,3267347,2048,1536,129591,images/run_000008/shard_0033/run_000008_img_3249.jpg,images/test/run_000008_img_3249.jpg
test,3250,run_000008_img_3250,3268346,2048,1536,129544,images/run_000008/shard_0033/run_000008_img_3250.jpg,images/test/run_000008_img_3250.jpg
test,3251,run_000008_img_3251,3269350,2048,1536,129604,images/run_000008/shard_0033/run_000008_img_3251.jpg,images/test/run_000008_img_3251.jpg
test,3252,run_000008_img_3252,3270347,2048,1536,129662,images/run_000008/shard_0033/run_000008_img_3252.jpg,images/test/run_000008_img_3252.jpg
test,3253,run_000008_img_3253,3271348,2048,1536,129963,images/run_000008/shard_0033/run_000008_img_3253.jpg,images/test/run_000008_img_3253.jpg
test,3254,run_000008_img_3254,3272349,2048,1536,129842,images/run_000008/shard_0033/run_000008_img_3254.jpg,images/test/run_000008_img_3254.jpg
test,3255,run_000008_img_3255,3273349,2048,1536,130006,images/run_000008/shard_0033/run_000008_img_3255.jpg,images/test/run_000008_img_3255.jpg
test,3256,run_000008_img_3256,3274347,2048,1536,129874,images/run_000008/shard_0033/run_000008_img_3256.jpg,images/test/run_000008_img_3256.jpg
test,3257,run_000008_img_3257,3275350,2048,1536,129825,images/run_000008/shard_0033/run_000008_img_3257.jpg,images/test/run_000008_img_3257.jpg
test,3258,run_000008_img_3258,3276349,2048,1536,130030,images/run_000008/shard_0033/run_000008_img_3258.jpg,images/test/run_000008_img_3258.jpg
test,3259,run_000008_img_3259,3277349,2048,1536,130063,images/run_000008/shard_0033/run_000008_img_3259.jpg,images/test/run_000008_img_3259.jpg
test,3260,run_000008_img_3260,3278351,2048,1536,130126,images/run_000008/shard_0033/run_000008_img_3260.jpg,images/test/run_000008_img_3260.jpg
test,3261,run_000008_img_3261,3279350,2048,1536,130411,images/run_000008/shard_0033/run_000008_img_3261.jpg,images/test/run_000008_img_3261.jpg
test,3262,run_000008_img_3262,3280348,2048,1536,130577,images/run_000008/shard_0033/run_000008_img_3262.jpg,images/test/run_000008_img_3262.jpg
test,3263,run_000008_img_3263,3281349,2048,1536,130881,images/run_000008/shard_0033/run_000008_img_3263.jpg,images/test/run_000008_img_3263.jpg
test,3264,run_000008_img_3264,3282714,2048,1536,131486,images/run_000008/shard_0033/run_000008_img_3264.jpg,images/test/run_000008_img_3264.jpg
test,3265,run_000008_img_3265,3283614,2048,1536,131744,images/run_000008/shard_0033/run_000008_img_3265.jpg,images/test/run_000008_img_3265.jpg
test,3266,run_000008_img_3266,3284513,2048,1536,132327,images/run_000008/shard_0033/run_000008_img_3266.jpg,images/test/run_000008_img_3266.jpg
test,3267,run_000008_img_3267,3285412,2048,1536,132500,images/run_000008/shard_0033/run_000008_img_3267.jpg,images/test/run_000008_img_3267.jpg
test,3268,run_000008_img_3268,3286346,2048,1536,128514,images/run_000008/shard_0033/run_000008_img_3268.jpg,images/test/run_000008_img_3268.jpg
test,3269,run_000008_img_3269,3287347,2048,1536,129237,images/run_000008/shard_0033/run_000008_img_3269.jpg,images/test/run_000008_img_3269.jpg
test,3270,run_000008_img_3270,3288350,2048,1536,129546,images/run_000008/shard_0033/run_000008_img_3270.jpg,images/test/run_000008_img_3270.jpg
test,3271,run_000008_img_3271,3289347,2048,1536,130454,images/run_000008/shard_0033/run_000008_img_3271.jpg,images/test/run_000008_img_3271.jpg
test,3272,run_000008_img_3272,3290349,2048,1536,131059,images/run_000008/shard_0033/run_000008_img_3272.jpg,images/test/run_000008_img_3272.jpg
test,3273,run_000008_img_3273,3291349,2048,1536,131268,images/run_000008/shard_0033/run_000008_img_3273.jpg,images/test/run_000008_img_3273.jpg
test,3274,run_000008_img_3274,3292347,2048,1536,131612,images/run_000008/shard_0033/run_000008_img_3274.jpg,images/test/run_000008_img_3274.jpg
test,3275,run_000008_img_3275,3293350,2048,1536,132166,images/run_000008/shard_0033/run_000008_img_3275.jpg,images/test/run_000008_img_3275.jpg
test,3276,run_000008_img_3276,3294346,2048,1536,132781,images/run_000008/shard_0033/run_000008_img_3276.jpg,images/test/run_000008_img_3276.jpg
test,3277,run_000008_img_3277,3295346,2048,1536,129786,images/run_000008/shard_0033/run_000008_img_3277.jpg,images/test/run_000008_img_3277.jpg
test,3278,run_000008_img_3278,3296347,2048,1536,130791,images/run_000008/shard_0033/run_000008_img_3278.jpg,images/test/run_000008_img_3278.jpg
test,3279,run_000008_img_3279,3297346,2048,1536,131945,images/run_000008/shard_0033/run_000008_img_3279.jpg,images/test/run_000008_img_3279.jpg
test,3280,run_000008_img_3280,3298349,2048,1536,134174,images/run_000008/shard_0033/run_000008_img_3280.jpg,images/test/run_000008_img_3280.jpg
test,3281,run_000008_img_3281,3299349,2048,1536,134707,images/run_000008/shard_0033/run_000008_img_3281.jpg,images/test/run_000008_img_3281.jpg
test,3282,run_000008_img_3282,3300346,2048,1536,134996,images/run_000008/shard_0033/run_000008_img_3282.jpg,images/test/run_000008_img_3282.jpg
test,3283,run_000008_img_3283,3301348,2048,1536,131274,images/run_000008/shard_0033/run_000008_img_3283.jpg,images/test/run_000008_img_3283.jpg
test,3284,run_000008_img_3284,3302346,2048,1536,129940,images/run_000008/shard_0033/run_000008_img_3284.jpg,images/test/run_000008_img_3284.jpg
test,3285,run_000008_img_3285,3303349,2048,1536,129172,images/run_000008/shard_0033/run_000008_img_3285.jpg,images/test/run_000008_img_3285.jpg
test,3286,run_000008_img_3286,3304772,2048,1536,129326,images/run_000008/shard_0033/run_000008_img_3286.jpg,images/test/run_000008_img_3286.jpg
test,3287,run_000008_img_3287,3305826,2048,1536,129969,images/run_000008/shard_0033/run_000008_img_3287.jpg,images/test/run_000008_img_3287.jpg
test,3288,run_000008_img_3288,3306816,2048,1536,130379,images/run_000008/shard_0033/run_000008_img_3288.jpg,images/test/run_000008_img_3288.jpg
test,3289,run_000008_img_3289,3307805,2048,1536,131369,images/run_000008/shard_0033/run_000008_img_3289.jpg,images/test/run_000008_img_3289.jpg
test,3290,run_000008_img_3290,3308794,2048,1536,134248,images/run_000008/shard_0033/run_000008_img_3290.jpg,images/test/run_000008_img_3290.jpg
test,3291,run_000008_img_3291,3309783,2048,1536,134862,images/run_000008/shard_0033/run_000008_img_3291.jpg,images/test/run_000008_img_3291.jpg
test,3292,run_000008_img_3292,3310772,2048,1536,134970,images/run_000008/shard_0033/run_000008_img_3292.jpg,images/test/run_000008_img_3292.jpg
test,3293,run_000008_img_3293,3311762,2048,1536,135040,images/run_000008/shard_0033/run_000008_img_3293.jpg,images/test/run_000008_img_3293.jpg
test,3294,run_000008_img_3294,3312751,2048,1536,135778,images/run_000008/shard_0033/run_000008_img_3294.jpg,images/test/run_000008_img_3294.jpg
test,3295,run_000008_img_3295,3313740,2048,1536,136133,images/run_000008/shard_0033/run_000008_img_3295.jpg,images/test/run_000008_img_3295.jpg
test,3296,run_000008_img_3296,3315269,2048,1536,135877,images/run_000008/shard_0033/run_000008_img_3296.jpg,images/test/run_000008_img_3296.jpg
test,3297,run_000008_img_3297,3316258,2048,1536,135276,images/run_000008/shard_0033/run_000008_img_3297.jpg,images/test/run_000008_img_3297.jpg
test,3298,run_000008_img_3298,3317247,2048,1536,134599,images/run_000008/shard_0033/run_000008_img_3298.jpg,images/test/run_000008_img_3298.jpg
test,3299,run_000008_img_3299,3318237,2048,1536,133223,images/run_000008/shard_0033/run_000008_img_3299.jpg,images/test/run_000008_img_3299.jpg
test,3300,run_000008_img_3300,3319226,2048,1536,131600,images/run_000008/shard_0033/run_000008_img_3300.jpg,images/test/run_000008_img_3300.jpg
test,3301,run_000008_img_3301,3320783,2048,1536,130571,images/run_000008/shard_0034/run_000008_img_3301.jpg,images/test/run_000008_img_3301.jpg
test,3302,run_000008_img_3302,3321830,2048,1536,128764,images/run_000008/shard_0034/run_000008_img_3302.jpg,images/test/run_000008_img_3302.jpg
test,3303,run_000008_img_3303,3322784,2048,1536,129692,images/run_000008/shard_0034/run_000008_img_3303.jpg,images/test/run_000008_img_3303.jpg
test,3304,run_000008_img_3304,3323784,2048,1536,129485,images/run_000008/shard_0034/run_000008_img_3304.jpg,images/test/run_000008_img_3304.jpg
test,3305,run_000008_img_3305,3324783,2048,1536,129497,images/run_000008/shard_0034/run_000008_img_3305.jpg,images/test/run_000008_img_3305.jpg
test,3306,run_000008_img_3306,3325784,2048,1536,129578,images/run_000008/shard_0034/run_000008_img_3306.jpg,images/test/run_000008_img_3306.jpg
test,3307,run_000008_img_3307,3326787,2048,1536,129909,images/run_000008/shard_0034/run_000008_img_3307.jpg,images/test/run_000008_img_3307.jpg
test,3308,run_000008_img_3308,3327784,2048,1536,129865,images/run_000008/shard_0034/run_000008_img_3308.jpg,images/test/run_000008_img_3308.jpg
test,3309,run_000008_img_3309,3328786,2048,1536,129774,images/run_000008/shard_0034/run_000008_img_3309.jpg,images/test/run_000008_img_3309.jpg
test,3310,run_000008_img_3310,3330017,2048,1536,129893,images/run_000008/shard_0034/run_000008_img_3310.jpg,images/test/run_000008_img_3310.jpg
test,3311,run_000008_img_3311,3330786,2048,1536,130492,images/run_000008/shard_0034/run_000008_img_3311.jpg,images/test/run_000008_img_3311.jpg
test,3312,run_000008_img_3312,3331788,2048,1536,131194,images/run_000008/shard_0034/run_000008_img_3312.jpg,images/test/run_000008_img_3312.jpg
test,3313,run_000008_img_3313,3332786,2048,1536,132171,images/run_000008/shard_0034/run_000008_img_3313.jpg,images/test/run_000008_img_3313.jpg
test,3314,run_000008_img_3314,3333785,2048,1536,132782,images/run_000008/shard_0034/run_000008_img_3314.jpg,images/test/run_000008_img_3314.jpg
test,3315,run_000008_img_3315,3334784,2048,1536,133253,images/run_000008/shard_0034/run_000008_img_3315.jpg,images/test/run_000008_img_3315.jpg
test,3316,run_000008_img_3316,3335785,2048,1536,133254,images/run_000008/shard_0034/run_000008_img_3316.jpg,images/test/run_000008_img_3316.jpg
test,3317,run_000008_img_3317,3336787,2048,1536,133277,images/run_000008/shard_0034/run_000008_img_3317.jpg,images/test/run_000008_img_3317.jpg
test,3318,run_000008_img_3318,3337783,2048,1536,132346,images/run_000008/shard_0034/run_000008_img_3318.jpg,images/test/run_000008_img_3318.jpg
test,3319,run_000008_img_3319,3338787,2048,1536,131603,images/run_000008/shard_0034/run_000008_img_3319.jpg,images/test/run_000008_img_3319.jpg
test,3320,run_000008_img_3320,3339785,2048,1536,131206,images/run_000008/shard_0034/run_000008_img_3320.jpg,images/test/run_000008_img_3320.jpg
test,3321,run_000008_img_3321,3340783,2048,1536,131787,images/run_000008/shard_0034/run_000008_img_3321.jpg,images/test/run_000008_img_3321.jpg
test,3322,run_000008_img_3322,3341787,2048,1536,132418,images/run_000008/shard_0034/run_000008_img_3322.jpg,images/test/run_000008_img_3322.jpg
test,3323,run_000008_img_3323,3342784,2048,1536,132158,images/run_000008/shard_0034/run_000008_img_3323.jpg,images/test/run_000008_img_3323.jpg
test,3324,run_000008_img_3324,3343784,2048,1536,131756,images/run_000008/shard_0034/run_000008_img_3324.jpg,images/test/run_000008_img_3324.jpg
test,3325,run_000008_img_3325,3344787,2048,1536,131298,images/run_000008/shard_0034/run_000008_img_3325.jpg,images/test/run_000008_img_3325.jpg
test,3326,run_000008_img_3326,3346019,2048,1536,130979,images/run_000008/shard_0034/run_000008_img_3326.jpg,images/test/run_000008_img_3326.jpg
test,3327,run_000008_img_3327,3346834,2048,1536,130770,images/run_000008/shard_0034/run_000008_img_3327.jpg,images/test/run_000008_img_3327.jpg
test,3328,run_000008_img_3328,3347786,2048,1536,130568,images/run_000008/shard_0034/run_000008_img_3328.jpg,images/test/run_000008_img_3328.jpg
test,3329,run_000008_img_3329,3348785,2048,1536,130319,images/run_000008/shard_0034/run_000008_img_3329.jpg,images/test/run_000008_img_3329.jpg
test,3330,run_000008_img_3330,3349786,2048,1536,129745,images/run_000008/shard_0034/run_000008_img_3330.jpg,images/test/run_000008_img_3330.jpg
test,3331,run_000008_img_3331,3350783,2048,1536,129429,images/run_000008/shard_0034/run_000008_img_3331.jpg,images/test/run_000008_img_3331.jpg
test,3332,run_000008_img_3332,3351787,2048,1536,128912,images/run_000008/shard_0034/run_000008_img_3332.jpg,images/test/run_000008_img_3332.jpg
test,3333,run_000008_img_3333,3352787,2048,1536,128555,images/run_000008/shard_0034/run_000008_img_3333.jpg,images/test/run_000008_img_3333.jpg
test,3334,run_000008_img_3334,3353784,2048,1536,128213,images/run_000008/shard_0034/run_000008_img_3334.jpg,images/test/run_000008_img_3334.jpg
test,3335,run_000008_img_3335,3354783,2048,1536,129428,images/run_000008/shard_0034/run_000008_img_3335.jpg,images/test/run_000008_img_3335.jpg
test,3336,run_000008_img_3336,3355785,2048,1536,129296,images/run_000008/shard_0034/run_000008_img_3336.jpg,images/test/run_000008_img_3336.jpg
test,3337,run_000008_img_3337,3356783,2048,1536,129375,images/run_000008/shard_0034/run_000008_img_3337.jpg,images/test/run_000008_img_3337.jpg
test,3338,run_000008_img_3338,3357786,2048,1536,129753,images/run_000008/shard_0034/run_000008_img_3338.jpg,images/test/run_000008_img_3338.jpg
test,3339,run_000008_img_3339,3358786,2048,1536,129887,images/run_000008/shard_0034/run_000008_img_3339.jpg,images/test/run_000008_img_3339.jpg
test,3340,run_000008_img_3340,3359788,2048,1536,130099,images/run_000008/shard_0034/run_000008_img_3340.jpg,images/test/run_000008_img_3340.jpg
test,3341,run_000008_img_3341,3360787,2048,1536,130414,images/run_000008/shard_0034/run_000008_img_3341.jpg,images/test/run_000008_img_3341.jpg
test,3342,run_000008_img_3342,3361785,2048,1536,130544,images/run_000008/shard_0034/run_000008_img_3342.jpg,images/test/run_000008_img_3342.jpg
test,3343,run_000008_img_3343,3362784,2048,1536,130778,images/run_000008/shard_0034/run_000008_img_3343.jpg,images/test/run_000008_img_3343.jpg
test,3344,run_000008_img_3344,3363921,2048,1536,130813,images/run_000008/shard_0034/run_000008_img_3344.jpg,images/test/run_000008_img_3344.jpg
test,3345,run_000008_img_3345,3364787,2048,1536,130767,images/run_000008/shard_0034/run_000008_img_3345.jpg,images/test/run_000008_img_3345.jpg
test,3346,run_000008_img_3346,3365785,2048,1536,130973,images/run_000008/shard_0034/run_000008_img_3346.jpg,images/test/run_000008_img_3346.jpg
test,3347,run_000008_img_3347,3366783,2048,1536,130941,images/run_000008/shard_0034/run_000008_img_3347.jpg,images/test/run_000008_img_3347.jpg
test,3348,run_000008_img_3348,3367786,2048,1536,130860,images/run_000008/shard_0034/run_000008_img_3348.jpg,images/test/run_000008_img_3348.jpg
test,3349,run_000008_img_3349,3368787,2048,1536,130769,images/run_000008/shard_0034/run_000008_img_3349.jpg,images/test/run_000008_img_3349.jpg
test,3350,run_000008_img_3350,3369784,2048,1536,130785,images/run_000008/shard_0034/run_000008_img_3350.jpg,images/test/run_000008_img_3350.jpg
test,3351,run_000008_img_3351,3370786,2048,1536,130882,images/run_000008/shard_0034/run_000008_img_3351.jpg,images/test/run_000008_img_3351.jpg
test,3352,run_000008_img_3352,3371784,2048,1536,131049,images/run_000008/shard_0034/run_000008_img_3352.jpg,images/test/run_000008_img_3352.jpg
test,3353,run_000008_img_3353,3373274,2048,1536,130832,images/run_000008/shard_0034/run_000008_img_3353.jpg,images/test/run_000008_img_3353.jpg
test,3354,run_000008_img_3354,3374173,2048,1536,130883,images/run_000008/shard_0034/run_000008_img_3354.jpg,images/test/run_000008_img_3354.jpg
test,3355,run_000008_img_3355,3375072,2048,1536,130983,images/run_000008/shard_0034/run_000008_img_3355.jpg,images/test/run_000008_img_3355.jpg
test,3356,run_000008_img_3356,3375972,2048,1536,130951,images/run_000008/shard_0034/run_000008_img_3356.jpg,images/test/run_000008_img_3356.jpg
test,3357,run_000008_img_3357,3376871,2048,1536,130902,images/run_000008/shard_0034/run_000008_img_3357.jpg,images/test/run_000008_img_3357.jpg
test,3358,run_000008_img_3358,3377784,2048,1536,130884,images/run_000008/shard_0034/run_000008_img_3358.jpg,images/test/run_000008_img_3358.jpg
test,3359,run_000008_img_3359,3378785,2048,1536,130839,images/run_000008/shard_0034/run_000008_img_3359.jpg,images/test/run_000008_img_3359.jpg
test,3360,run_000008_img_3360,3379785,2048,1536,131011,images/run_000008/shard_0034/run_000008_img_3360.jpg,images/test/run_000008_img_3360.jpg
test,3361,run_000008_img_3361,3380786,2048,1536,130963,images/run_000008/shard_0034/run_000008_img_3361.jpg,images/test/run_000008_img_3361.jpg
test,3362,run_000008_img_3362,3381786,2048,1536,131112,images/run_000008/shard_0034/run_000008_img_3362.jpg,images/test/run_000008_img_3362.jpg
test,3363,run_000008_img_3363,3382787,2048,1536,131032,images/run_000008/shard_0034/run_000008_img_3363.jpg,images/test/run_000008_img_3363.jpg
test,3364,run_000008_img_3364,3383788,2048,1536,131142,images/run_000008/shard_0034/run_000008_img_3364.jpg,images/test/run_000008_img_3364.jpg
test,3365,run_000008_img_3365,3384784,2048,1536,131209,images/run_000008/shard_0034/run_000008_img_3365.jpg,images/test/run_000008_img_3365.jpg
test,3366,run_000008_img_3366,3385788,2048,1536,131218,images/run_000008/shard_0034/run_000008_img_3366.jpg,images/test/run_000008_img_3366.jpg
test,3367,run_000008_img_3367,3386788,2048,1536,131108,images/run_000008/shard_0034/run_000008_img_3367.jpg,images/test/run_000008_img_3367.jpg
test,3368,run_000008_img_3368,3387786,2048,1536,131160,images/run_000008/shard_0034/run_000008_img_3368.jpg,images/test/run_000008_img_3368.jpg
test,3369,run_000008_img_3369,3388783,2048,1536,131384,images/run_000008/shard_0034/run_000008_img_3369.jpg,images/test/run_000008_img_3369.jpg
test,3370,run_000008_img_3370,3389784,2048,1536,131427,images/run_000008/shard_0034/run_000008_img_3370.jpg,images/test/run_000008_img_3370.jpg
test,3371,run_000008_img_3371,3390828,2048,1536,131114,images/run_000008/shard_0034/run_000008_img_3371.jpg,images/test/run_000008_img_3371.jpg
test,3372,run_000008_img_3372,3392069,2048,1536,131176,images/run_000008/shard_0034/run_000008_img_3372.jpg,images/test/run_000008_img_3372.jpg
test,3373,run_000008_img_3373,3392972,2048,1536,130778,images/run_000008/shard_0034/run_000008_img_3373.jpg,images/test/run_000008_img_3373.jpg
test,3374,run_000008_img_3374,3393958,2048,1536,130813,images/run_000008/shard_0034/run_000008_img_3374.jpg,images/test/run_000008_img_3374.jpg
test,3375,run_000008_img_3375,3394947,2048,1536,130786,images/run_000008/shard_0034/run_000008_img_3375.jpg,images/test/run_000008_img_3375.jpg
test,3376,run_000008_img_3376,3395936,2048,1536,130926,images/run_000008/shard_0034/run_000008_img_3376.jpg,images/test/run_000008_img_3376.jpg
test,3377,run_000008_img_3377,3396925,2048,1536,130814,images/run_000008/shard_0034/run_000008_img_3377.jpg,images/test/run_000008_img_3377.jpg
test,3378,run_000008_img_3378,3397915,2048,1536,131070,images/run_000008/shard_0034/run_000008_img_3378.jpg,images/test/run_000008_img_3378.jpg
test,3379,run_000008_img_3379,3398904,2048,1536,131024,images/run_000008/shard_0034/run_000008_img_3379.jpg,images/test/run_000008_img_3379.jpg
test,3380,run_000008_img_3380,3399893,2048,1536,131312,images/run_000008/shard_0034/run_000008_img_3380.jpg,images/test/run_000008_img_3380.jpg
test,3381,run_000008_img_3381,3401353,2048,1536,131738,images/run_000008/shard_0034/run_000008_img_3381.jpg,images/test/run_000008_img_3381.jpg
test,3382,run_000008_img_3382,3402321,2048,1536,132180,images/run_000008/shard_0034/run_000008_img_3382.jpg,images/test/run_000008_img_3382.jpg
test,3383,run_000008_img_3383,3403311,2048,1536,132469,images/run_000008/shard_0034/run_000008_img_3383.jpg,images/test/run_000008_img_3383.jpg
test,3384,run_000008_img_3384,3404300,2048,1536,132788,images/run_000008/shard_0034/run_000008_img_3384.jpg,images/test/run_000008_img_3384.jpg
test,3385,run_000008_img_3385,3405289,2048,1536,132828,images/run_000008/shard_0034/run_000008_img_3385.jpg,images/test/run_000008_img_3385.jpg
test,3386,run_000008_img_3386,3406278,2048,1536,132916,images/run_000008/shard_0034/run_000008_img_3386.jpg,images/test/run_000008_img_3386.jpg
test,3387,run_000008_img_3387,3407267,2048,1536,133012,images/run_000008/shard_0034/run_000008_img_3387.jpg,images/test/run_000008_img_3387.jpg
test,3388,run_000008_img_3388,3408257,2048,1536,133088,images/run_000008/shard_0034/run_000008_img_3388.jpg,images/test/run_000008_img_3388.jpg
test,3389,run_000008_img_3389,3409246,2048,1536,133285,images/run_000008/shard_0034/run_000008_img_3389.jpg,images/test/run_000008_img_3389.jpg
test,3390,run_000008_img_3390,3410237,2048,1536,133277,images/run_000008/shard_0034/run_000008_img_3390.jpg,images/test/run_000008_img_3390.jpg
test,3391,run_000008_img_3391,3411314,2048,1536,133115,images/run_000008/shard_0034/run_000008_img_3391.jpg,images/test/run_000008_img_3391.jpg
test,3392,run_000008_img_3392,3412315,2048,1536,132696,images/run_000008/shard_0034/run_000008_img_3392.jpg,images/test/run_000008_img_3392.jpg
test,3393,run_000008_img_3393,3413383,2048,1536,132150,images/run_000008/shard_0034/run_000008_img_3393.jpg,images/test/run_000008_img_3393.jpg
test,3394,run_000008_img_3394,3414383,2048,1536,132014,images/run_000008/shard_0034/run_000008_img_3394.jpg,images/test/run_000008_img_3394.jpg
test,3395,run_000008_img_3395,3415451,2048,1536,131749,images/run_000008/shard_0034/run_000008_img_3395.jpg,images/test/run_000008_img_3395.jpg
test,3396,run_000008_img_3396,3416530,2048,1536,131752,images/run_000008/shard_0034/run_000008_img_3396.jpg,images/test/run_000008_img_3396.jpg
test,3397,run_000008_img_3397,3417609,2048,1536,131732,images/run_000008/shard_0034/run_000008_img_3397.jpg,images/test/run_000008_img_3397.jpg
test,3398,run_000008_img_3398,3418688,2048,1536,131908,images/run_000008/shard_0034/run_000008_img_3398.jpg,images/test/run_000008_img_3398.jpg
test,3399,run_000008_img_3399,3419768,2048,1536,132052,images/run_000008/shard_0034/run_000008_img_3399.jpg,images/test/run_000008_img_3399.jpg
test,3400,run_000008_img_3400,3420847,2048,1536,132098,images/run_000008/shard_0034/run_000008_img_3400.jpg,images/test/run_000008_img_3400.jpg
test,3401,run_000008_img_3401,3422496,2048,1536,132350,images/run_000008/shard_0035/run_000008_img_3401.jpg,images/test/run_000008_img_3401.jpg
test,3402,run_000008_img_3402,3424071,2048,1536,132207,images/run_000008/shard_0035/run_000008_img_3402.jpg,images/test/run_000008_img_3402.jpg
test,3403,run_000008_img_3403,3425073,2048,1536,132316,images/run_000008/shard_0035/run_000008_img_3403.jpg,images/test/run_000008_img_3403.jpg
test,3404,run_000008_img_3404,3426072,2048,1536,132290,images/run_000008/shard_0035/run_000008_img_3404.jpg,images/test/run_000008_img_3404.jpg
test,3405,run_000008_img_3405,3427073,2048,1536,132133,images/run_000008/shard_0035/run_000008_img_3405.jpg,images/test/run_000008_img_3405.jpg
test,3406,run_000008_img_3406,3428072,2048,1536,131936,images/run_000008/shard_0035/run_000008_img_3406.jpg,images/test/run_000008_img_3406.jpg
test,3407,run_000008_img_3407,3429300,2048,1536,131605,images/run_000008/shard_0035/run_000008_img_3407.jpg,images/test/run_000008_img_3407.jpg
test,3408,run_000008_img_3408,3430071,2048,1536,131477,images/run_000008/shard_0035/run_000008_img_3408.jpg,images/test/run_000008_img_3408.jpg
test,3409,run_000008_img_3409,3431071,2048,1536,130863,images/run_000008/shard_0035/run_000008_img_3409.jpg,images/test/run_000008_img_3409.jpg
test,3410,run_000008_img_3410,3432073,2048,1536,129794,images/run_000008/shard_0035/run_000008_img_3410.jpg,images/test/run_000008_img_3410.jpg
test,3411,run_000008_img_3411,3433071,2048,1536,129396,images/run_000008/shard_0035/run_000008_img_3411.jpg,images/test/run_000008_img_3411.jpg
test,3412,run_000008_img_3412,3434074,2048,1536,129071,images/run_000008/shard_0035/run_000008_img_3412.jpg,images/test/run_000008_img_3412.jpg
test,3413,run_000008_img_3413,3435071,2048,1536,128921,images/run_000008/shard_0035/run_000008_img_3413.jpg,images/test/run_000008_img_3413.jpg
test,3414,run_000008_img_3414,3436070,2048,1536,128799,images/run_000008/shard_0035/run_000008_img_3414.jpg,images/test/run_000008_img_3414.jpg
test,3415,run_000008_img_3415,3437073,2048,1536,129970,images/run_000008/shard_0035/run_000008_img_3415.jpg,images/test/run_000008_img_3415.jpg
test,3416,run_000008_img_3416,3438070,2048,1536,129709,images/run_000008/shard_0035/run_000008_img_3416.jpg,images/test/run_000008_img_3416.jpg
test,3417,run_000008_img_3417,3439075,2048,1536,129043,images/run_000008/shard_0035/run_000008_img_3417.jpg,images/test/run_000008_img_3417.jpg
test,3418,run_000008_img_3418,3440071,2048,1536,129915,images/run_000008/shard_0035/run_000008_img_3418.jpg,images/test/run_000008_img_3418.jpg
test,3419,run_000008_img_3419,3441070,2048,1536,129558,images/run_000008/shard_0035/run_000008_img_3419.jpg,images/test/run_000008_img_3419.jpg
test,3420,run_000008_img_3420,3442074,2048,1536,129351,images/run_000008/shard_0035/run_000008_img_3420.jpg,images/test/run_000008_img_3420.jpg
test,3421,run_000008_img_3421,3443073,2048,1536,129143,images/run_000008/shard_0035/run_000008_img_3421.jpg,images/test/run_000008_img_3421.jpg
test,3422,run_000008_img_3422,3444074,2048,1536,128881,images/run_000008/shard_0035/run_000008_img_3422.jpg,images/test/run_000008_img_3422.jpg
test,3423,run_000008_img_3423,3445073,2048,1536,128842,images/run_000008/shard_0035/run_000008_img_3423.jpg,images/test/run_000008_img_3423.jpg
test,3424,run_000008_img_3424,3446071,2048,1536,130390,images/run_000008/shard_0035/run_000008_img_3424.jpg,images/test/run_000008_img_3424.jpg
test,3425,run_000008_img_3425,3447073,2048,1536,130065,images/run_000008/shard_0035/run_000008_img_3425.jpg,images/test/run_000008_img_3425.jpg
test,3426,run_000008_img_3426,3448074,2048,1536,129490,images/run_000008/shard_0035/run_000008_img_3426.jpg,images/test/run_000008_img_3426.jpg
test,3427,run_000008_img_3427,3449070,2048,1536,129304,images/run_000008/shard_0035/run_000008_img_3427.jpg,images/test/run_000008_img_3427.jpg
test,3428,run_000008_img_3428,3450072,2048,1536,128839,images/run_000008/shard_0035/run_000008_img_3428.jpg,images/test/run_000008_img_3428.jpg
test,3429,run_000008_img_3429,3451070,2048,1536,128371,images/run_000008/shard_0035/run_000008_img_3429.jpg,images/test/run_000008_img_3429.jpg
test,3430,run_000008_img_3430,3452074,2048,1536,128118,images/run_000008/shard_0035/run_000008_img_3430.jpg,images/test/run_000008_img_3430.jpg
test,3431,run_000008_img_3431,3453132,2048,1536,127954,images/run_000008/shard_0035/run_000008_img_3431.jpg,images/test/run_000008_img_3431.jpg
test,3432,run_000008_img_3432,3454074,2048,1536,129453,images/run_000008/shard_0035/run_000008_img_3432.jpg,images/test/run_000008_img_3432.jpg
test,3433,run_000008_img_3433,3455073,2048,1536,129181,images/run_000008/shard_0035/run_000008_img_3433.jpg,images/test/run_000008_img_3433.jpg
test,3434,run_000008_img_3434,3456369,2048,1536,128920,images/run_000008/shard_0035/run_000008_img_3434.jpg,images/test/run_000008_img_3434.jpg
test,3435,run_000008_img_3435,3457178,2048,1536,128956,images/run_000008/shard_0035/run_000008_img_3435.jpg,images/test/run_000008_img_3435.jpg
test,3436,run_000008_img_3436,3458072,2048,1536,128825,images/run_000008/shard_0035/run_000008_img_3436.jpg,images/test/run_000008_img_3436.jpg
test,3437,run_000008_img_3437,3459073,2048,1536,128719,images/run_000008/shard_0035/run_000008_img_3437.jpg,images/test/run_000008_img_3437.jpg
test,3438,run_000008_img_3438,3460073,2048,1536,128613,images/run_000008/shard_0035/run_000008_img_3438.jpg,images/test/run_000008_img_3438.jpg
test,3439,run_000008_img_3439,3461073,2048,1536,128587,images/run_000008/shard_0035/run_000008_img_3439.jpg,images/test/run_000008_img_3439.jpg
test,3440,run_000008_img_3440,3462071,2048,1536,128464,images/run_000008/shard_0035/run_000008_img_3440.jpg,images/test/run_000008_img_3440.jpg
test,3441,run_000008_img_3441,3463071,2048,1536,128113,images/run_000008/shard_0035/run_000008_img_3441.jpg,images/test/run_000008_img_3441.jpg
test,3442,run_000008_img_3442,3464074,2048,1536,128019,images/run_000008/shard_0035/run_000008_img_3442.jpg,images/test/run_000008_img_3442.jpg
test,3443,run_000008_img_3443,3465071,2048,1536,128070,images/run_000008/shard_0035/run_000008_img_3443.jpg,images/test/run_000008_img_3443.jpg
test,3444,run_000008_img_3444,3466072,2048,1536,127676,images/run_000008/shard_0035/run_000008_img_3444.jpg,images/test/run_000008_img_3444.jpg
test,3445,run_000008_img_3445,3467071,2048,1536,127716,images/run_000008/shard_0035/run_000008_img_3445.jpg,images/test/run_000008_img_3445.jpg
test,3446,run_000008_img_3446,3468073,2048,1536,127622,images/run_000008/shard_0035/run_000008_img_3446.jpg,images/test/run_000008_img_3446.jpg
test,3447,run_000008_img_3447,3469072,2048,1536,127599,images/run_000008/shard_0035/run_000008_img_3447.jpg,images/test/run_000008_img_3447.jpg
test,3448,run_000008_img_3448,3470073,2048,1536,127520,images/run_000008/shard_0035/run_000008_img_3448.jpg,images/test/run_000008_img_3448.jpg
test,3449,run_000008_img_3449,3471072,2048,1536,129138,images/run_000008/shard_0035/run_000008_img_3449.jpg,images/test/run_000008_img_3449.jpg
test,3450,run_000008_img_3450,3472073,2048,1536,129150,images/run_000008/shard_0035/run_000008_img_3450.jpg,images/test/run_000008_img_3450.jpg
test,3451,run_000008_img_3451,3473072,2048,1536,129202,images/run_000008/shard_0035/run_000008_img_3451.jpg,images/test/run_000008_img_3451.jpg
test,3452,run_000008_img_3452,3474070,2048,1536,129259,images/run_000008/shard_0035/run_000008_img_3452.jpg,images/test/run_000008_img_3452.jpg
test,3453,run_000008_img_3453,3475071,2048,1536,129343,images/run_000008/shard_0035/run_000008_img_3453.jpg,images/test/run_000008_img_3453.jpg
test,3454,run_000008_img_3454,3476074,2048,1536,129375,images/run_000008/shard_0035/run_000008_img_3454.jpg,images/test/run_000008_img_3454.jpg
test,3455,run_000008_img_3455,3477072,2048,1536,129311,images/run_000008/shard_0035/run_000008_img_3455.jpg,images/test/run_000008_img_3455.jpg
test,3456,run_000008_img_3456,3478073,2048,1536,129388,images/run_000008/shard_0035/run_000008_img_3456.jpg,images/test/run_000008_img_3456.jpg
test,3457,run_000008_img_3457,3479074,2048,1536,129341,images/run_000008/shard_0035/run_000008_img_3457.jpg,images/test/run_000008_img_3457.jpg
test,3458,run_000008_img_3458,3480470,2048,1536,128961,images/run_000008/shard_0035/run_000008_img_3458.jpg,images/test/run_000008_img_3458.jpg
test,3459,run_000008_img_3459,3481370,2048,1536,128878,images/run_000008/shard_0035/run_000008_img_3459.jpg,images/test/run_000008_img_3459.jpg
test,3460,run_000008_img_3460,3482269,2048,1536,128690,images/run_000008/shard_0035/run_000008_img_3460.jpg,images/test/run_000008_img_3460.jpg
test,3461,run_000008_img_3461,3483168,2048,1536,128537,images/run_000008/shard_0035/run_000008_img_3461.jpg,images/test/run_000008_img_3461.jpg
test,3462,run_000008_img_3462,3484073,2048,1536,128219,images/run_000008/shard_0035/run_000008_img_3462.jpg,images/test/run_000008_img_3462.jpg
test,3463,run_000008_img_3463,3485071,2048,1536,127960,images/run_000008/shard_0035/run_000008_img_3463.jpg,images/test/run_000008_img_3463.jpg
test,3464,run_000008_img_3464,3486073,2048,1536,127788,images/run_000008/shard_0035/run_000008_img_3464.jpg,images/test/run_000008_img_3464.jpg
test,3465,run_000008_img_3465,3487073,2048,1536,127693,images/run_000008/shard_0035/run_000008_img_3465.jpg,images/test/run_000008_img_3465.jpg
test,3466,run_000008_img_3466,3488074,2048,1536,127574,images/run_000008/shard_0035/run_000008_img_3466.jpg,images/test/run_000008_img_3466.jpg
test,3467,run_000008_img_3467,3489074,2048,1536,127656,images/run_000008/shard_0035/run_000008_img_3467.jpg,images/test/run_000008_img_3467.jpg
test,3468,run_000008_img_3468,3490074,2048,1536,128041,images/run_000008/shard_0035/run_000008_img_3468.jpg,images/test/run_000008_img_3468.jpg
test,3469,run_000008_img_3469,3491072,2048,1536,128171,images/run_000008/shard_0035/run_000008_img_3469.jpg,images/test/run_000008_img_3469.jpg
test,3470,run_000008_img_3470,3492445,2048,1536,128357,images/run_000008/shard_0035/run_000008_img_3470.jpg,images/test/run_000008_img_3470.jpg
test,3471,run_000008_img_3471,3493330,2048,1536,128454,images/run_000008/shard_0035/run_000008_img_3471.jpg,images/test/run_000008_img_3471.jpg
test,3472,run_000008_img_3472,3494230,2048,1536,128534,images/run_000008/shard_0035/run_000008_img_3472.jpg,images/test/run_000008_img_3472.jpg
test,3473,run_000008_img_3473,3495129,2048,1536,128517,images/run_000008/shard_0035/run_000008_img_3473.jpg,images/test/run_000008_img_3473.jpg
test,3474,run_000008_img_3474,3496074,2048,1536,128537,images/run_000008/shard_0035/run_000008_img_3474.jpg,images/test/run_000008_img_3474.jpg
test,3475,run_000008_img_3475,3497072,2048,1536,128532,images/run_000008/shard_0035/run_000008_img_3475.jpg,images/test/run_000008_img_3475.jpg
test,3476,run_000008_img_3476,3498072,2048,1536,128436,images/run_000008/shard_0035/run_000008_img_3476.jpg,images/test/run_000008_img_3476.jpg
test,3477,run_000008_img_3477,3499073,2048,1536,128490,images/run_000008/shard_0035/run_000008_img_3477.jpg,images/test/run_000008_img_3477.jpg
test,3478,run_000008_img_3478,3500070,2048,1536,128350,images/run_000008/shard_0035/run_000008_img_3478.jpg,images/test/run_000008_img_3478.jpg
test,3479,run_000008_img_3479,3501070,2048,1536,128281,images/run_000008/shard_0035/run_000008_img_3479.jpg,images/test/run_000008_img_3479.jpg
test,3480,run_000008_img_3480,3502073,2048,1536,128296,images/run_000008/shard_0035/run_000008_img_3480.jpg,images/test/run_000008_img_3480.jpg
test,3481,run_000008_img_3481,3503075,2048,1536,128117,images/run_000008/shard_0035/run_000008_img_3481.jpg,images/test/run_000008_img_3481.jpg
test,3482,run_000008_img_3482,3504071,2048,1536,128082,images/run_000008/shard_0035/run_000008_img_3482.jpg,images/test/run_000008_img_3482.jpg
test,3483,run_000008_img_3483,3505073,2048,1536,128232,images/run_000008/shard_0035/run_000008_img_3483.jpg,images/test/run_000008_img_3483.jpg
test,3484,run_000008_img_3484,3506071,2048,1536,128340,images/run_000008/shard_0035/run_000008_img_3484.jpg,images/test/run_000008_img_3484.jpg
test,3485,run_000008_img_3485,3507074,2048,1536,128407,images/run_000008/shard_0035/run_000008_img_3485.jpg,images/test/run_000008_img_3485.jpg
test,3486,run_000008_img_3486,3508079,2048,1536,128593,images/run_000008/shard_0035/run_000008_img_3486.jpg,images/test/run_000008_img_3486.jpg
test,3487,run_000008_img_3487,3509071,2048,1536,128791,images/run_000008/shard_0035/run_000008_img_3487.jpg,images/test/run_000008_img_3487.jpg
test,3488,run_000008_img_3488,3510071,2048,1536,128986,images/run_000008/shard_0035/run_000008_img_3488.jpg,images/test/run_000008_img_3488.jpg
test,3489,run_000008_img_3489,3511073,2048,1536,128989,images/run_000008/shard_0035/run_000008_img_3489.jpg,images/test/run_000008_img_3489.jpg
test,3490,run_000008_img_3490,3512073,2048,1536,129358,images/run_000008/shard_0035/run_000008_img_3490.jpg,images/test/run_000008_img_3490.jpg
test,3491,run_000008_img_3491,3513070,2048,1536,129511,images/run_000008/shard_0035/run_000008_img_3491.jpg,images/test/run_000008_img_3491.jpg
test,3492,run_000008_img_3492,3514104,2048,1536,129652,images/run_000008/shard_0035/run_000008_img_3492.jpg,images/test/run_000008_img_3492.jpg
test,3493,run_000008_img_3493,3515094,2048,1536,129377,images/run_000008/shard_0035/run_000008_img_3493.jpg,images/test/run_000008_img_3493.jpg
test,3494,run_000008_img_3494,3516083,2048,1536,128930,images/run_000008/shard_0035/run_000008_img_3494.jpg,images/test/run_000008_img_3494.jpg
test,3495,run_000008_img_3495,3517522,2048,1536,128954,images/run_000008/shard_0035/run_000008_img_3495.jpg,images/test/run_000008_img_3495.jpg
test,3496,run_000008_img_3496,3518511,2048,1536,128565,images/run_000008/shard_0035/run_000008_img_3496.jpg,images/test/run_000008_img_3496.jpg
test,3497,run_000008_img_3497,3519500,2048,1536,128300,images/run_000008/shard_0035/run_000008_img_3497.jpg,images/test/run_000008_img_3497.jpg
test,3498,run_000008_img_3498,3520489,2048,1536,128140,images/run_000008/shard_0035/run_000008_img_3498.jpg,images/test/run_000008_img_3498.jpg
test,3499,run_000008_img_3499,3521479,2048,1536,128090,images/run_000008/shard_0035/run_000008_img_3499.jpg,images/test/run_000008_img_3499.jpg
test,3500,run_000008_img_3500,3522468,2048,1536,128086,images/run_000008/shard_0035/run_000008_img_3500.jpg,images/test/run_000008_img_3500.jpg
test,3501,run_000008_img_3501,3524129,2048,1536,128295,images/run_000008/shard_0036/run_000008_img_3501.jpg,images/test/run_000008_img_3501.jpg
test,3502,run_000008_img_3502,3525175,2048,1536,129114,images/run_000008/shard_0036/run_000008_img_3502.jpg,images/test/run_000008_img_3502.jpg
test,3503,run_000008_img_3503,3526128,2048,1536,129376,images/run_000008/shard_0036/run_000008_img_3503.jpg,images/test/run_000008_img_3503.jpg
test,3504,run_000008_img_3504,3527130,2048,1536,130332,images/run_000008/shard_0036/run_000008_img_3504.jpg,images/test/run_000008_img_3504.jpg
test,3505,run_000008_img_3505,3528129,2048,1536,131556,images/run_000008/shard_0036/run_000008_img_3505.jpg,images/test/run_000008_img_3505.jpg
test,3506,run_000008_img_3506,3529128,2048,1536,132422,images/run_000008/shard_0036/run_000008_img_3506.jpg,images/test/run_000008_img_3506.jpg
test,3507,run_000008_img_3507,3530129,2048,1536,131907,images/run_000008/shard_0036/run_000008_img_3507.jpg,images/test/run_000008_img_3507.jpg
test,3508,run_000008_img_3508,3531130,2048,1536,134066,images/run_000008/shard_0036/run_000008_img_3508.jpg,images/test/run_000008_img_3508.jpg
test,3509,run_000008_img_3509,3532360,2048,1536,133220,images/run_000008/shard_0036/run_000008_img_3509.jpg,images/test/run_000008_img_3509.jpg
test,3510,run_000008_img_3510,3533131,2048,1536,133291,images/run_000008/shard_0036/run_000008_img_3510.jpg,images/test/run_000008_img_3510.jpg
test,3511,run_000008_img_3511,3534130,2048,1536,131298,images/run_000008/shard_0036/run_000008_img_3511.jpg,images/test/run_000008_img_3511.jpg
test,3512,run_000008_img_3512,3535130,2048,1536,128787,images/run_000008/shard_0036/run_000008_img_3512.jpg,images/test/run_000008_img_3512.jpg
test,3513,run_000008_img_3513,3536129,2048,1536,129222,images/run_000008/shard_0036/run_000008_img_3513.jpg,images/test/run_000008_img_3513.jpg
test,3514,run_000008_img_3514,3537130,2048,1536,128175,images/run_000008/shard_0036/run_000008_img_3514.jpg,images/test/run_000008_img_3514.jpg
test,3515,run_000008_img_3515,3538131,2048,1536,128951,images/run_000008/shard_0036/run_000008_img_3515.jpg,images/test/run_000008_img_3515.jpg
test,3516,run_000008_img_3516,3539132,2048,1536,128465,images/run_000008/shard_0036/run_000008_img_3516.jpg,images/test/run_000008_img_3516.jpg
test,3517,run_000008_img_3517,3540131,2048,1536,127986,images/run_000008/shard_0036/run_000008_img_3517.jpg,images/test/run_000008_img_3517.jpg
test,3518,run_000008_img_3518,3541128,2048,1536,127712,images/run_000008/shard_0036/run_000008_img_3518.jpg,images/test/run_000008_img_3518.jpg
test,3519,run_000008_img_3519,3542132,2048,1536,127500,images/run_000008/shard_0036/run_000008_img_3519.jpg,images/test/run_000008_img_3519.jpg
test,3520,run_000008_img_3520,3543130,2048,1536,127628,images/run_000008/shard_0036/run_000008_img_3520.jpg,images/test/run_000008_img_3520.jpg
test,3521,run_000008_img_3521,3544128,2048,1536,127509,images/run_000008/shard_0036/run_000008_img_3521.jpg,images/test/run_000008_img_3521.jpg
test,3522,run_000008_img_3522,3545132,2048,1536,128491,images/run_000008/shard_0036/run_000008_img_3522.jpg,images/test/run_000008_img_3522.jpg
test,3523,run_000008_img_3523,3546129,2048,1536,128059,images/run_000008/shard_0036/run_000008_img_3523.jpg,images/test/run_000008_img_3523.jpg
test,3524,run_000008_img_3524,3547132,2048,1536,127908,images/run_000008/shard_0036/run_000008_img_3524.jpg,images/test/run_000008_img_3524.jpg
test,3525,run_000008_img_3525,3548128,2048,1536,127469,images/run_000008/shard_0036/run_000008_img_3525.jpg,images/test/run_000008_img_3525.jpg
test,3526,run_000008_img_3526,3549360,2048,1536,127289,images/run_000008/shard_0036/run_000008_img_3526.jpg,images/test/run_000008_img_3526.jpg
test,3527,run_000008_img_3527,3550166,2048,1536,127317,images/run_000008/shard_0036/run_000008_img_3527.jpg,images/test/run_000008_img_3527.jpg
test,3528,run_000008_img_3528,3551132,2048,1536,127196,images/run_000008/shard_0036/run_000008_img_3528.jpg,images/test/run_000008_img_3528.jpg
test,3529,run_000008_img_3529,3552131,2048,1536,127400,images/run_000008/shard_0036/run_000008_img_3529.jpg,images/test/run_000008_img_3529.jpg
test,3530,run_000008_img_3530,3553131,2048,1536,127568,images/run_000008/shard_0036/run_000008_img_3530.jpg,images/test/run_000008_img_3530.jpg
test,3531,run_000008_img_3531,3554393,2048,1536,127781,images/run_000008/shard_0036/run_000008_img_3531.jpg,images/test/run_000008_img_3531.jpg
test,3532,run_000008_img_3532,3555202,2048,1536,128033,images/run_000008/shard_0036/run_000008_img_3532.jpg,images/test/run_000008_img_3532.jpg
test,3533,run_000008_img_3533,3556130,2048,1536,128289,images/run_000008/shard_0036/run_000008_img_3533.jpg,images/test/run_000008_img_3533.jpg
test,3534,run_000008_img_3534,3557132,2048,1536,128525,images/run_000008/shard_0036/run_000008_img_3534.jpg,images/test/run_000008_img_3534.jpg
test,3535,run_000008_img_3535,3558131,2048,1536,128747,images/run_000008/shard_0036/run_000008_img_3535.jpg,images/test/run_000008_img_3535.jpg
test,3536,run_000008_img_3536,3559131,2048,1536,128829,images/run_000008/shard_0036/run_000008_img_3536.jpg,images/test/run_000008_img_3536.jpg
test,3537,run_000008_img_3537,3560130,2048,1536,128635,images/run_000008/shard_0036/run_000008_img_3537.jpg,images/test/run_000008_img_3537.jpg
test,3538,run_000008_img_3538,3561131,2048,1536,128407,images/run_000008/shard_0036/run_000008_img_3538.jpg,images/test/run_000008_img_3538.jpg
test,3539,run_000008_img_3539,3562129,2048,1536,128544,images/run_000008/shard_0036/run_000008_img_3539.jpg,images/test/run_000008_img_3539.jpg
test,3540,run_000008_img_3540,3563130,2048,1536,128340,images/run_000008/shard_0036/run_000008_img_3540.jpg,images/test/run_000008_img_3540.jpg
test,3541,run_000008_img_3541,3564130,2048,1536,128145,images/run_000008/shard_0036/run_000008_img_3541.jpg,images/test/run_000008_img_3541.jpg
test,3542,run_000008_img_3542,3565128,2048,1536,127849,images/run_000008/shard_0036/run_000008_img_3542.jpg,images/test/run_000008_img_3542.jpg
test,3543,run_000008_img_3543,3566128,2048,1536,127725,images/run_000008/shard_0036/run_000008_img_3543.jpg,images/test/run_000008_img_3543.jpg
test,3544,run_000008_img_3544,3567129,2048,1536,127605,images/run_000008/shard_0036/run_000008_img_3544.jpg,images/test/run_000008_img_3544.jpg
test,3545,run_000008_img_3545,3568128,2048,1536,127381,images/run_000008/shard_0036/run_000008_img_3545.jpg,images/test/run_000008_img_3545.jpg
test,3546,run_000008_img_3546,3569129,2048,1536,127416,images/run_000008/shard_0036/run_000008_img_3546.jpg,images/test/run_000008_img_3546.jpg
test,3547,run_000008_img_3547,3570129,2048,1536,127189,images/run_000008/shard_0036/run_000008_img_3547.jpg,images/test/run_000008_img_3547.jpg
test,3548,run_000008_img_3548,3571133,2048,1536,127067,images/run_000008/shard_0036/run_000008_img_3548.jpg,images/test/run_000008_img_3548.jpg
test,3549,run_000008_img_3549,3572130,2048,1536,127040,images/run_000008/shard_0036/run_000008_img_3549.jpg,images/test/run_000008_img_3549.jpg
test,3550,run_000008_img_3550,3573131,2048,1536,126987,images/run_000008/shard_0036/run_000008_img_3550.jpg,images/test/run_000008_img_3550.jpg
test,3551,run_000008_img_3551,3574133,2048,1536,127127,images/run_000008/shard_0036/run_000008_img_3551.jpg,images/test/run_000008_img_3551.jpg
test,3552,run_000008_img_3552,3575132,2048,1536,126867,images/run_000008/shard_0036/run_000008_img_3552.jpg,images/test/run_000008_img_3552.jpg
test,3553,run_000008_img_3553,3576129,2048,1536,126840,images/run_000008/shard_0036/run_000008_img_3553.jpg,images/test/run_000008_img_3553.jpg
test,3554,run_000008_img_3554,3577128,2048,1536,128305,images/run_000008/shard_0036/run_000008_img_3554.jpg,images/test/run_000008_img_3554.jpg
test,3555,run_000008_img_3555,3578132,2048,1536,128299,images/run_000008/shard_0036/run_000008_img_3555.jpg,images/test/run_000008_img_3555.jpg
test,3556,run_000008_img_3556,3579129,2048,1536,128220,images/run_000008/shard_0036/run_000008_img_3556.jpg,images/test/run_000008_img_3556.jpg
test,3557,run_000008_img_3557,3580130,2048,1536,128342,images/run_000008/shard_0036/run_000008_img_3557.jpg,images/test/run_000008_img_3557.jpg
test,3558,run_000008_img_3558,3581468,2048,1536,128330,images/run_000008/shard_0036/run_000008_img_3558.jpg,images/test/run_000008_img_3558.jpg
test,3559,run_000008_img_3559,3582814,2048,1536,128586,images/run_000008/shard_0036/run_000008_img_3559.jpg,images/test/run_000008_img_3559.jpg
test,3560,run_000008_img_3560,3583710,2048,1536,128527,images/run_000008/shard_0036/run_000008_img_3560.jpg,images/test/run_000008_img_3560.jpg
test,3561,run_000008_img_3561,3584609,2048,1536,128792,images/run_000008/shard_0036/run_000008_img_3561.jpg,images/test/run_000008_img_3561.jpg
test,3562,run_000008_img_3562,3585509,2048,1536,128821,images/run_000008/shard_0036/run_000008_img_3562.jpg,images/test/run_000008_img_3562.jpg
test,3563,run_000008_img_3563,3586408,2048,1536,128872,images/run_000008/shard_0036/run_000008_img_3563.jpg,images/test/run_000008_img_3563.jpg
test,3564,run_000008_img_3564,3587307,2048,1536,128851,images/run_000008/shard_0036/run_000008_img_3564.jpg,images/test/run_000008_img_3564.jpg
test,3565,run_000008_img_3565,3588207,2048,1536,128622,images/run_000008/shard_0036/run_000008_img_3565.jpg,images/test/run_000008_img_3565.jpg
test,3566,run_000008_img_3566,3589130,2048,1536,128537,images/run_000008/shard_0036/run_000008_img_3566.jpg,images/test/run_000008_img_3566.jpg
test,3567,run_000008_img_3567,3590132,2048,1536,128555,images/run_000008/shard_0036/run_000008_img_3567.jpg,images/test/run_000008_img_3567.jpg
test,3568,run_000008_img_3568,3591129,2048,1536,128589,images/run_000008/shard_0036/run_000008_img_3568.jpg,images/test/run_000008_img_3568.jpg
test,3569,run_000008_img_3569,3592131,2048,1536,128863,images/run_000008/shard_0036/run_000008_img_3569.jpg,images/test/run_000008_img_3569.jpg
test,3570,run_000008_img_3570,3593128,2048,1536,128876,images/run_000008/shard_0036/run_000008_img_3570.jpg,images/test/run_000008_img_3570.jpg
test,3571,run_000008_img_3571,3594128,2048,1536,128925,images/run_000008/shard_0036/run_000008_img_3571.jpg,images/test/run_000008_img_3571.jpg
test,3572,run_000008_img_3572,3595132,2048,1536,128958,images/run_000008/shard_0036/run_000008_img_3572.jpg,images/test/run_000008_img_3572.jpg
test,3573,run_000008_img_3573,3596129,2048,1536,129005,images/run_000008/shard_0036/run_000008_img_3573.jpg,images/test/run_000008_img_3573.jpg
test,3574,run_000008_img_3574,3597130,2048,1536,129043,images/run_000008/shard_0036/run_000008_img_3574.jpg,images/test/run_000008_img_3574.jpg
test,3575,run_000008_img_3575,3598130,2048,1536,129073,images/run_000008/shard_0036/run_000008_img_3575.jpg,images/test/run_000008_img_3575.jpg
test,3576,run_000008_img_3576,3599130,2048,1536,129138,images/run_000008/shard_0036/run_000008_img_3576.jpg,images/test/run_000008_img_3576.jpg
test,3577,run_000008_img_3577,3600129,2048,1536,129336,images/run_000008/shard_0036/run_000008_img_3577.jpg,images/test/run_000008_img_3577.jpg
test,3578,run_000008_img_3578,3601130,2048,1536,129250,images/run_000008/shard_0036/run_000008_img_3578.jpg,images/test/run_000008_img_3578.jpg
test,3579,run_000008_img_3579,3602129,2048,1536,129377,images/run_000008/shard_0036/run_000008_img_3579.jpg,images/test/run_000008_img_3579.jpg
